2025-08-19 13:30:18.039 | INFO     | __main__:<module>:45 - External poller iniciado.
2025-08-19 13:30:18.078 | INFO     | __main__:main:309 - External poller iniciado.
2025-08-19 13:30:19.153 | INFO     | __main__:main:337 - MOVE 81.82330322265625
2025-08-19 13:30:19.488 | INFO     | __main__:main:352 - GVZ 14.930000305175781
2025-08-19 13:30:19.783 | INFO     | __main__:main:367 - OVX 33.849998474121094
2025-08-19 13:30:20.076 | INFO     | __main__:main:382 - VXN 19.040000915527344
2025-08-19 13:30:20.382 | INFO     | __main__:main:397 - SKEW 153.9499969482422
2025-08-19 13:30:21.063 | INFO     | __main__:_upsert_simple_fred:227 - UST2Y 3.75 (FRED:DGS2)
2025-08-19 13:30:21.381 | INFO     | __main__:_upsert_simple_fred:227 - UST30Y 4.92 (FRED:DGS30)
2025-08-19 13:30:21.707 | INFO     | __main__:_upsert_simple_fred:227 - T10YIE 2.38 (FRED:T10YIE)
2025-08-19 13:30:22.449 | INFO     | __main__:_upsert_simple_fred:227 - REAL10Y 1.95 (FRED:DFII10)
2025-08-19 13:30:23.052 | INFO     | __main__:main:433 - VIX 15.649999618530273
2025-08-19 13:30:24.319 | INFO     | __main__:main:451 - DXY 98.25499725341797 (DX-Y.NYB)
2025-08-19 13:30:25.161 | INFO     | __main__:_upsert_yahoo_price:244 - COPPER 4.426000118255615
2025-08-19 13:30:25.469 | INFO     | __main__:_upsert_yahoo_price:244 - GOLD_FUT 3361.89990234375
2025-08-19 13:30:26.214 | INFO     | __main__:_upsert_yahoo_price:244 - HYG 80.38999938964844
2025-08-19 13:30:26.883 | INFO     | __main__:_upsert_yahoo_price:244 - LQD 109.75499725341797
2025-08-19 13:30:27.586 | INFO     | __main__:main:505 - UST10Y 4.33% (stored=0.0433) FRED
2025-08-19 13:30:28.304 | INFO     | __main__:_upsert_simple_fred:227 - NFCI -0.54493 (FRED:NFCI)
2025-08-19 13:30:28.722 | INFO     | __main__:_upsert_simple_fred:227 - SOFR 4.34 (FRED:SOFR)
2025-08-19 13:30:29.388 | INFO     | __main__:_upsert_simple_fred:227 - ON_RRP 22.344 (FRED:RRPONTSYD)
2025-08-19 13:30:30.046 | INFO     | __main__:_upsert_simple_fred:227 - DBAA 6.04 (FRED:DBAA)
2025-08-19 13:30:30.957 | INFO     | __main__:_upsert_simple_fred:227 - DAAA 5.39 (FRED:DAAA)
2025-08-19 13:30:32.183 | INFO     | __main__:main:573 - CRYPTO F&G 56.0 (Greed)
2025-08-19 13:30:41.986 | WARNING  | __main__:main:593 - PCR no disponible (CSV y HTML fallaron).
2025-08-19 13:30:42.599 | WARNING  | __main__:main:617 - GPR no disponible (CSV candidates fallaron).
2025-08-19 13:30:43.043 | INFO     | __main__:main:635 - HY OAS 2.88
2025-08-19 13:30:45.510 | INFO     | __main__:main:652 - IG OAS 0.75
2025-08-19 13:30:52.852 | INFO     | __main__:main:678 - CALENDAR_BLOCK 0 | next=None
2025-08-19 13:30:52.859 | INFO     | __main__:main:716 - SPREAD_2S10S -3.7067
2025-08-19 13:30:52.864 | INFO     | __main__:main:748 - HYG_LQD_RATIO 0.7324495594859572
2025-08-19 13:30:52.869 | INFO     | __main__:main:780 - COPPER_GOLD_RATIO 0.0013165175189094795
2025-08-19 13:31:00.102 | INFO     | __main__:main:803 - BREADTH 200d 76.0% (38/50)
2025-08-19 13:31:05.819 | INFO     | __main__:main:826 - BREADTH 50d 74.0% (37/50)
2025-08-19 13:31:10.440 | INFO     | __main__:main:850 - ADV-DEC 2.0 (A:26 D:24 U:0)
2025-08-19 13:31:10.814 | INFO     | __main__:main:873 - RELVOL_SPY_20D 0.62 (vol 42698085 / avg20 68992899)
2025-08-19 13:31:11.017 | INFO     | __main__:main:873 - RELVOL_QQQ_20D 0.91 (vol 39458639 / avg20 43301182)
2025-08-19 13:31:11.190 | INFO     | __main__:main:873 - RELVOL_HYG_20D 0.44 (vol 14017407 / avg20 31602715)
2025-08-19 13:31:11.412 | INFO     | __main__:main:873 - RELVOL_LQD_20D 0.71 (vol 18014899 / avg20 25519895)
2025-08-19 13:31:14.230 | INFO     | __main__:main:894 - FNG_STOCKS 52.0 via https://edition.cnn.com/markets/fear-and-greed
2025-08-19 13:31:18.530 | INFO     | __main__:main:433 - VIX 15.649999618530273
2025-08-19 13:31:18.836 | INFO     | __main__:main:451 - DXY 98.25499725341797 (DX-Y.NYB)
2025-08-19 13:32:25.507 | INFO     | __main__:<module>:45 - External poller iniciado.
2025-08-19 13:32:25.551 | INFO     | __main__:main:309 - External poller iniciado.
2025-08-19 13:32:27.047 | INFO     | __main__:main:337 - MOVE 81.82330322265625
2025-08-19 13:32:27.354 | INFO     | __main__:main:352 - GVZ 14.920000076293945
2025-08-19 13:32:27.644 | INFO     | __main__:main:367 - OVX 34.04999923706055
2025-08-19 13:32:27.941 | INFO     | __main__:main:382 - VXN 19.059999465942383
2025-08-19 13:32:28.226 | ERROR    | __main__:main:903 - Ciclo error: 'currentTradingPeriod'
Traceback (most recent call last):
  File "<frozen runpy>", line 198, in _run_module_as_main
  File "<frozen runpy>", line 88, in _run_code
  File "C:\Users\telmo\OneDrive\Escritorio\pro_trading\scripts\run_external_to_macro.py", line 918, in <module>
    main()
> File "C:\Users\telmo\OneDrive\Escritorio\pro_trading\scripts\run_external_to_macro.py", line 387, in main
    q = get_skew_quote()
  File "C:\Users\telmo\OneDrive\Escritorio\pro_trading\src\sources\yahoo_source.py", line 157, in get_skew_quote
    return get_yahoo_index_quote("^SKEW")
  File "C:\Users\telmo\OneDrive\Escritorio\pro_trading\src\sources\yahoo_source.py", line 130, in get_yahoo_index_quote
    if info and getattr(info, "last_price", None) is not None:
  File "C:\Users\telmo\OneDrive\Escritorio\pro_trading\.venv\Lib\site-packages\yfinance\scrapers\quote.py", line 251, in last_price
    prices = self._get_1y_prices()
  File "C:\Users\telmo\OneDrive\Escritorio\pro_trading\.venv\Lib\site-packages\yfinance\scrapers\quote.py", line 136, in _get_1y_prices
    ctp = self._md["currentTradingPeriod"]
KeyError: 'currentTradingPeriod'
2025-08-19 13:32:32.681 | INFO     | __main__:main:397 - SKEW 153.9499969482422
2025-08-19 13:32:33.260 | INFO     | __main__:_upsert_simple_fred:227 - UST2Y 3.75 (FRED:DGS2)
2025-08-19 13:32:33.837 | INFO     | __main__:_upsert_simple_fred:227 - UST30Y 4.92 (FRED:DGS30)
2025-08-19 13:32:34.524 | INFO     | __main__:_upsert_simple_fred:227 - T10YIE 2.38 (FRED:T10YIE)
2025-08-19 13:32:42.679 | INFO     | __main__:<module>:45 - External poller iniciado.
2025-08-19 13:32:42.731 | INFO     | __main__:main:309 - External poller iniciado.
2025-08-19 13:32:44.393 | INFO     | __main__:main:337 - MOVE 81.82330322265625
2025-08-19 13:32:44.741 | INFO     | __main__:main:352 - GVZ 14.920000076293945
2025-08-19 13:32:45.019 | INFO     | __main__:main:367 - OVX 34.060001373291016
2025-08-19 13:32:45.317 | INFO     | __main__:main:382 - VXN 19.06999969482422
2025-08-19 13:32:45.618 | INFO     | __main__:main:397 - SKEW 153.9499969482422
2025-08-19 13:32:45.938 | INFO     | __main__:_upsert_simple_fred:227 - UST2Y 3.75 (FRED:DGS2)
2025-08-19 13:32:46.272 | INFO     | __main__:_upsert_simple_fred:227 - UST30Y 4.92 (FRED:DGS30)
2025-08-19 13:32:46.904 | INFO     | __main__:_upsert_simple_fred:227 - T10YIE 2.38 (FRED:T10YIE)
2025-08-19 13:32:48.243 | INFO     | src.sources.mt5_source:connect:63 - [MT5] initialize path=OFF ok=True err=(1, 'Success')
2025-08-19 13:32:48.321 | INFO     | __main__:_upsert_simple_fred:227 - REAL10Y 1.95 (FRED:DFII10)
2025-08-19 13:32:48.546 | INFO     | src.sources.mt5_source:connect:95 - [MT5] attach-only: terminal=TerminalInfo(community_account=False, community_connection=False, connected=True, dlls_allowed=True, trade_allowed=True, tradeapi_disabled=False, email_enabled=False, ftp_enabled=False, notifications_enabled=True, mqid=True, build=5200, maxbars=100000000, codepage=0, ping_last=165713, community_balance=0.0, retransmission=0.23973008168580562, company='FundedNext Ltd', name='FundedNext MT5 Terminal', language='English', path='C:\\Program Files\\FundedNext MT5 Terminal', data_path='C:\\Users\\telmo\\AppData\\Roaming\\MetaQuotes\\Terminal\\89FE26BBBAB28C077BBF5FA8C1B4DF1C', commondata_path='C:\\Users\\telmo\\AppData\\Roaming\\MetaQuotes\\Terminal\\Common') account=AccountInfo(login=13633823, trade_mode=2, leverage=30, limit_orders=200, margin_so_mode=0, trade_allowed=True, trade_expert=True, margin_mode=2, currency_digits=2, fifo_close=False, balance=14616.75, credit=0.0, profit=0.0, equity=14616.75, margin=0.0, margin_free=14616.75, margin_level=0.0, margin_so_call=100.0, margin_so_so=30.0, margin_initial=0.0, margin_maintenance=0.0, assets=0.0, liabilities=0.0, commission_blocked=0.0, name='FundedNext-STLR 1-Step- telmo fernandez', server='FundedNext-Server 2', currency='USD', company='FundedNext Ltd')
2025-08-19 13:32:48.568 | INFO     | __main__:main:159 - MT5 → Timescale poller iniciado. Intervalo=5s | DB=localhost:5432/trading
2025-08-19 13:32:48.626 | INFO     | __main__:job:146 - MT5 cycle: features=6 inserted=6 skipped=0
2025-08-19 13:32:49.213 | INFO     | __main__:main:433 - VIX 15.6899995803833
2025-08-19 13:32:49.811 | INFO     | __main__:main:451 - DXY 98.2509994506836 (DX-Y.NYB)
2025-08-19 13:32:50.462 | INFO     | __main__:_upsert_yahoo_price:244 - COPPER 4.427000045776367
2025-08-19 13:32:50.736 | INFO     | __main__:_upsert_yahoo_price:244 - GOLD_FUT 3362.300048828125
2025-08-19 13:32:51.079 | INFO     | __main__:_upsert_yahoo_price:244 - HYG 80.4000015258789
2025-08-19 13:32:51.756 | INFO     | __main__:_upsert_yahoo_price:244 - LQD 109.76000213623047
2025-08-19 13:32:52.524 | INFO     | __main__:main:505 - UST10Y 4.33% (stored=0.0433) FRED
2025-08-19 13:32:52.931 | INFO     | __main__:_upsert_simple_fred:227 - NFCI -0.54493 (FRED:NFCI)
2025-08-19 13:32:53.352 | INFO     | __main__:_upsert_simple_fred:227 - SOFR 4.34 (FRED:SOFR)
2025-08-19 13:32:53.681 | INFO     | __main__:job:146 - MT5 cycle: features=6 inserted=6 skipped=0
2025-08-19 13:32:53.758 | INFO     | __main__:_upsert_simple_fred:227 - ON_RRP 22.344 (FRED:RRPONTSYD)
2025-08-19 13:32:54.200 | INFO     | __main__:_upsert_simple_fred:227 - DBAA 6.04 (FRED:DBAA)
2025-08-19 13:32:54.542 | INFO     | __main__:_upsert_simple_fred:227 - DAAA 5.39 (FRED:DAAA)
2025-08-19 13:32:56.000 | INFO     | __main__:main:573 - CRYPTO F&G 56.0 (Greed)
2025-08-19 13:32:58.731 | INFO     | __main__:job:146 - MT5 cycle: features=6 inserted=6 skipped=0
2025-08-19 13:33:03.507 | WARNING  | __main__:main:593 - PCR no disponible (CSV y HTML fallaron).
2025-08-19 13:33:03.766 | INFO     | __main__:job:146 - MT5 cycle: features=6 inserted=6 skipped=0
2025-08-19 13:33:03.835 | WARNING  | __main__:main:617 - GPR no disponible (CSV candidates fallaron).
2025-08-19 13:33:04.162 | INFO     | __main__:main:635 - HY OAS 2.88
2025-08-19 13:33:04.596 | INFO     | __main__:main:652 - IG OAS 0.75
2025-08-19 13:33:07.389 | INFO     | __main__:main:678 - CALENDAR_BLOCK 0 | next=None
2025-08-19 13:33:07.396 | INFO     | __main__:main:716 - SPREAD_2S10S -3.7067
2025-08-19 13:33:07.400 | INFO     | __main__:main:748 - HYG_LQD_RATIO 0.7325072882750958
2025-08-19 13:33:07.405 | INFO     | __main__:main:780 - COPPER_GOLD_RATIO 0.001316658234389083
2025-08-19 13:33:08.846 | INFO     | __main__:job:146 - MT5 cycle: features=6 inserted=6 skipped=0
2025-08-19 13:33:10.305 | INFO     | __main__:main:803 - BREADTH 200d 76.0% (38/50)
2025-08-19 13:33:13.885 | INFO     | __main__:job:146 - MT5 cycle: features=6 inserted=6 skipped=0
2025-08-19 13:33:14.052 | INFO     | __main__:main:826 - BREADTH 50d 74.0% (37/50)
2025-08-19 13:33:18.928 | INFO     | __main__:job:146 - MT5 cycle: features=6 inserted=6 skipped=0
2025-08-19 13:33:23.981 | INFO     | __main__:job:146 - MT5 cycle: features=6 inserted=6 skipped=0
2025-08-19 13:33:24.997 | INFO     | __main__:main:850 - ADV-DEC 2.0 (A:26 D:24 U:0)
2025-08-19 13:33:25.379 | INFO     | __main__:main:873 - RELVOL_SPY_20D 0.62 (vol 42844370 / avg20 69000214)
2025-08-19 13:33:25.572 | INFO     | __main__:main:873 - RELVOL_QQQ_20D 0.91 (vol 39567067 / avg20 43306603)
2025-08-19 13:33:25.758 | INFO     | __main__:main:873 - RELVOL_HYG_20D 0.44 (vol 14056655 / avg20 31604678)
2025-08-19 13:33:25.952 | INFO     | __main__:main:873 - RELVOL_LQD_20D 0.71 (vol 18110224 / avg20 25524661)
2025-08-19 13:33:27.991 | INFO     | __main__:main:894 - FNG_STOCKS 52.0 via https://edition.cnn.com/markets/fear-and-greed
2025-08-19 13:33:29.023 | INFO     | __main__:job:146 - MT5 cycle: features=6 inserted=6 skipped=0
2025-08-19 13:33:34.074 | INFO     | __main__:job:146 - MT5 cycle: features=6 inserted=6 skipped=0
2025-08-19 13:33:39.127 | INFO     | __main__:job:146 - MT5 cycle: features=6 inserted=6 skipped=0
2025-08-19 13:33:44.199 | INFO     | __main__:job:146 - MT5 cycle: features=6 inserted=6 skipped=0
2025-08-19 13:33:44.308 | INFO     | __main__:main:433 - VIX 15.6899995803833
2025-08-19 13:33:44.627 | INFO     | __main__:main:451 - DXY 98.24600219726562 (DX-Y.NYB)
2025-08-19 13:33:49.240 | INFO     | __main__:job:146 - MT5 cycle: features=6 inserted=6 skipped=0
2025-08-19 13:33:54.312 | INFO     | __main__:job:146 - MT5 cycle: features=6 inserted=6 skipped=0
2025-08-19 13:33:55.761 | INFO     | __main__:load_rules:78 - Cargando reglas: configs/fundamental_rules.yaml
2025-08-19 13:33:55.787 | INFO     | __main__:load_rules:91 - Reglas cargadas | groups=%d hard_blocks=%d risk_bands=%d scenarios=%d
2025-08-19 13:33:55.787 | INFO     | __main__:main:591 - Arrancando evaluator | DB=%s:%d/%s fast=%ss slow=%ss rules=%s
2025-08-19 13:33:55.817 | DEBUG    | __main__:get_latest_features:144 - Snapshot macro | rows=%d | ms=%d
2025-08-19 13:33:55.818 | INFO     | __main__:evaluate_tier:442 - Eval %s | can_open_new=%s rm=%.2f band=%s hb=%s scen=%d groups=%s missing=%d snap=%d | ms=%d
2025-08-19 13:33:55.824 | INFO     | __main__:insert_macro_state:188 - Insert macro_state | tier=%s rm=%.2f groups=%s prio=%d avoid=%d hb=%s | ms=%d
2025-08-19 13:33:55.824 | DEBUG    | __main__:main:628 - FAST ok | ms=%d
2025-08-19 13:33:55.827 | DEBUG    | __main__:get_latest_features:144 - Snapshot macro | rows=%d | ms=%d
2025-08-19 13:33:55.827 | INFO     | __main__:evaluate_tier:442 - Eval %s | can_open_new=%s rm=%.2f band=%s hb=%s scen=%d groups=%s missing=%d snap=%d | ms=%d
2025-08-19 13:33:55.831 | INFO     | __main__:insert_macro_state:188 - Insert macro_state | tier=%s rm=%.2f groups=%s prio=%d avoid=%d hb=%s | ms=%d
2025-08-19 13:33:55.832 | INFO     | __main__:fuse_states:547 - FUSE | allow=%s risk=%s -> can_open_new=%s rm=%.2f groups=%s prio=%d avoid=%d
2025-08-19 13:33:55.836 | INFO     | __main__:insert_macro_state:188 - Insert macro_state | tier=%s rm=%.2f groups=%s prio=%d avoid=%d hb=%s | ms=%d
2025-08-19 13:33:55.836 | DEBUG    | __main__:main:667 - SLOW(+FUSED) ok | ms=%d
2025-08-19 13:33:55.837 | DEBUG    | __main__:main:684 - Loop ms=%d
2025-08-19 13:33:55.865 | DEBUG    | __main__:main:680 - Idle tick.
2025-08-19 13:33:56.902 | DEBUG    | __main__:main:680 - Idle tick.
2025-08-19 13:33:57.926 | DEBUG    | __main__:main:680 - Idle tick.
2025-08-19 13:33:58.963 | DEBUG    | __main__:main:680 - Idle tick.
2025-08-19 13:33:59.349 | INFO     | __main__:job:146 - MT5 cycle: features=6 inserted=6 skipped=0
2025-08-19 13:33:59.988 | DEBUG    | __main__:main:680 - Idle tick.
2025-08-19 13:34:01.013 | DEBUG    | __main__:main:680 - Idle tick.
2025-08-19 13:34:02.040 | DEBUG    | __main__:main:680 - Idle tick.
2025-08-19 13:34:03.056 | DEBUG    | __main__:main:680 - Idle tick.
2025-08-19 13:34:04.084 | DEBUG    | __main__:main:680 - Idle tick.
2025-08-19 13:34:04.416 | INFO     | __main__:job:146 - MT5 cycle: features=6 inserted=6 skipped=0
2025-08-19 13:34:05.113 | DEBUG    | __main__:main:680 - Idle tick.
2025-08-19 13:34:06.136 | DEBUG    | __main__:main:680 - Idle tick.
2025-08-19 13:34:07.163 | DEBUG    | __main__:main:680 - Idle tick.
2025-08-19 13:34:08.183 | DEBUG    | __main__:main:680 - Idle tick.
2025-08-19 13:34:09.212 | DEBUG    | __main__:main:680 - Idle tick.
2025-08-19 13:34:09.452 | INFO     | __main__:job:146 - MT5 cycle: features=6 inserted=6 skipped=0
2025-08-19 13:34:10.230 | DEBUG    | __main__:main:680 - Idle tick.
2025-08-19 13:34:11.258 | DEBUG    | __main__:main:680 - Idle tick.
2025-08-19 13:34:12.289 | DEBUG    | __main__:main:680 - Idle tick.
2025-08-19 13:34:13.312 | DEBUG    | __main__:main:680 - Idle tick.
2025-08-19 13:34:14.347 | DEBUG    | __main__:main:680 - Idle tick.
2025-08-19 13:34:14.506 | INFO     | __main__:job:146 - MT5 cycle: features=6 inserted=6 skipped=0
2025-08-19 13:34:15.383 | DEBUG    | __main__:main:680 - Idle tick.
2025-08-19 13:34:16.405 | DEBUG    | __main__:main:680 - Idle tick.
2025-08-19 13:34:17.439 | DEBUG    | __main__:main:680 - Idle tick.
2025-08-19 13:34:18.465 | DEBUG    | __main__:main:680 - Idle tick.
2025-08-19 13:34:19.492 | DEBUG    | __main__:main:680 - Idle tick.
2025-08-19 13:34:19.573 | INFO     | __main__:job:146 - MT5 cycle: features=6 inserted=6 skipped=0
2025-08-19 13:34:20.517 | DEBUG    | __main__:main:680 - Idle tick.
2025-08-19 13:34:21.535 | DEBUG    | __main__:main:680 - Idle tick.
2025-08-19 13:34:22.558 | DEBUG    | __main__:main:680 - Idle tick.
2025-08-19 13:34:23.584 | DEBUG    | __main__:main:680 - Idle tick.
2025-08-19 13:34:24.615 | INFO     | __main__:job:146 - MT5 cycle: features=6 inserted=6 skipped=0
2025-08-19 13:34:24.619 | DEBUG    | __main__:main:680 - Idle tick.
2025-08-19 13:34:25.657 | DEBUG    | __main__:main:680 - Idle tick.
2025-08-19 13:34:26.678 | DEBUG    | __main__:main:680 - Idle tick.
2025-08-19 13:34:27.691 | DEBUG    | __main__:main:680 - Idle tick.
2025-08-19 13:34:28.709 | DEBUG    | __main__:main:680 - Idle tick.
2025-08-19 13:34:29.669 | INFO     | __main__:job:146 - MT5 cycle: features=6 inserted=6 skipped=0
2025-08-19 13:34:29.722 | DEBUG    | __main__:main:680 - Idle tick.
2025-08-19 13:34:30.754 | DEBUG    | __main__:main:680 - Idle tick.
2025-08-19 13:34:31.778 | DEBUG    | __main__:main:680 - Idle tick.
2025-08-19 13:34:32.819 | DEBUG    | __main__:main:680 - Idle tick.
2025-08-19 13:34:33.853 | DEBUG    | __main__:main:680 - Idle tick.
2025-08-19 13:34:34.750 | INFO     | __main__:job:146 - MT5 cycle: features=6 inserted=6 skipped=0
2025-08-19 13:34:34.878 | DEBUG    | __main__:main:680 - Idle tick.
2025-08-19 13:34:35.903 | DEBUG    | __main__:main:680 - Idle tick.
2025-08-19 13:34:36.926 | DEBUG    | __main__:main:680 - Idle tick.
2025-08-19 13:34:37.957 | DEBUG    | __main__:main:680 - Idle tick.
2025-08-19 13:34:38.977 | DEBUG    | __main__:main:680 - Idle tick.
2025-08-19 13:34:39.808 | INFO     | __main__:job:146 - MT5 cycle: features=6 inserted=6 skipped=0
2025-08-19 13:34:40.009 | DEBUG    | __main__:main:680 - Idle tick.
2025-08-19 13:34:41.038 | DEBUG    | __main__:main:680 - Idle tick.
2025-08-19 13:34:42.078 | DEBUG    | __main__:main:680 - Idle tick.
2025-08-19 13:34:43.108 | DEBUG    | __main__:main:680 - Idle tick.
2025-08-19 13:34:44.133 | DEBUG    | __main__:main:680 - Idle tick.
2025-08-19 13:34:44.872 | INFO     | __main__:job:146 - MT5 cycle: features=6 inserted=6 skipped=0
2025-08-19 13:34:45.159 | DEBUG    | __main__:main:680 - Idle tick.
2025-08-19 13:34:45.715 | INFO     | __main__:main:433 - VIX 15.6899995803833
2025-08-19 13:34:46.085 | INFO     | __main__:main:451 - DXY 98.23899841308594 (DX-Y.NYB)
2025-08-19 13:34:46.176 | DEBUG    | __main__:main:680 - Idle tick.
2025-08-19 13:34:47.202 | DEBUG    | __main__:main:680 - Idle tick.
2025-08-19 13:34:48.240 | DEBUG    | __main__:main:680 - Idle tick.
2025-08-19 13:34:49.274 | DEBUG    | __main__:main:680 - Idle tick.
2025-08-19 13:34:49.947 | INFO     | __main__:job:146 - MT5 cycle: features=6 inserted=6 skipped=0
2025-08-19 13:34:50.292 | DEBUG    | __main__:main:680 - Idle tick.
2025-08-19 13:34:51.333 | DEBUG    | __main__:main:680 - Idle tick.
2025-08-19 13:34:52.364 | DEBUG    | __main__:main:680 - Idle tick.
2025-08-19 13:34:53.385 | DEBUG    | __main__:main:680 - Idle tick.
2025-08-19 13:34:54.404 | DEBUG    | __main__:main:680 - Idle tick.
2025-08-19 13:34:55.017 | INFO     | __main__:job:146 - MT5 cycle: features=6 inserted=6 skipped=0
2025-08-19 13:34:55.439 | DEBUG    | __main__:main:680 - Idle tick.
2025-08-19 13:34:56.462 | DEBUG    | __main__:main:680 - Idle tick.
2025-08-19 13:34:57.488 | DEBUG    | __main__:main:680 - Idle tick.
2025-08-19 13:34:58.512 | DEBUG    | __main__:main:680 - Idle tick.
2025-08-19 13:34:59.530 | DEBUG    | __main__:main:680 - Idle tick.
2025-08-19 13:35:00.058 | INFO     | __main__:job:146 - MT5 cycle: features=6 inserted=6 skipped=0
2025-08-19 13:35:00.551 | DEBUG    | __main__:main:680 - Idle tick.
2025-08-19 13:35:01.568 | DEBUG    | __main__:main:680 - Idle tick.
2025-08-19 13:35:02.590 | DEBUG    | __main__:main:680 - Idle tick.
2025-08-19 13:35:03.611 | DEBUG    | __main__:main:680 - Idle tick.
2025-08-19 13:35:04.643 | DEBUG    | __main__:main:680 - Idle tick.
2025-08-19 13:35:05.121 | INFO     | __main__:job:146 - MT5 cycle: features=6 inserted=6 skipped=0
2025-08-19 13:35:05.671 | DEBUG    | __main__:main:680 - Idle tick.
2025-08-19 13:35:06.713 | DEBUG    | __main__:main:680 - Idle tick.
2025-08-19 13:35:07.739 | DEBUG    | __main__:main:680 - Idle tick.
2025-08-19 13:35:08.762 | DEBUG    | __main__:main:680 - Idle tick.
2025-08-19 13:35:09.794 | DEBUG    | __main__:main:680 - Idle tick.
2025-08-19 13:35:10.175 | INFO     | __main__:job:146 - MT5 cycle: features=6 inserted=6 skipped=0
2025-08-19 13:35:10.807 | DEBUG    | __main__:main:680 - Idle tick.
2025-08-19 13:35:11.835 | DEBUG    | __main__:main:680 - Idle tick.
2025-08-19 13:35:12.859 | DEBUG    | __main__:main:680 - Idle tick.
2025-08-19 13:35:13.885 | DEBUG    | __main__:main:680 - Idle tick.
2025-08-19 13:35:14.918 | DEBUG    | __main__:main:680 - Idle tick.
2025-08-19 13:35:15.209 | INFO     | __main__:job:146 - MT5 cycle: features=6 inserted=6 skipped=0
2025-08-19 13:35:15.954 | DEBUG    | __main__:main:680 - Idle tick.
2025-08-19 13:35:16.977 | DEBUG    | __main__:main:680 - Idle tick.
2025-08-19 13:35:17.991 | DEBUG    | __main__:main:680 - Idle tick.
2025-08-19 13:35:19.022 | DEBUG    | __main__:main:680 - Idle tick.
2025-08-19 13:35:20.048 | DEBUG    | __main__:main:680 - Idle tick.
2025-08-19 13:35:20.288 | INFO     | __main__:job:146 - MT5 cycle: features=6 inserted=6 skipped=0
2025-08-19 13:35:21.071 | DEBUG    | __main__:main:680 - Idle tick.
2025-08-19 13:35:22.093 | DEBUG    | __main__:main:680 - Idle tick.
2025-08-19 13:35:23.108 | DEBUG    | __main__:main:680 - Idle tick.
2025-08-19 13:35:24.129 | DEBUG    | __main__:main:680 - Idle tick.
2025-08-19 13:35:25.144 | DEBUG    | __main__:main:680 - Idle tick.
2025-08-19 13:35:25.338 | INFO     | __main__:job:146 - MT5 cycle: features=6 inserted=6 skipped=0
2025-08-19 13:35:26.163 | DEBUG    | __main__:main:680 - Idle tick.
2025-08-19 13:35:27.193 | DEBUG    | __main__:main:680 - Idle tick.
2025-08-19 13:35:28.223 | DEBUG    | __main__:main:680 - Idle tick.
2025-08-19 13:35:29.236 | DEBUG    | __main__:main:680 - Idle tick.
2025-08-19 13:35:30.256 | DEBUG    | __main__:main:680 - Idle tick.
2025-08-19 13:35:30.400 | INFO     | __main__:job:146 - MT5 cycle: features=6 inserted=6 skipped=0
2025-08-19 13:35:31.291 | DEBUG    | __main__:main:680 - Idle tick.
2025-08-19 13:35:32.313 | DEBUG    | __main__:main:680 - Idle tick.
2025-08-19 13:35:33.340 | DEBUG    | __main__:main:680 - Idle tick.
2025-08-19 13:35:34.357 | DEBUG    | __main__:main:680 - Idle tick.
2025-08-19 13:35:35.399 | DEBUG    | __main__:main:680 - Idle tick.
2025-08-19 13:35:35.448 | INFO     | __main__:job:146 - MT5 cycle: features=6 inserted=6 skipped=0
2025-08-19 13:35:36.433 | DEBUG    | __main__:main:680 - Idle tick.
2025-08-19 13:35:37.469 | DEBUG    | __main__:main:680 - Idle tick.
2025-08-19 13:35:38.502 | DEBUG    | __main__:main:680 - Idle tick.
2025-08-19 13:35:39.539 | DEBUG    | __main__:main:680 - Idle tick.
2025-08-19 13:35:40.504 | INFO     | __main__:job:146 - MT5 cycle: features=6 inserted=6 skipped=0
2025-08-19 13:35:40.567 | DEBUG    | __main__:main:680 - Idle tick.
2025-08-19 13:35:41.601 | DEBUG    | __main__:main:680 - Idle tick.
2025-08-19 13:35:42.636 | DEBUG    | __main__:main:680 - Idle tick.
2025-08-19 13:35:43.665 | DEBUG    | __main__:main:680 - Idle tick.
2025-08-19 13:35:44.689 | DEBUG    | __main__:main:680 - Idle tick.
2025-08-19 13:35:45.567 | INFO     | __main__:job:146 - MT5 cycle: features=6 inserted=6 skipped=0
2025-08-19 13:35:45.725 | DEBUG    | __main__:main:680 - Idle tick.
2025-08-19 13:35:46.469 | INFO     | __main__:main:433 - VIX 15.710000038146973
2025-08-19 13:35:46.745 | DEBUG    | __main__:main:680 - Idle tick.
2025-08-19 13:35:46.771 | INFO     | __main__:main:451 - DXY 98.2490005493164 (DX-Y.NYB)
2025-08-19 13:35:47.765 | DEBUG    | __main__:main:680 - Idle tick.
2025-08-19 13:35:48.793 | DEBUG    | __main__:main:680 - Idle tick.
2025-08-19 13:35:49.814 | DEBUG    | __main__:main:680 - Idle tick.
2025-08-19 13:35:50.616 | INFO     | __main__:job:146 - MT5 cycle: features=6 inserted=6 skipped=0
2025-08-19 13:35:50.843 | DEBUG    | __main__:main:680 - Idle tick.
2025-08-19 13:35:51.883 | DEBUG    | __main__:main:680 - Idle tick.
2025-08-19 13:35:52.910 | DEBUG    | __main__:main:680 - Idle tick.
2025-08-19 13:35:53.937 | DEBUG    | __main__:main:680 - Idle tick.
2025-08-19 13:35:54.966 | DEBUG    | __main__:main:680 - Idle tick.
2025-08-19 13:35:55.666 | INFO     | __main__:job:146 - MT5 cycle: features=6 inserted=6 skipped=0
2025-08-19 13:35:55.985 | DEBUG    | __main__:main:680 - Idle tick.
2025-08-19 13:35:57.013 | DEBUG    | __main__:main:680 - Idle tick.
2025-08-19 13:35:58.036 | DEBUG    | __main__:main:680 - Idle tick.
2025-08-19 13:35:59.062 | DEBUG    | __main__:main:680 - Idle tick.
2025-08-19 13:36:00.089 | DEBUG    | __main__:main:680 - Idle tick.
2025-08-19 13:36:00.713 | INFO     | __main__:job:146 - MT5 cycle: features=6 inserted=6 skipped=0
2025-08-19 13:36:01.112 | DEBUG    | __main__:main:680 - Idle tick.
2025-08-19 13:36:02.070 | INFO     | __main__:main:139 - Watchdog iniciado | every=%ss | FEATURE_THR=%ss | fast/slow/fused=%s/%s/%s
2025-08-19 13:36:02.115 | WARNING  | __main__:check_features:92 - ⚠️ feature_lag | %s age=%ss > thr=%ss | %s
2025-08-19 13:36:02.126 | DEBUG    | __main__:main:680 - Idle tick.
2025-08-19 13:36:02.127 | WARNING  | __main__:check_features:92 - ⚠️ feature_lag | %s age=%ss > thr=%ss | %s
2025-08-19 13:36:02.130 | WARNING  | __main__:check_features:92 - ⚠️ feature_lag | %s age=%ss > thr=%ss | %s
2025-08-19 13:36:02.132 | WARNING  | __main__:check_features:92 - ⚠️ feature_lag | %s age=%ss > thr=%ss | %s
2025-08-19 13:36:02.134 | WARNING  | __main__:check_features:92 - ⚠️ feature_lag | %s age=%ss > thr=%ss | %s
2025-08-19 13:36:02.137 | WARNING  | __main__:check_features:92 - ⚠️ feature_lag | %s age=%ss > thr=%ss | %s
2025-08-19 13:36:02.142 | WARNING  | __main__:check_features:92 - ⚠️ feature_lag | %s age=%ss > thr=%ss | %s
2025-08-19 13:36:02.145 | WARNING  | __main__:check_features:92 - ⚠️ feature_lag | %s age=%ss > thr=%ss | %s
2025-08-19 13:36:02.147 | WARNING  | __main__:check_features:92 - ⚠️ feature_lag | %s age=%ss > thr=%ss | %s
2025-08-19 13:36:02.150 | WARNING  | __main__:check_features:92 - ⚠️ feature_lag | %s age=%ss > thr=%ss | %s
2025-08-19 13:36:02.152 | WARNING  | __main__:check_features:92 - ⚠️ feature_lag | %s age=%ss > thr=%ss | %s
2025-08-19 13:36:02.155 | WARNING  | __main__:check_features:92 - ⚠️ feature_lag | %s age=%ss > thr=%ss | %s
2025-08-19 13:36:02.157 | WARNING  | __main__:check_features:92 - ⚠️ feature_lag | %s age=%ss > thr=%ss | %s
2025-08-19 13:36:02.160 | WARNING  | __main__:check_features:92 - ⚠️ feature_lag | %s age=%ss > thr=%ss | %s
2025-08-19 13:36:02.163 | WARNING  | __main__:check_features:92 - ⚠️ feature_lag | %s age=%ss > thr=%ss | %s
2025-08-19 13:36:02.166 | WARNING  | __main__:check_features:92 - ⚠️ feature_lag | %s age=%ss > thr=%ss | %s
2025-08-19 13:36:02.170 | WARNING  | __main__:check_features:92 - ⚠️ feature_lag | %s age=%ss > thr=%ss | %s
2025-08-19 13:36:02.176 | WARNING  | __main__:check_features:92 - ⚠️ feature_lag | %s age=%ss > thr=%ss | %s
2025-08-19 13:36:02.180 | WARNING  | __main__:check_features:92 - ⚠️ feature_lag | %s age=%ss > thr=%ss | %s
2025-08-19 13:36:02.183 | WARNING  | __main__:check_features:92 - ⚠️ feature_lag | %s age=%ss > thr=%ss | %s
2025-08-19 13:36:02.184 | WARNING  | __main__:check_features:92 - ⚠️ feature_lag | %s age=%ss > thr=%ss | %s
2025-08-19 13:36:02.188 | WARNING  | __main__:check_features:92 - ⚠️ feature_lag | %s age=%ss > thr=%ss | %s
2025-08-19 13:36:02.194 | WARNING  | __main__:check_features:92 - ⚠️ feature_lag | %s age=%ss > thr=%ss | %s
2025-08-19 13:36:02.197 | WARNING  | __main__:check_features:92 - ⚠️ feature_lag | %s age=%ss > thr=%ss | %s
2025-08-19 13:36:02.200 | WARNING  | __main__:check_features:92 - ⚠️ feature_lag | %s age=%ss > thr=%ss | %s
2025-08-19 13:36:02.202 | WARNING  | __main__:check_features:92 - ⚠️ feature_lag | %s age=%ss > thr=%ss | %s
2025-08-19 13:36:02.208 | WARNING  | __main__:check_features:92 - ⚠️ feature_lag | %s age=%ss > thr=%ss | %s
2025-08-19 13:36:02.214 | WARNING  | __main__:check_features:92 - ⚠️ feature_lag | %s age=%ss > thr=%ss | %s
2025-08-19 13:36:02.219 | WARNING  | __main__:check_features:92 - ⚠️ feature_lag | %s age=%ss > thr=%ss | %s
2025-08-19 13:36:02.223 | WARNING  | __main__:check_features:92 - ⚠️ feature_lag | %s age=%ss > thr=%ss | %s
2025-08-19 13:36:02.229 | WARNING  | __main__:check_features:92 - ⚠️ feature_lag | %s age=%ss > thr=%ss | %s
2025-08-19 13:36:02.232 | WARNING  | __main__:check_features:92 - ⚠️ feature_lag | %s age=%ss > thr=%ss | %s
2025-08-19 13:36:02.235 | WARNING  | __main__:check_features:92 - ⚠️ feature_lag | %s age=%ss > thr=%ss | %s
2025-08-19 13:36:02.240 | WARNING  | __main__:check_features:92 - ⚠️ feature_lag | %s age=%ss > thr=%ss | %s
2025-08-19 13:36:02.245 | WARNING  | __main__:check_features:92 - ⚠️ feature_lag | %s age=%ss > thr=%ss | %s
2025-08-19 13:36:02.248 | WARNING  | __main__:check_features:92 - ⚠️ feature_lag | %s age=%ss > thr=%ss | %s
2025-08-19 13:36:02.251 | WARNING  | __main__:check_features:92 - ⚠️ feature_lag | %s age=%ss > thr=%ss | %s
2025-08-19 13:36:02.254 | WARNING  | __main__:check_features:92 - ⚠️ feature_lag | %s age=%ss > thr=%ss | %s
2025-08-19 13:36:02.259 | WARNING  | __main__:check_features:92 - ⚠️ feature_lag | %s age=%ss > thr=%ss | %s
2025-08-19 13:36:02.262 | WARNING  | __main__:check_features:92 - ⚠️ feature_lag | %s age=%ss > thr=%ss | %s
2025-08-19 13:36:02.265 | WARNING  | __main__:check_features:92 - ⚠️ feature_lag | %s age=%ss > thr=%ss | %s
2025-08-19 13:36:02.267 | WARNING  | __main__:check_features:92 - ⚠️ feature_lag | %s age=%ss > thr=%ss | %s
2025-08-19 13:36:02.279 | WARNING  | __main__:check_evaluator:122 - ⚠️ evaluator_idle | %s age=%ss > thr=%ss | %s
2025-08-19 13:36:02.282 | WARNING  | __main__:check_evaluator:122 - ⚠️ evaluator_idle | %s age=%ss > thr=%ss | %s
2025-08-19 13:36:02.285 | WARNING  | __main__:check_evaluator:122 - ⚠️ evaluator_idle | %s age=%ss > thr=%ss | %s
2025-08-19 13:36:03.150 | DEBUG    | __main__:main:680 - Idle tick.
2025-08-19 13:36:04.173 | DEBUG    | __main__:main:680 - Idle tick.
2025-08-19 13:36:05.190 | DEBUG    | __main__:main:680 - Idle tick.
2025-08-19 13:36:05.763 | INFO     | __main__:job:146 - MT5 cycle: features=6 inserted=6 skipped=0
2025-08-19 13:36:06.213 | DEBUG    | __main__:main:680 - Idle tick.
2025-08-19 13:36:07.238 | DEBUG    | __main__:main:680 - Idle tick.
2025-08-19 13:36:08.262 | DEBUG    | __main__:main:680 - Idle tick.
2025-08-19 13:36:09.278 | DEBUG    | __main__:main:680 - Idle tick.
2025-08-19 13:36:10.313 | DEBUG    | __main__:main:680 - Idle tick.
2025-08-19 13:36:10.832 | INFO     | __main__:job:146 - MT5 cycle: features=6 inserted=6 skipped=0
2025-08-19 13:36:11.329 | DEBUG    | __main__:main:680 - Idle tick.
2025-08-19 13:36:12.343 | DEBUG    | __main__:main:680 - Idle tick.
2025-08-19 13:36:13.367 | DEBUG    | __main__:main:680 - Idle tick.
2025-08-19 13:36:14.391 | DEBUG    | __main__:main:680 - Idle tick.
2025-08-19 13:36:15.414 | DEBUG    | __main__:main:680 - Idle tick.
2025-08-19 13:36:15.899 | INFO     | __main__:job:146 - MT5 cycle: features=6 inserted=6 skipped=0
2025-08-19 13:36:16.452 | DEBUG    | __main__:main:680 - Idle tick.
2025-08-19 13:36:17.466 | DEBUG    | __main__:main:680 - Idle tick.
2025-08-19 13:36:18.494 | DEBUG    | __main__:main:680 - Idle tick.
2025-08-19 13:36:19.529 | DEBUG    | __main__:main:680 - Idle tick.
2025-08-19 13:36:20.545 | DEBUG    | __main__:main:680 - Idle tick.
2025-08-19 13:36:20.941 | INFO     | __main__:job:146 - MT5 cycle: features=6 inserted=6 skipped=0
2025-08-19 13:36:21.562 | DEBUG    | __main__:main:680 - Idle tick.
2025-08-19 13:36:22.598 | DEBUG    | __main__:main:680 - Idle tick.
2025-08-19 13:36:23.631 | DEBUG    | __main__:main:680 - Idle tick.
2025-08-19 13:36:24.659 | DEBUG    | __main__:main:680 - Idle tick.
2025-08-19 13:36:25.694 | DEBUG    | __main__:main:680 - Idle tick.
2025-08-19 13:36:25.995 | INFO     | __main__:job:146 - MT5 cycle: features=6 inserted=6 skipped=0
2025-08-19 13:36:26.720 | DEBUG    | __main__:main:680 - Idle tick.
2025-08-19 13:36:27.743 | DEBUG    | __main__:main:680 - Idle tick.
2025-08-19 13:36:28.760 | DEBUG    | __main__:main:680 - Idle tick.
2025-08-19 13:36:29.791 | DEBUG    | __main__:main:680 - Idle tick.
2025-08-19 13:36:30.826 | DEBUG    | __main__:main:680 - Idle tick.
2025-08-19 13:36:31.032 | INFO     | __main__:job:146 - MT5 cycle: features=6 inserted=6 skipped=0
2025-08-19 13:36:31.851 | DEBUG    | __main__:main:680 - Idle tick.
2025-08-19 13:36:32.878 | DEBUG    | __main__:main:680 - Idle tick.
2025-08-19 13:36:33.905 | DEBUG    | __main__:main:680 - Idle tick.
2025-08-19 13:36:34.930 | DEBUG    | __main__:main:680 - Idle tick.
2025-08-19 13:36:35.948 | DEBUG    | __main__:main:680 - Idle tick.
2025-08-19 13:36:36.087 | INFO     | __main__:job:146 - MT5 cycle: features=6 inserted=6 skipped=0
2025-08-19 13:36:36.978 | DEBUG    | __main__:main:680 - Idle tick.
2025-08-19 13:36:38.013 | DEBUG    | __main__:main:680 - Idle tick.
2025-08-19 13:36:39.039 | DEBUG    | __main__:main:680 - Idle tick.
2025-08-19 13:36:40.073 | DEBUG    | __main__:main:680 - Idle tick.
2025-08-19 13:36:41.103 | DEBUG    | __main__:main:680 - Idle tick.
2025-08-19 13:36:41.138 | INFO     | __main__:job:146 - MT5 cycle: features=6 inserted=6 skipped=0
2025-08-19 13:36:42.141 | DEBUG    | __main__:main:680 - Idle tick.
2025-08-19 13:36:43.165 | DEBUG    | __main__:main:680 - Idle tick.
2025-08-19 13:36:44.190 | DEBUG    | __main__:main:680 - Idle tick.
2025-08-19 13:36:45.215 | DEBUG    | __main__:main:680 - Idle tick.
2025-08-19 13:36:46.212 | INFO     | __main__:job:146 - MT5 cycle: features=6 inserted=6 skipped=0
2025-08-19 13:36:46.234 | DEBUG    | __main__:main:680 - Idle tick.
2025-08-19 13:36:47.269 | DEBUG    | __main__:main:680 - Idle tick.
2025-08-19 13:36:47.609 | INFO     | __main__:main:433 - VIX 15.710000038146973
2025-08-19 13:36:48.219 | INFO     | __main__:main:451 - DXY 98.2490005493164 (DX-Y.NYB)
2025-08-19 13:36:48.306 | DEBUG    | __main__:main:680 - Idle tick.
2025-08-19 13:36:49.342 | DEBUG    | __main__:main:680 - Idle tick.
2025-08-19 13:36:50.375 | DEBUG    | __main__:main:680 - Idle tick.
2025-08-19 13:36:51.274 | INFO     | __main__:job:146 - MT5 cycle: features=6 inserted=6 skipped=0
2025-08-19 13:36:51.394 | DEBUG    | __main__:main:680 - Idle tick.
2025-08-19 13:36:52.430 | DEBUG    | __main__:main:680 - Idle tick.
2025-08-19 13:36:53.451 | DEBUG    | __main__:main:680 - Idle tick.
2025-08-19 13:36:54.487 | DEBUG    | __main__:main:680 - Idle tick.
2025-08-19 13:36:55.512 | DEBUG    | __main__:main:680 - Idle tick.
2025-08-19 13:36:56.320 | INFO     | __main__:job:146 - MT5 cycle: features=6 inserted=6 skipped=0
2025-08-19 13:36:56.542 | DEBUG    | __main__:main:680 - Idle tick.
2025-08-19 13:36:57.585 | DEBUG    | __main__:main:680 - Idle tick.
2025-08-19 13:36:58.619 | DEBUG    | __main__:main:680 - Idle tick.
2025-08-19 13:36:59.652 | DEBUG    | __main__:main:680 - Idle tick.
2025-08-19 13:37:00.672 | DEBUG    | __main__:main:680 - Idle tick.
2025-08-19 13:37:01.363 | INFO     | __main__:job:146 - MT5 cycle: features=6 inserted=6 skipped=0
2025-08-19 13:37:01.696 | DEBUG    | __main__:main:680 - Idle tick.
2025-08-19 13:37:02.324 | DEBUG    | __main__:main:154 - OK (sin alertas).
2025-08-19 13:37:02.727 | DEBUG    | __main__:main:680 - Idle tick.
2025-08-19 13:37:03.752 | DEBUG    | __main__:main:680 - Idle tick.
2025-08-19 13:37:04.783 | DEBUG    | __main__:main:680 - Idle tick.
2025-08-19 13:37:05.809 | DEBUG    | __main__:main:680 - Idle tick.
2025-08-19 13:37:06.422 | INFO     | __main__:job:146 - MT5 cycle: features=6 inserted=6 skipped=0
2025-08-19 13:37:06.846 | DEBUG    | __main__:main:680 - Idle tick.
2025-08-19 13:37:07.873 | DEBUG    | __main__:main:680 - Idle tick.
2025-08-19 13:37:08.913 | DEBUG    | __main__:main:680 - Idle tick.
2025-08-19 13:37:09.949 | DEBUG    | __main__:main:680 - Idle tick.
2025-08-19 13:37:10.974 | DEBUG    | __main__:main:680 - Idle tick.
2025-08-19 13:37:11.484 | INFO     | __main__:job:146 - MT5 cycle: features=6 inserted=6 skipped=0
2025-08-19 13:37:12.010 | DEBUG    | __main__:main:680 - Idle tick.
2025-08-19 13:37:13.034 | DEBUG    | __main__:main:680 - Idle tick.
2025-08-19 13:37:14.064 | DEBUG    | __main__:main:680 - Idle tick.
2025-08-19 13:37:15.102 | DEBUG    | __main__:main:680 - Idle tick.
2025-08-19 13:37:16.141 | DEBUG    | __main__:main:680 - Idle tick.
2025-08-19 13:37:16.525 | INFO     | __main__:job:146 - MT5 cycle: features=6 inserted=6 skipped=0
2025-08-19 13:37:17.174 | DEBUG    | __main__:main:680 - Idle tick.
2025-08-19 13:37:18.199 | DEBUG    | __main__:main:680 - Idle tick.
2025-08-19 13:37:19.235 | DEBUG    | __main__:main:680 - Idle tick.
2025-08-19 13:37:20.261 | DEBUG    | __main__:main:680 - Idle tick.
2025-08-19 13:37:21.299 | DEBUG    | __main__:main:680 - Idle tick.
2025-08-19 13:37:21.616 | INFO     | __main__:job:146 - MT5 cycle: features=6 inserted=6 skipped=0
2025-08-19 13:37:22.332 | DEBUG    | __main__:main:680 - Idle tick.
2025-08-19 13:37:23.369 | DEBUG    | __main__:main:680 - Idle tick.
2025-08-19 13:37:24.406 | DEBUG    | __main__:main:680 - Idle tick.
2025-08-19 13:37:25.428 | DEBUG    | __main__:main:680 - Idle tick.
2025-08-19 13:37:26.466 | DEBUG    | __main__:main:680 - Idle tick.
2025-08-19 13:37:26.681 | INFO     | __main__:job:146 - MT5 cycle: features=6 inserted=6 skipped=0
2025-08-19 13:37:27.482 | DEBUG    | __main__:main:680 - Idle tick.
2025-08-19 13:37:28.499 | DEBUG    | __main__:main:680 - Idle tick.
2025-08-19 13:37:29.530 | DEBUG    | __main__:main:680 - Idle tick.
2025-08-19 13:37:30.549 | DEBUG    | __main__:main:680 - Idle tick.
2025-08-19 13:37:31.586 | DEBUG    | __main__:main:680 - Idle tick.
2025-08-19 13:37:31.748 | INFO     | __main__:job:146 - MT5 cycle: features=6 inserted=6 skipped=0
2025-08-19 13:37:32.627 | DEBUG    | __main__:main:680 - Idle tick.
2025-08-19 13:37:33.649 | DEBUG    | __main__:main:680 - Idle tick.
2025-08-19 13:37:34.668 | DEBUG    | __main__:main:680 - Idle tick.
2025-08-19 13:37:35.697 | DEBUG    | __main__:main:680 - Idle tick.
2025-08-19 13:37:36.714 | DEBUG    | __main__:main:680 - Idle tick.
2025-08-19 13:37:36.819 | INFO     | __main__:job:146 - MT5 cycle: features=6 inserted=6 skipped=0
2025-08-19 13:37:37.731 | DEBUG    | __main__:main:680 - Idle tick.
2025-08-19 13:37:38.780 | DEBUG    | __main__:main:680 - Idle tick.
2025-08-19 13:37:39.826 | DEBUG    | __main__:main:680 - Idle tick.
2025-08-19 13:37:40.849 | DEBUG    | __main__:main:680 - Idle tick.
2025-08-19 13:37:41.879 | DEBUG    | __main__:main:680 - Idle tick.
2025-08-19 13:37:41.884 | INFO     | __main__:job:146 - MT5 cycle: features=6 inserted=6 skipped=0
2025-08-19 13:37:42.921 | DEBUG    | __main__:main:680 - Idle tick.
2025-08-19 13:37:43.947 | DEBUG    | __main__:main:680 - Idle tick.
2025-08-19 13:37:44.646 | INFO     | __main__:main:337 - MOVE 81.82330322265625
2025-08-19 13:37:45.006 | DEBUG    | __main__:main:680 - Idle tick.
2025-08-19 13:37:45.257 | INFO     | __main__:main:352 - GVZ 14.930000305175781
2025-08-19 13:37:45.613 | INFO     | __main__:main:367 - OVX 34.099998474121094
2025-08-19 13:37:45.956 | INFO     | __main__:main:382 - VXN 19.110000610351562
2025-08-19 13:37:46.046 | DEBUG    | __main__:main:680 - Idle tick.
2025-08-19 13:37:46.434 | INFO     | __main__:_upsert_simple_fred:227 - UST2Y 3.75 (FRED:DGS2)
2025-08-19 13:37:46.749 | INFO     | __main__:_upsert_simple_fred:227 - UST30Y 4.92 (FRED:DGS30)
2025-08-19 13:37:46.960 | INFO     | __main__:job:146 - MT5 cycle: features=6 inserted=6 skipped=0
2025-08-19 13:37:47.076 | DEBUG    | __main__:main:680 - Idle tick.
2025-08-19 13:37:47.081 | INFO     | __main__:main:505 - UST10Y 4.33% (stored=0.0433) FRED
2025-08-19 13:37:48.111 | DEBUG    | __main__:main:680 - Idle tick.
2025-08-19 13:37:49.135 | DEBUG    | __main__:main:680 - Idle tick.
2025-08-19 13:37:50.043 | INFO     | __main__:main:678 - CALENDAR_BLOCK 0 | next=None
2025-08-19 13:37:50.048 | INFO     | __main__:main:716 - SPREAD_2S10S -3.7067
2025-08-19 13:37:50.158 | DEBUG    | __main__:main:680 - Idle tick.
2025-08-19 13:37:50.240 | INFO     | __main__:main:873 - RELVOL_SPY_20D 0.63 (vol 43198587 / avg20 69017924)
2025-08-19 13:37:50.432 | INFO     | __main__:main:873 - RELVOL_QQQ_20D 0.92 (vol 39803868 / avg20 43318443)
2025-08-19 13:37:50.605 | INFO     | __main__:main:873 - RELVOL_HYG_20D 0.47 (vol 14867252 / avg20 31645208)
2025-08-19 13:37:50.783 | INFO     | __main__:main:873 - RELVOL_LQD_20D 0.71 (vol 18177681 / avg20 25528034)
2025-08-19 13:37:51.182 | DEBUG    | __main__:main:680 - Idle tick.
2025-08-19 13:37:52.004 | INFO     | __main__:job:146 - MT5 cycle: features=6 inserted=6 skipped=0
2025-08-19 13:37:52.222 | DEBUG    | __main__:main:680 - Idle tick.
2025-08-19 13:37:53.117 | INFO     | __main__:main:433 - VIX 15.710000038146973
2025-08-19 13:37:53.252 | DEBUG    | __main__:main:680 - Idle tick.
2025-08-19 13:37:53.435 | INFO     | __main__:main:451 - DXY 98.2490005493164 (DX-Y.NYB)
2025-08-19 13:37:54.287 | DEBUG    | __main__:main:680 - Idle tick.
2025-08-19 13:37:55.312 | DEBUG    | __main__:main:680 - Idle tick.
2025-08-19 13:37:56.337 | DEBUG    | __main__:main:680 - Idle tick.
2025-08-19 13:37:57.063 | INFO     | __main__:job:146 - MT5 cycle: features=6 inserted=6 skipped=0
2025-08-19 13:37:57.376 | DEBUG    | __main__:main:680 - Idle tick.
2025-08-19 13:37:58.392 | DEBUG    | __main__:main:680 - Idle tick.
2025-08-19 13:37:59.419 | DEBUG    | __main__:main:680 - Idle tick.
2025-08-19 13:38:00.447 | DEBUG    | __main__:main:680 - Idle tick.
2025-08-19 13:38:01.473 | DEBUG    | __main__:main:680 - Idle tick.
2025-08-19 13:38:02.119 | INFO     | __main__:job:146 - MT5 cycle: features=6 inserted=6 skipped=0
2025-08-19 13:38:02.359 | DEBUG    | __main__:main:154 - OK (sin alertas).
2025-08-19 13:38:02.504 | DEBUG    | __main__:main:680 - Idle tick.
2025-08-19 13:38:03.535 | DEBUG    | __main__:main:680 - Idle tick.
2025-08-19 13:38:04.560 | DEBUG    | __main__:main:680 - Idle tick.
2025-08-19 13:38:05.582 | DEBUG    | __main__:main:680 - Idle tick.
2025-08-19 13:38:06.610 | DEBUG    | __main__:main:680 - Idle tick.
2025-08-19 13:38:07.173 | INFO     | __main__:job:146 - MT5 cycle: features=6 inserted=6 skipped=0
2025-08-19 13:38:07.644 | DEBUG    | __main__:main:680 - Idle tick.
2025-08-19 13:38:08.676 | DEBUG    | __main__:main:680 - Idle tick.
2025-08-19 13:38:09.704 | DEBUG    | __main__:main:680 - Idle tick.
2025-08-19 13:38:10.735 | DEBUG    | __main__:main:680 - Idle tick.
2025-08-19 13:38:11.769 | DEBUG    | __main__:main:680 - Idle tick.
2025-08-19 13:38:12.224 | INFO     | __main__:job:146 - MT5 cycle: features=6 inserted=6 skipped=0
2025-08-19 13:38:12.803 | DEBUG    | __main__:main:680 - Idle tick.
2025-08-19 13:38:13.838 | DEBUG    | __main__:main:680 - Idle tick.
2025-08-19 13:38:14.863 | DEBUG    | __main__:main:680 - Idle tick.
2025-08-19 13:38:15.881 | DEBUG    | __main__:main:680 - Idle tick.
2025-08-19 13:38:16.910 | DEBUG    | __main__:main:680 - Idle tick.
2025-08-19 13:38:17.261 | INFO     | __main__:job:146 - MT5 cycle: features=6 inserted=6 skipped=0
2025-08-19 13:38:17.927 | DEBUG    | __main__:main:680 - Idle tick.
2025-08-19 13:38:18.956 | DEBUG    | __main__:main:680 - Idle tick.
2025-08-19 13:38:19.975 | DEBUG    | __main__:main:680 - Idle tick.
2025-08-19 13:38:21.007 | DEBUG    | __main__:main:680 - Idle tick.
2025-08-19 13:38:22.022 | DEBUG    | __main__:main:680 - Idle tick.
2025-08-19 13:38:22.323 | INFO     | __main__:job:146 - MT5 cycle: features=6 inserted=6 skipped=0
2025-08-19 13:38:23.055 | DEBUG    | __main__:main:680 - Idle tick.
2025-08-19 13:38:24.082 | DEBUG    | __main__:main:680 - Idle tick.
2025-08-19 13:38:25.099 | DEBUG    | __main__:main:680 - Idle tick.
2025-08-19 13:38:26.120 | DEBUG    | __main__:main:680 - Idle tick.
2025-08-19 13:38:27.141 | DEBUG    | __main__:main:680 - Idle tick.
2025-08-19 13:38:27.383 | INFO     | __main__:job:146 - MT5 cycle: features=6 inserted=6 skipped=0
2025-08-19 13:38:28.164 | DEBUG    | __main__:main:680 - Idle tick.
2025-08-19 13:38:29.178 | DEBUG    | __main__:main:680 - Idle tick.
2025-08-19 13:38:30.193 | DEBUG    | __main__:main:680 - Idle tick.
2025-08-19 13:38:31.226 | DEBUG    | __main__:main:680 - Idle tick.
2025-08-19 13:38:32.258 | DEBUG    | __main__:main:680 - Idle tick.
2025-08-19 13:38:32.428 | INFO     | __main__:job:146 - MT5 cycle: features=6 inserted=6 skipped=0
2025-08-19 13:38:33.286 | DEBUG    | __main__:main:680 - Idle tick.
2025-08-19 13:38:34.323 | DEBUG    | __main__:main:680 - Idle tick.
2025-08-19 13:38:35.353 | DEBUG    | __main__:main:680 - Idle tick.
2025-08-19 13:38:36.384 | DEBUG    | __main__:main:680 - Idle tick.
2025-08-19 13:38:37.410 | DEBUG    | __main__:main:680 - Idle tick.
2025-08-19 13:38:37.494 | INFO     | __main__:job:146 - MT5 cycle: features=6 inserted=6 skipped=0
2025-08-19 13:38:38.427 | DEBUG    | __main__:main:680 - Idle tick.
2025-08-19 13:38:39.452 | DEBUG    | __main__:main:680 - Idle tick.
2025-08-19 13:38:40.468 | DEBUG    | __main__:main:680 - Idle tick.
2025-08-19 13:38:41.485 | DEBUG    | __main__:main:680 - Idle tick.
2025-08-19 13:38:42.516 | DEBUG    | __main__:main:680 - Idle tick.
2025-08-19 13:38:42.561 | INFO     | __main__:job:146 - MT5 cycle: features=6 inserted=6 skipped=0
2025-08-19 13:38:43.545 | DEBUG    | __main__:main:680 - Idle tick.
2025-08-19 13:38:44.571 | DEBUG    | __main__:main:680 - Idle tick.
2025-08-19 13:38:45.603 | DEBUG    | __main__:main:680 - Idle tick.
2025-08-19 13:38:46.630 | DEBUG    | __main__:main:680 - Idle tick.
2025-08-19 13:38:47.627 | INFO     | __main__:job:146 - MT5 cycle: features=6 inserted=6 skipped=0
2025-08-19 13:38:47.656 | DEBUG    | __main__:main:680 - Idle tick.
2025-08-19 13:38:48.677 | DEBUG    | __main__:main:680 - Idle tick.
2025-08-19 13:38:49.707 | DEBUG    | __main__:main:680 - Idle tick.
2025-08-19 13:38:50.744 | DEBUG    | __main__:main:680 - Idle tick.
2025-08-19 13:38:51.769 | DEBUG    | __main__:main:680 - Idle tick.
2025-08-19 13:38:52.685 | INFO     | __main__:job:146 - MT5 cycle: features=6 inserted=6 skipped=0
2025-08-19 13:38:52.793 | DEBUG    | __main__:main:680 - Idle tick.
2025-08-19 13:38:53.798 | INFO     | __main__:main:433 - VIX 15.720000267028809
2025-08-19 13:38:53.819 | DEBUG    | __main__:main:680 - Idle tick.
2025-08-19 13:38:54.107 | INFO     | __main__:main:451 - DXY 98.24199676513672 (DX-Y.NYB)
2025-08-19 13:38:54.832 | DEBUG    | __main__:main:680 - Idle tick.
2025-08-19 13:38:55.872 | DEBUG    | __main__:get_latest_features:144 - Snapshot macro | rows=%d | ms=%d
2025-08-19 13:38:55.873 | INFO     | __main__:evaluate_tier:442 - Eval %s | can_open_new=%s rm=%.2f band=%s hb=%s scen=%d groups=%s missing=%d snap=%d | ms=%d
2025-08-19 13:38:55.879 | INFO     | __main__:insert_macro_state:188 - Insert macro_state | tier=%s rm=%.2f groups=%s prio=%d avoid=%d hb=%s | ms=%d
2025-08-19 13:38:55.879 | DEBUG    | __main__:main:628 - FAST ok | ms=%d
2025-08-19 13:38:55.880 | DEBUG    | __main__:main:684 - Loop ms=%d
2025-08-19 13:38:55.911 | DEBUG    | __main__:main:680 - Idle tick.
2025-08-19 13:38:56.944 | DEBUG    | __main__:main:680 - Idle tick.
2025-08-19 13:38:57.723 | INFO     | __main__:job:146 - MT5 cycle: features=6 inserted=6 skipped=0
2025-08-19 13:38:57.971 | DEBUG    | __main__:main:680 - Idle tick.
2025-08-19 13:38:59.009 | DEBUG    | __main__:main:680 - Idle tick.
2025-08-19 13:39:00.046 | DEBUG    | __main__:main:680 - Idle tick.
2025-08-19 13:39:01.078 | DEBUG    | __main__:main:680 - Idle tick.
2025-08-19 13:39:02.115 | DEBUG    | __main__:main:680 - Idle tick.
2025-08-19 13:39:02.406 | DEBUG    | __main__:main:154 - OK (sin alertas).
2025-08-19 13:39:02.793 | INFO     | __main__:job:146 - MT5 cycle: features=6 inserted=6 skipped=0
2025-08-19 13:39:03.138 | DEBUG    | __main__:main:680 - Idle tick.
2025-08-19 13:39:04.159 | DEBUG    | __main__:main:680 - Idle tick.
2025-08-19 13:39:05.191 | DEBUG    | __main__:main:680 - Idle tick.
2025-08-19 13:39:06.219 | DEBUG    | __main__:main:680 - Idle tick.
2025-08-19 13:39:07.242 | DEBUG    | __main__:main:680 - Idle tick.
2025-08-19 13:39:07.861 | INFO     | __main__:job:146 - MT5 cycle: features=6 inserted=6 skipped=0
2025-08-19 13:39:08.276 | DEBUG    | __main__:main:680 - Idle tick.
2025-08-19 13:39:09.298 | DEBUG    | __main__:main:680 - Idle tick.
2025-08-19 13:39:10.329 | DEBUG    | __main__:main:680 - Idle tick.
2025-08-19 13:39:11.352 | DEBUG    | __main__:main:680 - Idle tick.
2025-08-19 13:39:12.378 | DEBUG    | __main__:main:680 - Idle tick.
2025-08-19 13:39:12.902 | INFO     | __main__:job:146 - MT5 cycle: features=6 inserted=6 skipped=0
2025-08-19 13:39:13.415 | DEBUG    | __main__:main:680 - Idle tick.
2025-08-19 13:39:14.440 | DEBUG    | __main__:main:680 - Idle tick.
2025-08-19 13:39:15.469 | DEBUG    | __main__:main:680 - Idle tick.
2025-08-19 13:39:16.497 | DEBUG    | __main__:main:680 - Idle tick.
2025-08-19 13:39:17.532 | DEBUG    | __main__:main:680 - Idle tick.
2025-08-19 13:39:17.959 | INFO     | __main__:job:146 - MT5 cycle: features=6 inserted=6 skipped=0
2025-08-19 13:39:18.567 | DEBUG    | __main__:main:680 - Idle tick.
2025-08-19 13:39:19.592 | DEBUG    | __main__:main:680 - Idle tick.
2025-08-19 13:39:20.621 | DEBUG    | __main__:main:680 - Idle tick.
2025-08-19 13:39:21.660 | DEBUG    | __main__:main:680 - Idle tick.
2025-08-19 13:39:22.689 | DEBUG    | __main__:main:680 - Idle tick.
2025-08-19 13:39:23.011 | INFO     | __main__:job:146 - MT5 cycle: features=6 inserted=6 skipped=0
2025-08-19 13:39:23.705 | DEBUG    | __main__:main:680 - Idle tick.
2025-08-19 13:39:24.729 | DEBUG    | __main__:main:680 - Idle tick.
2025-08-19 13:39:25.752 | DEBUG    | __main__:main:680 - Idle tick.
2025-08-19 13:39:26.852 | DEBUG    | __main__:main:680 - Idle tick.
2025-08-19 13:39:27.875 | DEBUG    | __main__:main:680 - Idle tick.
2025-08-19 13:39:28.067 | INFO     | __main__:job:146 - MT5 cycle: features=6 inserted=6 skipped=0
2025-08-19 13:39:28.909 | DEBUG    | __main__:main:680 - Idle tick.
2025-08-19 13:39:29.932 | DEBUG    | __main__:main:680 - Idle tick.
2025-08-19 13:39:30.973 | DEBUG    | __main__:main:680 - Idle tick.
2025-08-19 13:39:32.000 | DEBUG    | __main__:main:680 - Idle tick.
2025-08-19 13:39:33.017 | DEBUG    | __main__:main:680 - Idle tick.
2025-08-19 13:39:33.122 | INFO     | __main__:job:146 - MT5 cycle: features=6 inserted=6 skipped=0
2025-08-19 13:39:34.046 | DEBUG    | __main__:main:680 - Idle tick.
2025-08-19 13:39:35.074 | DEBUG    | __main__:main:680 - Idle tick.
2025-08-19 13:39:36.093 | DEBUG    | __main__:main:680 - Idle tick.
2025-08-19 13:39:37.127 | DEBUG    | __main__:main:680 - Idle tick.
2025-08-19 13:39:38.144 | DEBUG    | __main__:main:680 - Idle tick.
2025-08-19 13:39:38.172 | INFO     | __main__:job:146 - MT5 cycle: features=6 inserted=6 skipped=0
2025-08-19 13:39:39.169 | DEBUG    | __main__:main:680 - Idle tick.
2025-08-19 13:39:40.193 | DEBUG    | __main__:main:680 - Idle tick.
2025-08-19 13:39:41.229 | DEBUG    | __main__:main:680 - Idle tick.
2025-08-19 13:39:42.291 | DEBUG    | __main__:main:680 - Idle tick.
2025-08-19 13:39:43.232 | INFO     | __main__:job:146 - MT5 cycle: features=6 inserted=6 skipped=0
2025-08-19 13:39:43.330 | DEBUG    | __main__:main:680 - Idle tick.
2025-08-19 13:39:44.364 | DEBUG    | __main__:main:680 - Idle tick.
2025-08-19 13:39:45.398 | DEBUG    | __main__:main:680 - Idle tick.
2025-08-19 13:39:46.416 | DEBUG    | __main__:main:680 - Idle tick.
2025-08-19 13:39:47.432 | DEBUG    | __main__:main:680 - Idle tick.
2025-08-19 13:39:48.282 | INFO     | __main__:job:146 - MT5 cycle: features=6 inserted=6 skipped=0
2025-08-19 13:39:48.463 | DEBUG    | __main__:main:680 - Idle tick.
2025-08-19 13:39:49.485 | DEBUG    | __main__:main:680 - Idle tick.
2025-08-19 13:39:50.511 | DEBUG    | __main__:main:680 - Idle tick.
2025-08-19 13:39:51.545 | DEBUG    | __main__:main:680 - Idle tick.
2025-08-19 13:39:52.567 | DEBUG    | __main__:main:680 - Idle tick.
2025-08-19 13:39:53.363 | INFO     | __main__:job:146 - MT5 cycle: features=6 inserted=6 skipped=0
2025-08-19 13:39:53.608 | DEBUG    | __main__:main:680 - Idle tick.
2025-08-19 13:39:54.625 | DEBUG    | __main__:main:680 - Idle tick.
2025-08-19 13:39:55.038 | INFO     | __main__:main:433 - VIX 15.720000267028809
2025-08-19 13:39:55.672 | DEBUG    | __main__:main:680 - Idle tick.
2025-08-19 13:39:55.992 | INFO     | __main__:main:451 - DXY 98.24400329589844 (DX-Y.NYB)
2025-08-19 13:39:56.698 | DEBUG    | __main__:main:680 - Idle tick.
2025-08-19 13:39:57.726 | DEBUG    | __main__:main:680 - Idle tick.
2025-08-19 13:39:58.409 | INFO     | __main__:job:146 - MT5 cycle: features=6 inserted=6 skipped=0
2025-08-19 13:39:58.756 | DEBUG    | __main__:main:680 - Idle tick.
2025-08-19 13:39:59.792 | DEBUG    | __main__:main:680 - Idle tick.
2025-08-19 13:40:00.824 | DEBUG    | __main__:main:680 - Idle tick.
2025-08-19 13:40:01.846 | DEBUG    | __main__:main:680 - Idle tick.
2025-08-19 13:40:02.445 | DEBUG    | __main__:main:154 - OK (sin alertas).
2025-08-19 13:40:02.861 | DEBUG    | __main__:main:680 - Idle tick.
2025-08-19 13:40:03.452 | INFO     | __main__:job:146 - MT5 cycle: features=6 inserted=6 skipped=0
2025-08-19 13:40:03.890 | DEBUG    | __main__:main:680 - Idle tick.
2025-08-19 13:40:04.909 | DEBUG    | __main__:main:680 - Idle tick.
2025-08-19 13:40:05.948 | DEBUG    | __main__:main:680 - Idle tick.
2025-08-19 13:40:06.984 | DEBUG    | __main__:main:680 - Idle tick.
2025-08-19 13:40:08.019 | DEBUG    | __main__:main:680 - Idle tick.
2025-08-19 13:40:08.507 | INFO     | __main__:job:146 - MT5 cycle: features=6 inserted=6 skipped=0
2025-08-19 13:40:09.040 | DEBUG    | __main__:main:680 - Idle tick.
2025-08-19 13:40:10.056 | DEBUG    | __main__:main:680 - Idle tick.
2025-08-19 13:40:11.097 | DEBUG    | __main__:main:680 - Idle tick.
2025-08-19 13:40:12.122 | DEBUG    | __main__:main:680 - Idle tick.
2025-08-19 13:40:13.163 | DEBUG    | __main__:main:680 - Idle tick.
2025-08-19 13:40:13.581 | INFO     | __main__:job:146 - MT5 cycle: features=6 inserted=6 skipped=0
2025-08-19 13:40:14.182 | DEBUG    | __main__:main:680 - Idle tick.
2025-08-19 13:40:15.214 | DEBUG    | __main__:main:680 - Idle tick.
2025-08-19 13:40:16.252 | DEBUG    | __main__:main:680 - Idle tick.
2025-08-19 13:40:17.288 | DEBUG    | __main__:main:680 - Idle tick.
2025-08-19 13:40:18.328 | DEBUG    | __main__:main:680 - Idle tick.
2025-08-19 13:40:18.636 | INFO     | __main__:job:146 - MT5 cycle: features=6 inserted=6 skipped=0
2025-08-19 13:40:19.367 | DEBUG    | __main__:main:680 - Idle tick.
2025-08-19 13:40:20.406 | DEBUG    | __main__:main:680 - Idle tick.
2025-08-19 13:40:21.429 | DEBUG    | __main__:main:680 - Idle tick.
2025-08-19 13:40:22.445 | DEBUG    | __main__:main:680 - Idle tick.
2025-08-19 13:40:23.474 | DEBUG    | __main__:main:680 - Idle tick.
2025-08-19 13:40:23.685 | INFO     | __main__:job:146 - MT5 cycle: features=6 inserted=6 skipped=0
2025-08-19 13:40:24.512 | DEBUG    | __main__:main:680 - Idle tick.
2025-08-19 13:40:25.547 | DEBUG    | __main__:main:680 - Idle tick.
2025-08-19 13:40:26.575 | DEBUG    | __main__:main:680 - Idle tick.
2025-08-19 13:40:27.608 | DEBUG    | __main__:main:680 - Idle tick.
2025-08-19 13:40:28.626 | DEBUG    | __main__:main:680 - Idle tick.
2025-08-19 13:40:28.738 | INFO     | __main__:job:146 - MT5 cycle: features=6 inserted=6 skipped=0
2025-08-19 13:40:29.652 | DEBUG    | __main__:main:680 - Idle tick.
2025-08-19 13:40:30.683 | DEBUG    | __main__:main:680 - Idle tick.
2025-08-19 13:40:31.717 | DEBUG    | __main__:main:680 - Idle tick.
2025-08-19 13:40:32.752 | DEBUG    | __main__:main:680 - Idle tick.
2025-08-19 13:40:33.786 | DEBUG    | __main__:main:680 - Idle tick.
2025-08-19 13:40:33.847 | INFO     | __main__:job:146 - MT5 cycle: features=6 inserted=6 skipped=0
2025-08-19 13:40:34.811 | DEBUG    | __main__:main:680 - Idle tick.
2025-08-19 13:40:35.850 | DEBUG    | __main__:main:680 - Idle tick.
2025-08-19 13:40:36.869 | DEBUG    | __main__:main:680 - Idle tick.
2025-08-19 13:40:37.904 | DEBUG    | __main__:main:680 - Idle tick.
2025-08-19 13:40:38.921 | INFO     | __main__:job:146 - MT5 cycle: features=6 inserted=6 skipped=0
2025-08-19 13:40:38.939 | DEBUG    | __main__:main:680 - Idle tick.
2025-08-19 13:40:39.959 | DEBUG    | __main__:main:680 - Idle tick.
2025-08-19 13:40:40.979 | DEBUG    | __main__:main:680 - Idle tick.
2025-08-19 13:40:42.013 | DEBUG    | __main__:main:680 - Idle tick.
2025-08-19 13:40:43.051 | DEBUG    | __main__:main:680 - Idle tick.
2025-08-19 13:40:43.985 | INFO     | __main__:job:146 - MT5 cycle: features=6 inserted=6 skipped=0
2025-08-19 13:40:44.088 | DEBUG    | __main__:main:680 - Idle tick.
2025-08-19 13:40:45.123 | DEBUG    | __main__:main:680 - Idle tick.
2025-08-19 13:40:46.158 | DEBUG    | __main__:main:680 - Idle tick.
2025-08-19 13:40:47.187 | DEBUG    | __main__:main:680 - Idle tick.
2025-08-19 13:40:48.222 | DEBUG    | __main__:main:680 - Idle tick.
2025-08-19 13:40:49.039 | INFO     | __main__:job:146 - MT5 cycle: features=6 inserted=6 skipped=0
2025-08-19 13:40:49.249 | DEBUG    | __main__:main:680 - Idle tick.
2025-08-19 13:40:50.275 | DEBUG    | __main__:main:680 - Idle tick.
2025-08-19 13:40:51.300 | DEBUG    | __main__:main:680 - Idle tick.
2025-08-19 13:40:52.334 | DEBUG    | __main__:main:680 - Idle tick.
2025-08-19 13:40:53.359 | DEBUG    | __main__:main:680 - Idle tick.
2025-08-19 13:40:54.111 | INFO     | __main__:job:146 - MT5 cycle: features=6 inserted=6 skipped=0
2025-08-19 13:40:54.380 | DEBUG    | __main__:main:680 - Idle tick.
2025-08-19 13:40:55.421 | DEBUG    | __main__:main:680 - Idle tick.
2025-08-19 13:40:56.319 | INFO     | __main__:main:433 - VIX 15.6899995803833
2025-08-19 13:40:56.458 | DEBUG    | __main__:main:680 - Idle tick.
2025-08-19 13:40:56.670 | INFO     | __main__:main:451 - DXY 98.24600219726562 (DX-Y.NYB)
2025-08-19 13:40:57.495 | DEBUG    | __main__:main:680 - Idle tick.
2025-08-19 13:40:58.520 | DEBUG    | __main__:main:680 - Idle tick.
2025-08-19 13:40:59.170 | INFO     | __main__:job:146 - MT5 cycle: features=6 inserted=6 skipped=0
2025-08-19 13:40:59.544 | DEBUG    | __main__:main:680 - Idle tick.
2025-08-19 13:41:00.570 | DEBUG    | __main__:main:680 - Idle tick.
2025-08-19 13:41:01.608 | DEBUG    | __main__:main:680 - Idle tick.
2025-08-19 13:41:02.490 | DEBUG    | __main__:main:154 - OK (sin alertas).
2025-08-19 13:41:02.634 | DEBUG    | __main__:main:680 - Idle tick.
2025-08-19 13:41:03.676 | DEBUG    | __main__:main:680 - Idle tick.
2025-08-19 13:41:04.234 | INFO     | __main__:job:146 - MT5 cycle: features=6 inserted=6 skipped=0
2025-08-19 13:41:04.703 | DEBUG    | __main__:main:680 - Idle tick.
2025-08-19 13:41:05.739 | DEBUG    | __main__:main:680 - Idle tick.
2025-08-19 13:41:06.764 | DEBUG    | __main__:main:680 - Idle tick.
2025-08-19 13:41:07.795 | DEBUG    | __main__:main:680 - Idle tick.
2025-08-19 13:41:08.831 | DEBUG    | __main__:main:680 - Idle tick.
2025-08-19 13:41:09.284 | INFO     | __main__:job:146 - MT5 cycle: features=6 inserted=6 skipped=0
2025-08-19 13:41:09.874 | DEBUG    | __main__:main:680 - Idle tick.
2025-08-19 13:41:10.911 | DEBUG    | __main__:main:680 - Idle tick.
2025-08-19 13:41:11.951 | DEBUG    | __main__:main:680 - Idle tick.
2025-08-19 13:41:12.967 | DEBUG    | __main__:main:680 - Idle tick.
2025-08-19 13:41:13.997 | DEBUG    | __main__:main:680 - Idle tick.
2025-08-19 13:41:14.340 | INFO     | __main__:job:146 - MT5 cycle: features=6 inserted=6 skipped=0
2025-08-19 13:41:15.032 | DEBUG    | __main__:main:680 - Idle tick.
2025-08-19 13:41:16.067 | DEBUG    | __main__:main:680 - Idle tick.
2025-08-19 13:41:17.086 | DEBUG    | __main__:main:680 - Idle tick.
2025-08-19 13:41:18.120 | DEBUG    | __main__:main:680 - Idle tick.
2025-08-19 13:41:19.157 | DEBUG    | __main__:main:680 - Idle tick.
2025-08-19 13:41:19.392 | INFO     | __main__:job:146 - MT5 cycle: features=6 inserted=6 skipped=0
2025-08-19 13:41:20.183 | DEBUG    | __main__:main:680 - Idle tick.
2025-08-19 13:41:21.207 | DEBUG    | __main__:main:680 - Idle tick.
2025-08-19 13:41:22.233 | DEBUG    | __main__:main:680 - Idle tick.
2025-08-19 13:41:23.258 | DEBUG    | __main__:main:680 - Idle tick.
2025-08-19 13:41:24.296 | DEBUG    | __main__:main:680 - Idle tick.
2025-08-19 13:41:24.433 | INFO     | __main__:job:146 - MT5 cycle: features=6 inserted=6 skipped=0
2025-08-19 13:41:25.317 | DEBUG    | __main__:main:680 - Idle tick.
2025-08-19 13:41:26.348 | DEBUG    | __main__:main:680 - Idle tick.
2025-08-19 13:41:27.383 | DEBUG    | __main__:main:680 - Idle tick.
2025-08-19 13:41:28.408 | DEBUG    | __main__:main:680 - Idle tick.
2025-08-19 13:41:29.423 | DEBUG    | __main__:main:680 - Idle tick.
2025-08-19 13:41:29.475 | INFO     | __main__:job:146 - MT5 cycle: features=6 inserted=6 skipped=0
2025-08-19 13:41:30.442 | DEBUG    | __main__:main:680 - Idle tick.
2025-08-19 13:41:31.455 | DEBUG    | __main__:main:680 - Idle tick.
2025-08-19 13:41:32.481 | DEBUG    | __main__:main:680 - Idle tick.
2025-08-19 13:41:33.510 | DEBUG    | __main__:main:680 - Idle tick.
2025-08-19 13:41:34.519 | INFO     | __main__:job:146 - MT5 cycle: features=6 inserted=6 skipped=0
2025-08-19 13:41:34.532 | DEBUG    | __main__:main:680 - Idle tick.
2025-08-19 13:41:35.568 | DEBUG    | __main__:main:680 - Idle tick.
2025-08-19 13:41:36.592 | DEBUG    | __main__:main:680 - Idle tick.
2025-08-19 13:41:37.628 | DEBUG    | __main__:main:680 - Idle tick.
2025-08-19 13:41:38.644 | DEBUG    | __main__:main:680 - Idle tick.
2025-08-19 13:41:39.559 | INFO     | __main__:job:146 - MT5 cycle: features=6 inserted=6 skipped=0
2025-08-19 13:41:39.673 | DEBUG    | __main__:main:680 - Idle tick.
2025-08-19 13:41:40.688 | DEBUG    | __main__:main:680 - Idle tick.
2025-08-19 13:41:41.716 | DEBUG    | __main__:main:680 - Idle tick.
2025-08-19 13:41:42.740 | DEBUG    | __main__:main:680 - Idle tick.
2025-08-19 13:41:43.769 | DEBUG    | __main__:main:680 - Idle tick.
2025-08-19 13:41:44.604 | INFO     | __main__:job:146 - MT5 cycle: features=6 inserted=6 skipped=0
2025-08-19 13:41:44.802 | DEBUG    | __main__:main:680 - Idle tick.
2025-08-19 13:41:45.838 | DEBUG    | __main__:main:680 - Idle tick.
2025-08-19 13:41:46.876 | DEBUG    | __main__:main:680 - Idle tick.
2025-08-19 13:41:47.915 | DEBUG    | __main__:main:680 - Idle tick.
2025-08-19 13:41:48.946 | DEBUG    | __main__:main:680 - Idle tick.
2025-08-19 13:41:49.668 | INFO     | __main__:job:146 - MT5 cycle: features=6 inserted=6 skipped=0
2025-08-19 13:41:49.981 | DEBUG    | __main__:main:680 - Idle tick.
2025-08-19 13:41:51.007 | DEBUG    | __main__:main:680 - Idle tick.
2025-08-19 13:41:52.046 | DEBUG    | __main__:main:680 - Idle tick.
2025-08-19 13:41:53.082 | DEBUG    | __main__:main:680 - Idle tick.
2025-08-19 13:41:54.107 | DEBUG    | __main__:main:680 - Idle tick.
2025-08-19 13:41:54.716 | INFO     | __main__:job:146 - MT5 cycle: features=6 inserted=6 skipped=0
2025-08-19 13:41:55.132 | DEBUG    | __main__:main:680 - Idle tick.
2025-08-19 13:41:56.163 | DEBUG    | __main__:main:680 - Idle tick.
2025-08-19 13:41:57.023 | INFO     | __main__:main:433 - VIX 15.699999809265137
2025-08-19 13:41:57.202 | DEBUG    | __main__:main:680 - Idle tick.
2025-08-19 13:41:57.314 | INFO     | __main__:main:451 - DXY 98.25 (DX-Y.NYB)
2025-08-19 13:41:58.219 | DEBUG    | __main__:main:680 - Idle tick.
2025-08-19 13:41:59.251 | DEBUG    | __main__:main:680 - Idle tick.
2025-08-19 13:41:59.785 | INFO     | __main__:job:146 - MT5 cycle: features=6 inserted=6 skipped=0
2025-08-19 13:42:00.291 | DEBUG    | __main__:main:680 - Idle tick.
2025-08-19 13:42:01.325 | DEBUG    | __main__:main:680 - Idle tick.
2025-08-19 13:42:02.361 | DEBUG    | __main__:main:680 - Idle tick.
2025-08-19 13:42:02.524 | DEBUG    | __main__:main:154 - OK (sin alertas).
2025-08-19 13:42:03.387 | DEBUG    | __main__:main:680 - Idle tick.
2025-08-19 13:42:04.405 | DEBUG    | __main__:main:680 - Idle tick.
2025-08-19 13:42:04.862 | INFO     | __main__:job:146 - MT5 cycle: features=6 inserted=6 skipped=0
2025-08-19 13:42:05.422 | DEBUG    | __main__:main:680 - Idle tick.
2025-08-19 13:42:06.449 | DEBUG    | __main__:main:680 - Idle tick.
2025-08-19 13:42:07.486 | DEBUG    | __main__:main:680 - Idle tick.
2025-08-19 13:42:08.509 | DEBUG    | __main__:main:680 - Idle tick.
2025-08-19 13:42:09.526 | DEBUG    | __main__:main:680 - Idle tick.
2025-08-19 13:42:09.900 | INFO     | __main__:job:146 - MT5 cycle: features=6 inserted=6 skipped=0
2025-08-19 13:42:10.549 | DEBUG    | __main__:main:680 - Idle tick.
2025-08-19 13:42:11.574 | DEBUG    | __main__:main:680 - Idle tick.
2025-08-19 13:42:12.608 | DEBUG    | __main__:main:680 - Idle tick.
2025-08-19 13:42:13.641 | DEBUG    | __main__:main:680 - Idle tick.
2025-08-19 13:42:14.666 | DEBUG    | __main__:main:680 - Idle tick.
2025-08-19 13:42:14.966 | INFO     | __main__:job:146 - MT5 cycle: features=6 inserted=6 skipped=0
2025-08-19 13:42:15.706 | DEBUG    | __main__:main:680 - Idle tick.
2025-08-19 13:42:16.743 | DEBUG    | __main__:main:680 - Idle tick.
2025-08-19 13:42:17.777 | DEBUG    | __main__:main:680 - Idle tick.
2025-08-19 13:42:18.810 | DEBUG    | __main__:main:680 - Idle tick.
2025-08-19 13:42:19.833 | DEBUG    | __main__:main:680 - Idle tick.
2025-08-19 13:42:20.013 | INFO     | __main__:job:146 - MT5 cycle: features=6 inserted=6 skipped=0
2025-08-19 13:42:20.857 | DEBUG    | __main__:main:680 - Idle tick.
2025-08-19 13:42:21.870 | DEBUG    | __main__:main:680 - Idle tick.
2025-08-19 13:42:22.914 | DEBUG    | __main__:main:680 - Idle tick.
2025-08-19 13:42:23.950 | DEBUG    | __main__:main:680 - Idle tick.
2025-08-19 13:42:24.966 | DEBUG    | __main__:main:680 - Idle tick.
2025-08-19 13:42:25.056 | INFO     | __main__:job:146 - MT5 cycle: features=6 inserted=6 skipped=0
2025-08-19 13:42:26.001 | DEBUG    | __main__:main:680 - Idle tick.
2025-08-19 13:42:27.037 | DEBUG    | __main__:main:680 - Idle tick.
2025-08-19 13:42:28.069 | DEBUG    | __main__:main:680 - Idle tick.
2025-08-19 13:42:29.102 | DEBUG    | __main__:main:680 - Idle tick.
2025-08-19 13:42:30.110 | INFO     | __main__:job:146 - MT5 cycle: features=6 inserted=6 skipped=0
2025-08-19 13:42:30.115 | DEBUG    | __main__:main:680 - Idle tick.
2025-08-19 13:42:31.153 | DEBUG    | __main__:main:680 - Idle tick.
2025-08-19 13:42:32.181 | DEBUG    | __main__:main:680 - Idle tick.
2025-08-19 13:42:33.204 | DEBUG    | __main__:main:680 - Idle tick.
2025-08-19 13:42:34.222 | DEBUG    | __main__:main:680 - Idle tick.
2025-08-19 13:42:35.153 | INFO     | __main__:job:146 - MT5 cycle: features=6 inserted=6 skipped=0
2025-08-19 13:42:35.247 | DEBUG    | __main__:main:680 - Idle tick.
2025-08-19 13:42:36.279 | DEBUG    | __main__:main:680 - Idle tick.
2025-08-19 13:42:37.307 | DEBUG    | __main__:main:680 - Idle tick.
2025-08-19 13:42:38.331 | DEBUG    | __main__:main:680 - Idle tick.
2025-08-19 13:42:39.362 | DEBUG    | __main__:main:680 - Idle tick.
2025-08-19 13:42:40.228 | INFO     | __main__:job:146 - MT5 cycle: features=6 inserted=6 skipped=0
2025-08-19 13:42:40.400 | DEBUG    | __main__:main:680 - Idle tick.
2025-08-19 13:42:41.432 | DEBUG    | __main__:main:680 - Idle tick.
2025-08-19 13:42:42.462 | DEBUG    | __main__:main:680 - Idle tick.
2025-08-19 13:42:43.496 | DEBUG    | __main__:main:680 - Idle tick.
2025-08-19 13:42:44.530 | DEBUG    | __main__:main:680 - Idle tick.
2025-08-19 13:42:45.283 | INFO     | __main__:job:146 - MT5 cycle: features=6 inserted=6 skipped=0
2025-08-19 13:42:45.569 | DEBUG    | __main__:main:680 - Idle tick.
2025-08-19 13:42:45.623 | INFO     | __main__:main:337 - MOVE 81.82330322265625
2025-08-19 13:42:45.926 | INFO     | __main__:main:352 - GVZ 14.90999984741211
2025-08-19 13:42:46.249 | INFO     | __main__:main:367 - OVX 33.849998474121094
2025-08-19 13:42:46.531 | INFO     | __main__:main:382 - VXN 19.1200008392334
2025-08-19 13:42:46.596 | DEBUG    | __main__:main:680 - Idle tick.
2025-08-19 13:42:47.226 | INFO     | __main__:_upsert_simple_fred:227 - UST2Y 3.75 (FRED:DGS2)
2025-08-19 13:42:47.630 | DEBUG    | __main__:main:680 - Idle tick.
2025-08-19 13:42:47.666 | INFO     | __main__:_upsert_simple_fred:227 - UST30Y 4.92 (FRED:DGS30)
2025-08-19 13:42:47.984 | INFO     | __main__:main:505 - UST10Y 4.33% (stored=0.0433) FRED
2025-08-19 13:42:48.667 | DEBUG    | __main__:main:680 - Idle tick.
2025-08-19 13:42:49.705 | DEBUG    | __main__:main:680 - Idle tick.
2025-08-19 13:42:50.331 | INFO     | __main__:job:146 - MT5 cycle: features=6 inserted=6 skipped=0
2025-08-19 13:42:50.730 | DEBUG    | __main__:main:680 - Idle tick.
2025-08-19 13:42:50.871 | INFO     | __main__:main:678 - CALENDAR_BLOCK 0 | next=None
2025-08-19 13:42:50.876 | INFO     | __main__:main:716 - SPREAD_2S10S -3.7067
2025-08-19 13:42:51.081 | INFO     | __main__:main:873 - RELVOL_SPY_20D 0.64 (vol 44115216 / avg20 69063756)
2025-08-19 13:42:51.295 | INFO     | __main__:main:873 - RELVOL_QQQ_20D 0.93 (vol 40287213 / avg20 43342611)
2025-08-19 13:42:51.473 | INFO     | __main__:main:873 - RELVOL_HYG_20D 0.48 (vol 15179413 / avg20 31660816)
2025-08-19 13:42:51.649 | INFO     | __main__:main:873 - RELVOL_LQD_20D 0.71 (vol 18216036 / avg20 25529952)
2025-08-19 13:42:51.763 | DEBUG    | __main__:main:680 - Idle tick.
2025-08-19 13:42:52.801 | DEBUG    | __main__:main:680 - Idle tick.
2025-08-19 13:42:53.830 | DEBUG    | __main__:main:680 - Idle tick.
2025-08-19 13:42:54.868 | DEBUG    | __main__:main:680 - Idle tick.
2025-08-19 13:42:55.366 | INFO     | __main__:job:146 - MT5 cycle: features=6 inserted=6 skipped=0
2025-08-19 13:42:55.905 | DEBUG    | __main__:main:680 - Idle tick.
2025-08-19 13:42:56.943 | DEBUG    | __main__:main:680 - Idle tick.
2025-08-19 13:42:57.965 | DEBUG    | __main__:main:680 - Idle tick.
2025-08-19 13:42:58.014 | INFO     | __main__:main:433 - VIX 15.75
2025-08-19 13:42:58.598 | INFO     | __main__:main:451 - DXY 98.2509994506836 (DX-Y.NYB)
2025-08-19 13:42:58.983 | DEBUG    | __main__:main:680 - Idle tick.
2025-08-19 13:43:00.001 | DEBUG    | __main__:main:680 - Idle tick.
2025-08-19 13:43:00.405 | INFO     | __main__:job:146 - MT5 cycle: features=6 inserted=6 skipped=0
2025-08-19 13:43:01.040 | DEBUG    | __main__:main:680 - Idle tick.
2025-08-19 13:43:02.062 | DEBUG    | __main__:main:680 - Idle tick.
2025-08-19 13:43:02.568 | DEBUG    | __main__:main:154 - OK (sin alertas).
2025-08-19 13:43:03.089 | DEBUG    | __main__:main:680 - Idle tick.
2025-08-19 13:43:04.117 | DEBUG    | __main__:main:680 - Idle tick.
2025-08-19 13:43:05.149 | DEBUG    | __main__:main:680 - Idle tick.
2025-08-19 13:43:05.446 | INFO     | __main__:job:146 - MT5 cycle: features=6 inserted=6 skipped=0
2025-08-19 13:43:06.186 | DEBUG    | __main__:main:680 - Idle tick.
2025-08-19 13:43:07.225 | DEBUG    | __main__:main:680 - Idle tick.
2025-08-19 13:43:08.256 | DEBUG    | __main__:main:680 - Idle tick.
2025-08-19 13:43:09.292 | DEBUG    | __main__:main:680 - Idle tick.
2025-08-19 13:43:10.323 | DEBUG    | __main__:main:680 - Idle tick.
2025-08-19 13:43:10.491 | INFO     | __main__:job:146 - MT5 cycle: features=6 inserted=6 skipped=0
2025-08-19 13:43:11.337 | DEBUG    | __main__:main:680 - Idle tick.
2025-08-19 13:43:12.365 | DEBUG    | __main__:main:680 - Idle tick.
2025-08-19 13:43:13.390 | DEBUG    | __main__:main:680 - Idle tick.
2025-08-19 13:43:14.426 | DEBUG    | __main__:main:680 - Idle tick.
2025-08-19 13:43:15.464 | DEBUG    | __main__:main:680 - Idle tick.
2025-08-19 13:43:15.551 | INFO     | __main__:job:146 - MT5 cycle: features=6 inserted=6 skipped=0
2025-08-19 13:43:16.482 | DEBUG    | __main__:main:680 - Idle tick.
2025-08-19 13:43:17.527 | DEBUG    | __main__:main:680 - Idle tick.
2025-08-19 13:43:18.560 | DEBUG    | __main__:main:680 - Idle tick.
2025-08-19 13:43:19.593 | DEBUG    | __main__:main:680 - Idle tick.
2025-08-19 13:43:20.593 | INFO     | __main__:job:146 - MT5 cycle: features=6 inserted=6 skipped=0
2025-08-19 13:43:20.618 | DEBUG    | __main__:main:680 - Idle tick.
2025-08-19 13:43:21.661 | DEBUG    | __main__:main:680 - Idle tick.
2025-08-19 13:43:22.699 | DEBUG    | __main__:main:680 - Idle tick.
2025-08-19 13:43:23.737 | DEBUG    | __main__:main:680 - Idle tick.
2025-08-19 13:43:24.752 | DEBUG    | __main__:main:680 - Idle tick.
2025-08-19 13:43:25.649 | INFO     | __main__:job:146 - MT5 cycle: features=6 inserted=6 skipped=0
2025-08-19 13:43:25.768 | DEBUG    | __main__:main:680 - Idle tick.
2025-08-19 13:43:26.792 | DEBUG    | __main__:main:680 - Idle tick.
2025-08-19 13:43:27.825 | DEBUG    | __main__:main:680 - Idle tick.
2025-08-19 13:43:28.856 | DEBUG    | __main__:main:680 - Idle tick.
2025-08-19 13:43:29.884 | DEBUG    | __main__:main:680 - Idle tick.
2025-08-19 13:43:30.709 | INFO     | __main__:job:146 - MT5 cycle: features=6 inserted=6 skipped=0
2025-08-19 13:43:30.924 | DEBUG    | __main__:main:680 - Idle tick.
2025-08-19 13:43:31.954 | DEBUG    | __main__:main:680 - Idle tick.
2025-08-19 13:43:32.980 | DEBUG    | __main__:main:680 - Idle tick.
2025-08-19 13:43:33.993 | DEBUG    | __main__:main:680 - Idle tick.
2025-08-19 13:43:35.030 | DEBUG    | __main__:main:680 - Idle tick.
2025-08-19 13:43:35.768 | INFO     | __main__:job:146 - MT5 cycle: features=6 inserted=6 skipped=0
2025-08-19 13:43:36.044 | DEBUG    | __main__:main:680 - Idle tick.
2025-08-19 13:43:37.074 | DEBUG    | __main__:main:680 - Idle tick.
2025-08-19 13:43:38.110 | DEBUG    | __main__:main:680 - Idle tick.
2025-08-19 13:43:39.131 | DEBUG    | __main__:main:680 - Idle tick.
2025-08-19 13:43:40.156 | DEBUG    | __main__:main:680 - Idle tick.
2025-08-19 13:43:40.831 | INFO     | __main__:job:146 - MT5 cycle: features=6 inserted=6 skipped=0
2025-08-19 13:43:41.188 | DEBUG    | __main__:main:680 - Idle tick.
2025-08-19 13:43:42.207 | DEBUG    | __main__:main:680 - Idle tick.
2025-08-19 13:43:43.236 | DEBUG    | __main__:main:680 - Idle tick.
2025-08-19 13:43:44.268 | DEBUG    | __main__:main:680 - Idle tick.
2025-08-19 13:43:45.302 | DEBUG    | __main__:main:680 - Idle tick.
2025-08-19 13:43:45.896 | INFO     | __main__:job:146 - MT5 cycle: features=6 inserted=6 skipped=0
2025-08-19 13:43:46.350 | DEBUG    | __main__:main:680 - Idle tick.
2025-08-19 13:43:47.370 | DEBUG    | __main__:main:680 - Idle tick.
2025-08-19 13:43:48.403 | DEBUG    | __main__:main:680 - Idle tick.
2025-08-19 13:43:49.427 | DEBUG    | __main__:main:680 - Idle tick.
2025-08-19 13:43:50.458 | DEBUG    | __main__:main:680 - Idle tick.
2025-08-19 13:43:50.956 | INFO     | __main__:job:146 - MT5 cycle: features=6 inserted=6 skipped=0
2025-08-19 13:43:51.492 | DEBUG    | __main__:main:680 - Idle tick.
2025-08-19 13:43:52.508 | DEBUG    | __main__:main:680 - Idle tick.
2025-08-19 13:43:53.540 | DEBUG    | __main__:main:680 - Idle tick.
2025-08-19 13:43:54.569 | DEBUG    | __main__:main:680 - Idle tick.
2025-08-19 13:43:55.594 | DEBUG    | __main__:main:680 - Idle tick.
2025-08-19 13:43:55.997 | INFO     | __main__:job:146 - MT5 cycle: features=6 inserted=6 skipped=0
2025-08-19 13:43:56.620 | DEBUG    | __main__:get_latest_features:144 - Snapshot macro | rows=%d | ms=%d
2025-08-19 13:43:56.620 | INFO     | __main__:evaluate_tier:442 - Eval %s | can_open_new=%s rm=%.2f band=%s hb=%s scen=%d groups=%s missing=%d snap=%d | ms=%d
2025-08-19 13:43:56.626 | INFO     | __main__:insert_macro_state:188 - Insert macro_state | tier=%s rm=%.2f groups=%s prio=%d avoid=%d hb=%s | ms=%d
2025-08-19 13:43:56.627 | DEBUG    | __main__:main:628 - FAST ok | ms=%d
2025-08-19 13:43:56.627 | DEBUG    | __main__:main:684 - Loop ms=%d
2025-08-19 13:43:56.660 | DEBUG    | __main__:main:680 - Idle tick.
2025-08-19 13:43:57.680 | DEBUG    | __main__:main:680 - Idle tick.
2025-08-19 13:43:58.715 | DEBUG    | __main__:main:680 - Idle tick.
2025-08-19 13:43:58.927 | INFO     | __main__:main:433 - VIX 15.720000267028809
2025-08-19 13:43:59.266 | INFO     | __main__:main:451 - DXY 98.26100158691406 (DX-Y.NYB)
2025-08-19 13:43:59.733 | DEBUG    | __main__:main:680 - Idle tick.
2025-08-19 13:44:00.768 | DEBUG    | __main__:main:680 - Idle tick.
2025-08-19 13:44:01.086 | INFO     | __main__:job:146 - MT5 cycle: features=6 inserted=6 skipped=0
2025-08-19 13:44:01.790 | DEBUG    | __main__:main:680 - Idle tick.
2025-08-19 13:44:02.617 | DEBUG    | __main__:main:154 - OK (sin alertas).
2025-08-19 13:44:02.814 | DEBUG    | __main__:main:680 - Idle tick.
2025-08-19 13:44:03.846 | DEBUG    | __main__:main:680 - Idle tick.
2025-08-19 13:44:04.885 | DEBUG    | __main__:main:680 - Idle tick.
2025-08-19 13:44:05.922 | DEBUG    | __main__:main:680 - Idle tick.
2025-08-19 13:44:06.140 | INFO     | __main__:job:146 - MT5 cycle: features=6 inserted=6 skipped=0
2025-08-19 13:44:06.939 | DEBUG    | __main__:main:680 - Idle tick.
2025-08-19 13:44:07.967 | DEBUG    | __main__:main:680 - Idle tick.
2025-08-19 13:44:09.002 | DEBUG    | __main__:main:680 - Idle tick.
2025-08-19 13:44:10.030 | DEBUG    | __main__:main:680 - Idle tick.
2025-08-19 13:44:11.068 | DEBUG    | __main__:main:680 - Idle tick.
2025-08-19 13:44:11.195 | INFO     | __main__:job:146 - MT5 cycle: features=6 inserted=6 skipped=0
2025-08-19 13:44:12.087 | DEBUG    | __main__:main:680 - Idle tick.
2025-08-19 13:44:13.115 | DEBUG    | __main__:main:680 - Idle tick.
2025-08-19 13:44:14.138 | DEBUG    | __main__:main:680 - Idle tick.
2025-08-19 13:44:15.166 | DEBUG    | __main__:main:680 - Idle tick.
2025-08-19 13:44:16.184 | DEBUG    | __main__:main:680 - Idle tick.
2025-08-19 13:44:16.255 | INFO     | __main__:job:146 - MT5 cycle: features=6 inserted=6 skipped=0
2025-08-19 13:44:17.208 | DEBUG    | __main__:main:680 - Idle tick.
2025-08-19 13:44:18.238 | DEBUG    | __main__:main:680 - Idle tick.
2025-08-19 13:44:19.272 | DEBUG    | __main__:main:680 - Idle tick.
2025-08-19 13:44:20.296 | DEBUG    | __main__:main:680 - Idle tick.
2025-08-19 13:44:21.299 | INFO     | __main__:job:146 - MT5 cycle: features=6 inserted=6 skipped=0
2025-08-19 13:44:21.319 | DEBUG    | __main__:main:680 - Idle tick.
2025-08-19 13:44:22.356 | DEBUG    | __main__:main:680 - Idle tick.
2025-08-19 13:44:23.392 | DEBUG    | __main__:main:680 - Idle tick.
2025-08-19 13:44:24.426 | DEBUG    | __main__:main:680 - Idle tick.
2025-08-19 13:44:25.452 | DEBUG    | __main__:main:680 - Idle tick.
2025-08-19 13:44:26.371 | INFO     | __main__:job:146 - MT5 cycle: features=6 inserted=6 skipped=0
2025-08-19 13:44:26.475 | DEBUG    | __main__:main:680 - Idle tick.
2025-08-19 13:44:27.514 | DEBUG    | __main__:main:680 - Idle tick.
2025-08-19 13:44:28.536 | DEBUG    | __main__:main:680 - Idle tick.
2025-08-19 13:44:29.568 | DEBUG    | __main__:main:680 - Idle tick.
2025-08-19 13:44:30.606 | DEBUG    | __main__:main:680 - Idle tick.
2025-08-19 13:44:31.416 | INFO     | __main__:job:146 - MT5 cycle: features=6 inserted=6 skipped=0
2025-08-19 13:44:31.641 | DEBUG    | __main__:main:680 - Idle tick.
2025-08-19 13:44:32.679 | DEBUG    | __main__:main:680 - Idle tick.
2025-08-19 13:44:33.702 | DEBUG    | __main__:main:680 - Idle tick.
2025-08-19 13:44:34.734 | DEBUG    | __main__:main:680 - Idle tick.
2025-08-19 13:44:35.771 | DEBUG    | __main__:main:680 - Idle tick.
2025-08-19 13:44:36.465 | INFO     | __main__:job:146 - MT5 cycle: features=6 inserted=6 skipped=0
2025-08-19 13:44:36.805 | DEBUG    | __main__:main:680 - Idle tick.
2025-08-19 13:44:37.829 | DEBUG    | __main__:main:680 - Idle tick.
2025-08-19 13:44:38.849 | DEBUG    | __main__:main:680 - Idle tick.
2025-08-19 13:44:39.874 | DEBUG    | __main__:main:680 - Idle tick.
2025-08-19 13:44:40.894 | DEBUG    | __main__:main:680 - Idle tick.
2025-08-19 13:44:41.524 | INFO     | __main__:job:146 - MT5 cycle: features=6 inserted=6 skipped=0
2025-08-19 13:44:41.929 | DEBUG    | __main__:main:680 - Idle tick.
2025-08-19 13:44:42.968 | DEBUG    | __main__:main:680 - Idle tick.
2025-08-19 13:44:43.984 | DEBUG    | __main__:main:680 - Idle tick.
2025-08-19 13:44:45.010 | DEBUG    | __main__:main:680 - Idle tick.
2025-08-19 13:44:46.048 | DEBUG    | __main__:main:680 - Idle tick.
2025-08-19 13:44:46.584 | INFO     | __main__:job:146 - MT5 cycle: features=6 inserted=6 skipped=0
2025-08-19 13:44:47.077 | DEBUG    | __main__:main:680 - Idle tick.
2025-08-19 13:44:48.093 | DEBUG    | __main__:main:680 - Idle tick.
2025-08-19 13:44:49.128 | DEBUG    | __main__:main:680 - Idle tick.
2025-08-19 13:44:50.144 | DEBUG    | __main__:main:680 - Idle tick.
2025-08-19 13:44:51.177 | DEBUG    | __main__:main:680 - Idle tick.
2025-08-19 13:44:51.623 | INFO     | __main__:job:146 - MT5 cycle: features=6 inserted=6 skipped=0
2025-08-19 13:44:52.199 | DEBUG    | __main__:main:680 - Idle tick.
2025-08-19 13:44:53.224 | DEBUG    | __main__:main:680 - Idle tick.
2025-08-19 13:44:54.261 | DEBUG    | __main__:main:680 - Idle tick.
2025-08-19 13:44:55.291 | DEBUG    | __main__:main:680 - Idle tick.
2025-08-19 13:44:56.316 | DEBUG    | __main__:main:680 - Idle tick.
2025-08-19 13:44:56.691 | INFO     | __main__:job:146 - MT5 cycle: features=6 inserted=6 skipped=0
2025-08-19 13:44:57.335 | DEBUG    | __main__:main:680 - Idle tick.
2025-08-19 13:44:58.369 | DEBUG    | __main__:main:680 - Idle tick.
2025-08-19 13:44:59.405 | DEBUG    | __main__:main:680 - Idle tick.
2025-08-19 13:44:59.612 | INFO     | __main__:main:433 - VIX 15.729999542236328
2025-08-19 13:45:00.241 | INFO     | __main__:main:451 - DXY 98.26599884033203 (DX-Y.NYB)
2025-08-19 13:45:00.429 | DEBUG    | __main__:main:680 - Idle tick.
2025-08-19 13:45:01.451 | DEBUG    | __main__:main:680 - Idle tick.
2025-08-19 13:45:01.740 | INFO     | __main__:job:146 - MT5 cycle: features=6 inserted=6 skipped=0
2025-08-19 13:45:02.477 | DEBUG    | __main__:main:680 - Idle tick.
2025-08-19 13:45:02.647 | DEBUG    | __main__:main:154 - OK (sin alertas).
2025-08-19 13:45:03.511 | DEBUG    | __main__:main:680 - Idle tick.
2025-08-19 13:45:04.526 | DEBUG    | __main__:main:680 - Idle tick.
2025-08-19 13:45:05.562 | DEBUG    | __main__:main:680 - Idle tick.
2025-08-19 13:45:06.589 | DEBUG    | __main__:main:680 - Idle tick.
2025-08-19 13:45:06.807 | INFO     | __main__:job:146 - MT5 cycle: features=6 inserted=6 skipped=0
2025-08-19 13:45:07.611 | DEBUG    | __main__:main:680 - Idle tick.
2025-08-19 13:45:08.649 | DEBUG    | __main__:main:680 - Idle tick.
2025-08-19 13:45:09.672 | DEBUG    | __main__:main:680 - Idle tick.
2025-08-19 13:45:10.699 | DEBUG    | __main__:main:680 - Idle tick.
2025-08-19 13:45:11.728 | DEBUG    | __main__:main:680 - Idle tick.
2025-08-19 13:45:11.846 | INFO     | __main__:job:146 - MT5 cycle: features=6 inserted=6 skipped=0
2025-08-19 13:45:12.751 | DEBUG    | __main__:main:680 - Idle tick.
2025-08-19 13:45:13.775 | DEBUG    | __main__:main:680 - Idle tick.
2025-08-19 13:45:14.808 | DEBUG    | __main__:main:680 - Idle tick.
2025-08-19 13:45:15.828 | DEBUG    | __main__:main:680 - Idle tick.
2025-08-19 13:45:16.864 | DEBUG    | __main__:main:680 - Idle tick.
2025-08-19 13:45:16.881 | INFO     | __main__:job:146 - MT5 cycle: features=6 inserted=6 skipped=0
2025-08-19 13:45:17.889 | DEBUG    | __main__:main:680 - Idle tick.
2025-08-19 13:45:18.927 | DEBUG    | __main__:main:680 - Idle tick.
2025-08-19 13:45:19.949 | DEBUG    | __main__:main:680 - Idle tick.
2025-08-19 13:45:20.978 | DEBUG    | __main__:main:680 - Idle tick.
2025-08-19 13:45:21.928 | INFO     | __main__:job:146 - MT5 cycle: features=6 inserted=6 skipped=0
2025-08-19 13:45:22.002 | DEBUG    | __main__:main:680 - Idle tick.
2025-08-19 13:45:23.039 | DEBUG    | __main__:main:680 - Idle tick.
2025-08-19 13:45:24.055 | DEBUG    | __main__:main:680 - Idle tick.
2025-08-19 13:45:25.086 | DEBUG    | __main__:main:680 - Idle tick.
2025-08-19 13:45:26.100 | DEBUG    | __main__:main:680 - Idle tick.
2025-08-19 13:45:26.969 | INFO     | __main__:job:146 - MT5 cycle: features=6 inserted=6 skipped=0
2025-08-19 13:45:27.116 | DEBUG    | __main__:main:680 - Idle tick.
2025-08-19 13:45:28.142 | DEBUG    | __main__:main:680 - Idle tick.
2025-08-19 13:45:29.172 | DEBUG    | __main__:main:680 - Idle tick.
2025-08-19 13:45:30.209 | DEBUG    | __main__:main:680 - Idle tick.
2025-08-19 13:45:31.232 | DEBUG    | __main__:main:680 - Idle tick.
2025-08-19 13:45:32.016 | INFO     | __main__:job:146 - MT5 cycle: features=6 inserted=6 skipped=0
2025-08-19 13:45:32.264 | DEBUG    | __main__:main:680 - Idle tick.
2025-08-19 13:45:33.294 | DEBUG    | __main__:main:680 - Idle tick.
2025-08-19 13:45:34.324 | DEBUG    | __main__:main:680 - Idle tick.
2025-08-19 13:45:35.345 | DEBUG    | __main__:main:680 - Idle tick.
2025-08-19 13:45:36.368 | DEBUG    | __main__:main:680 - Idle tick.
2025-08-19 13:45:37.086 | INFO     | __main__:job:146 - MT5 cycle: features=6 inserted=6 skipped=0
2025-08-19 13:45:37.385 | DEBUG    | __main__:main:680 - Idle tick.
2025-08-19 13:45:38.413 | DEBUG    | __main__:main:680 - Idle tick.
2025-08-19 13:45:39.439 | DEBUG    | __main__:main:680 - Idle tick.
2025-08-19 13:45:40.471 | DEBUG    | __main__:main:680 - Idle tick.
2025-08-19 13:45:41.504 | DEBUG    | __main__:main:680 - Idle tick.
2025-08-19 13:45:42.124 | INFO     | __main__:job:146 - MT5 cycle: features=6 inserted=6 skipped=0
2025-08-19 13:45:42.539 | DEBUG    | __main__:main:680 - Idle tick.
2025-08-19 13:45:43.562 | DEBUG    | __main__:main:680 - Idle tick.
2025-08-19 13:45:44.600 | DEBUG    | __main__:main:680 - Idle tick.
2025-08-19 13:45:45.635 | DEBUG    | __main__:main:680 - Idle tick.
2025-08-19 13:45:46.668 | DEBUG    | __main__:main:680 - Idle tick.
2025-08-19 13:45:47.174 | INFO     | __main__:job:146 - MT5 cycle: features=6 inserted=6 skipped=0
2025-08-19 13:45:47.709 | DEBUG    | __main__:main:680 - Idle tick.
2025-08-19 13:45:48.722 | DEBUG    | __main__:main:680 - Idle tick.
2025-08-19 13:45:49.758 | DEBUG    | __main__:main:680 - Idle tick.
2025-08-19 13:45:50.785 | DEBUG    | __main__:main:680 - Idle tick.
2025-08-19 13:45:51.822 | DEBUG    | __main__:main:680 - Idle tick.
2025-08-19 13:45:52.218 | INFO     | __main__:job:146 - MT5 cycle: features=6 inserted=6 skipped=0
2025-08-19 13:45:52.844 | DEBUG    | __main__:main:680 - Idle tick.
2025-08-19 13:45:53.858 | DEBUG    | __main__:main:680 - Idle tick.
2025-08-19 13:45:54.896 | DEBUG    | __main__:main:680 - Idle tick.
2025-08-19 13:45:55.928 | DEBUG    | __main__:main:680 - Idle tick.
2025-08-19 13:45:56.942 | DEBUG    | __main__:main:680 - Idle tick.
2025-08-19 13:45:57.256 | INFO     | __main__:job:146 - MT5 cycle: features=6 inserted=6 skipped=0
2025-08-19 13:45:57.963 | DEBUG    | __main__:main:680 - Idle tick.
2025-08-19 13:45:58.992 | DEBUG    | __main__:main:680 - Idle tick.
2025-08-19 13:46:00.017 | DEBUG    | __main__:main:680 - Idle tick.
2025-08-19 13:46:00.881 | INFO     | __main__:main:433 - VIX 15.729999542236328
2025-08-19 13:46:01.031 | DEBUG    | __main__:main:680 - Idle tick.
2025-08-19 13:46:01.202 | INFO     | __main__:main:451 - DXY 98.26899719238281 (DX-Y.NYB)
2025-08-19 13:46:02.049 | DEBUG    | __main__:main:680 - Idle tick.
2025-08-19 13:46:02.344 | INFO     | __main__:job:146 - MT5 cycle: features=6 inserted=6 skipped=0
2025-08-19 13:46:02.675 | DEBUG    | __main__:main:154 - OK (sin alertas).
2025-08-19 13:46:03.063 | DEBUG    | __main__:main:680 - Idle tick.
2025-08-19 13:46:04.099 | DEBUG    | __main__:main:680 - Idle tick.
2025-08-19 13:46:05.122 | DEBUG    | __main__:main:680 - Idle tick.
2025-08-19 13:46:06.150 | DEBUG    | __main__:main:680 - Idle tick.
2025-08-19 13:46:07.166 | DEBUG    | __main__:main:680 - Idle tick.
2025-08-19 13:46:07.412 | INFO     | __main__:job:146 - MT5 cycle: features=6 inserted=6 skipped=0
2025-08-19 13:46:08.200 | DEBUG    | __main__:main:680 - Idle tick.
2025-08-19 13:46:09.230 | DEBUG    | __main__:main:680 - Idle tick.
2025-08-19 13:46:10.263 | DEBUG    | __main__:main:680 - Idle tick.
2025-08-19 13:46:11.293 | DEBUG    | __main__:main:680 - Idle tick.
2025-08-19 13:46:12.310 | DEBUG    | __main__:main:680 - Idle tick.
2025-08-19 13:46:12.531 | INFO     | __main__:job:146 - MT5 cycle: features=6 inserted=6 skipped=0
2025-08-19 13:46:13.328 | DEBUG    | __main__:main:680 - Idle tick.
2025-08-19 13:46:14.363 | DEBUG    | __main__:main:680 - Idle tick.
2025-08-19 13:46:15.391 | DEBUG    | __main__:main:680 - Idle tick.
2025-08-19 13:46:16.409 | DEBUG    | __main__:main:680 - Idle tick.
2025-08-19 13:46:17.436 | DEBUG    | __main__:main:680 - Idle tick.
2025-08-19 13:46:17.576 | INFO     | __main__:job:146 - MT5 cycle: features=6 inserted=6 skipped=0
2025-08-19 13:46:18.479 | DEBUG    | __main__:main:680 - Idle tick.
2025-08-19 13:46:19.494 | DEBUG    | __main__:main:680 - Idle tick.
2025-08-19 13:46:20.527 | DEBUG    | __main__:main:680 - Idle tick.
2025-08-19 13:46:21.554 | DEBUG    | __main__:main:680 - Idle tick.
2025-08-19 13:46:22.584 | DEBUG    | __main__:main:680 - Idle tick.
2025-08-19 13:46:22.621 | INFO     | __main__:job:146 - MT5 cycle: features=6 inserted=6 skipped=0
2025-08-19 13:46:23.601 | DEBUG    | __main__:main:680 - Idle tick.
2025-08-19 13:46:24.618 | DEBUG    | __main__:main:680 - Idle tick.
2025-08-19 13:46:25.650 | DEBUG    | __main__:main:680 - Idle tick.
2025-08-19 13:46:26.664 | DEBUG    | __main__:main:680 - Idle tick.
2025-08-19 13:46:27.668 | INFO     | __main__:job:146 - MT5 cycle: features=6 inserted=6 skipped=0
2025-08-19 13:46:27.695 | DEBUG    | __main__:main:680 - Idle tick.
2025-08-19 13:46:28.716 | DEBUG    | __main__:main:680 - Idle tick.
2025-08-19 13:46:29.742 | DEBUG    | __main__:main:680 - Idle tick.
2025-08-19 13:46:30.770 | DEBUG    | __main__:main:680 - Idle tick.
2025-08-19 13:46:31.796 | DEBUG    | __main__:main:680 - Idle tick.
2025-08-19 13:46:32.701 | INFO     | __main__:job:146 - MT5 cycle: features=6 inserted=6 skipped=0
2025-08-19 13:46:32.819 | DEBUG    | __main__:main:680 - Idle tick.
2025-08-19 13:46:33.835 | DEBUG    | __main__:main:680 - Idle tick.
2025-08-19 13:46:34.863 | DEBUG    | __main__:main:680 - Idle tick.
2025-08-19 13:46:35.880 | DEBUG    | __main__:main:680 - Idle tick.
2025-08-19 13:46:36.908 | DEBUG    | __main__:main:680 - Idle tick.
2025-08-19 13:46:37.748 | INFO     | __main__:job:146 - MT5 cycle: features=6 inserted=6 skipped=0
2025-08-19 13:46:37.928 | DEBUG    | __main__:main:680 - Idle tick.
2025-08-19 13:46:38.954 | DEBUG    | __main__:main:680 - Idle tick.
2025-08-19 13:46:39.990 | DEBUG    | __main__:main:680 - Idle tick.
2025-08-19 13:46:41.019 | DEBUG    | __main__:main:680 - Idle tick.
2025-08-19 13:46:42.055 | DEBUG    | __main__:main:680 - Idle tick.
2025-08-19 13:46:42.785 | INFO     | __main__:job:146 - MT5 cycle: features=6 inserted=6 skipped=0
2025-08-19 13:46:43.079 | DEBUG    | __main__:main:680 - Idle tick.
2025-08-19 13:46:44.103 | DEBUG    | __main__:main:680 - Idle tick.
2025-08-19 13:46:45.126 | DEBUG    | __main__:main:680 - Idle tick.
2025-08-19 13:46:46.152 | DEBUG    | __main__:main:680 - Idle tick.
2025-08-19 13:46:47.169 | DEBUG    | __main__:main:680 - Idle tick.
2025-08-19 13:46:47.841 | INFO     | __main__:job:146 - MT5 cycle: features=6 inserted=6 skipped=0
2025-08-19 13:46:48.198 | DEBUG    | __main__:main:680 - Idle tick.
2025-08-19 13:46:49.228 | DEBUG    | __main__:main:680 - Idle tick.
2025-08-19 13:46:50.263 | DEBUG    | __main__:main:680 - Idle tick.
2025-08-19 13:46:51.279 | DEBUG    | __main__:main:680 - Idle tick.
2025-08-19 13:46:52.299 | DEBUG    | __main__:main:680 - Idle tick.
2025-08-19 13:46:52.892 | INFO     | __main__:job:146 - MT5 cycle: features=6 inserted=6 skipped=0
2025-08-19 13:46:53.333 | DEBUG    | __main__:main:680 - Idle tick.
2025-08-19 13:46:54.352 | DEBUG    | __main__:main:680 - Idle tick.
2025-08-19 13:46:55.389 | DEBUG    | __main__:main:680 - Idle tick.
2025-08-19 13:46:56.406 | DEBUG    | __main__:main:680 - Idle tick.
2025-08-19 13:46:57.432 | DEBUG    | __main__:main:680 - Idle tick.
2025-08-19 13:46:57.940 | INFO     | __main__:job:146 - MT5 cycle: features=6 inserted=6 skipped=0
2025-08-19 13:46:58.456 | DEBUG    | __main__:main:680 - Idle tick.
2025-08-19 13:46:59.485 | DEBUG    | __main__:main:680 - Idle tick.
2025-08-19 13:47:00.516 | DEBUG    | __main__:main:680 - Idle tick.
2025-08-19 13:47:01.538 | DEBUG    | __main__:main:680 - Idle tick.
2025-08-19 13:47:01.538 | INFO     | __main__:main:433 - VIX 15.710000038146973
2025-08-19 13:47:01.831 | INFO     | __main__:main:451 - DXY 98.2699966430664 (DX-Y.NYB)
2025-08-19 13:47:02.551 | DEBUG    | __main__:main:680 - Idle tick.
2025-08-19 13:47:02.710 | DEBUG    | __main__:main:154 - OK (sin alertas).
2025-08-19 13:47:03.001 | INFO     | __main__:job:146 - MT5 cycle: features=6 inserted=6 skipped=0
2025-08-19 13:47:03.573 | DEBUG    | __main__:main:680 - Idle tick.
2025-08-19 13:47:04.594 | DEBUG    | __main__:main:680 - Idle tick.
2025-08-19 13:47:05.611 | DEBUG    | __main__:main:680 - Idle tick.
2025-08-19 13:47:06.630 | DEBUG    | __main__:main:680 - Idle tick.
2025-08-19 13:47:07.668 | DEBUG    | __main__:main:680 - Idle tick.
2025-08-19 13:47:08.058 | INFO     | __main__:job:146 - MT5 cycle: features=6 inserted=6 skipped=0
2025-08-19 13:47:08.688 | DEBUG    | __main__:main:680 - Idle tick.
2025-08-19 13:47:09.704 | DEBUG    | __main__:main:680 - Idle tick.
2025-08-19 13:47:10.718 | DEBUG    | __main__:main:680 - Idle tick.
2025-08-19 13:47:11.751 | DEBUG    | __main__:main:680 - Idle tick.
2025-08-19 13:47:12.772 | DEBUG    | __main__:main:680 - Idle tick.
2025-08-19 13:47:13.098 | INFO     | __main__:job:146 - MT5 cycle: features=6 inserted=6 skipped=0
2025-08-19 13:47:13.799 | DEBUG    | __main__:main:680 - Idle tick.
2025-08-19 13:47:14.816 | DEBUG    | __main__:main:680 - Idle tick.
2025-08-19 13:47:15.841 | DEBUG    | __main__:main:680 - Idle tick.
2025-08-19 13:47:16.857 | DEBUG    | __main__:main:680 - Idle tick.
2025-08-19 13:47:17.881 | DEBUG    | __main__:main:680 - Idle tick.
2025-08-19 13:47:18.139 | INFO     | __main__:job:146 - MT5 cycle: features=6 inserted=6 skipped=0
2025-08-19 13:47:18.899 | DEBUG    | __main__:main:680 - Idle tick.
2025-08-19 13:47:19.936 | DEBUG    | __main__:main:680 - Idle tick.
2025-08-19 13:47:20.974 | DEBUG    | __main__:main:680 - Idle tick.
2025-08-19 13:47:22.008 | DEBUG    | __main__:main:680 - Idle tick.
2025-08-19 13:47:23.044 | DEBUG    | __main__:main:680 - Idle tick.
2025-08-19 13:47:23.180 | INFO     | __main__:job:146 - MT5 cycle: features=6 inserted=6 skipped=0
2025-08-19 13:47:24.078 | DEBUG    | __main__:main:680 - Idle tick.
2025-08-19 13:47:25.110 | DEBUG    | __main__:main:680 - Idle tick.
2025-08-19 13:47:26.145 | DEBUG    | __main__:main:680 - Idle tick.
2025-08-19 13:47:27.162 | DEBUG    | __main__:main:680 - Idle tick.
2025-08-19 13:47:28.193 | DEBUG    | __main__:main:680 - Idle tick.
2025-08-19 13:47:28.245 | INFO     | __main__:job:146 - MT5 cycle: features=6 inserted=6 skipped=0
2025-08-19 13:47:29.208 | DEBUG    | __main__:main:680 - Idle tick.
2025-08-19 13:47:30.234 | DEBUG    | __main__:main:680 - Idle tick.
2025-08-19 13:47:31.253 | DEBUG    | __main__:main:680 - Idle tick.
2025-08-19 13:47:32.272 | DEBUG    | __main__:main:680 - Idle tick.
2025-08-19 13:47:33.293 | DEBUG    | __main__:main:680 - Idle tick.
2025-08-19 13:47:33.293 | INFO     | __main__:job:146 - MT5 cycle: features=6 inserted=6 skipped=0
2025-08-19 13:47:34.321 | DEBUG    | __main__:main:680 - Idle tick.
2025-08-19 13:47:35.347 | DEBUG    | __main__:main:680 - Idle tick.
2025-08-19 13:47:36.382 | DEBUG    | __main__:main:680 - Idle tick.
2025-08-19 13:47:37.400 | DEBUG    | __main__:main:680 - Idle tick.
2025-08-19 13:47:38.391 | INFO     | __main__:job:146 - MT5 cycle: features=6 inserted=6 skipped=0
2025-08-19 13:47:38.422 | DEBUG    | __main__:main:680 - Idle tick.
2025-08-19 13:47:39.457 | DEBUG    | __main__:main:680 - Idle tick.
2025-08-19 13:47:40.490 | DEBUG    | __main__:main:680 - Idle tick.
2025-08-19 13:47:41.511 | DEBUG    | __main__:main:680 - Idle tick.
2025-08-19 13:47:42.538 | DEBUG    | __main__:main:680 - Idle tick.
2025-08-19 13:47:43.447 | INFO     | __main__:job:146 - MT5 cycle: features=6 inserted=6 skipped=0
2025-08-19 13:47:43.575 | DEBUG    | __main__:main:680 - Idle tick.
2025-08-19 13:47:44.174 | INFO     | __main__:main:397 - SKEW 153.9499969482422
2025-08-19 13:47:44.537 | INFO     | __main__:_upsert_yahoo_price:244 - COPPER 4.42549991607666
2025-08-19 13:47:44.614 | DEBUG    | __main__:main:680 - Idle tick.
2025-08-19 13:47:44.847 | INFO     | __main__:_upsert_yahoo_price:244 - GOLD_FUT 3361.89990234375
2025-08-19 13:47:45.196 | INFO     | __main__:_upsert_yahoo_price:244 - HYG 80.38500213623047
2025-08-19 13:47:45.633 | INFO     | __main__:_upsert_yahoo_price:244 - LQD 109.74500274658203
2025-08-19 13:47:45.645 | DEBUG    | __main__:main:680 - Idle tick.
2025-08-19 13:47:46.201 | INFO     | __main__:main:573 - CRYPTO F&G 56.0 (Greed)
2025-08-19 13:47:46.213 | INFO     | __main__:main:748 - HYG_LQD_RATIO 0.7324707287296872
2025-08-19 13:47:46.218 | INFO     | __main__:main:780 - COPPER_GOLD_RATIO 0.0013163687333437326
2025-08-19 13:47:46.680 | DEBUG    | __main__:main:680 - Idle tick.
2025-08-19 13:47:47.713 | DEBUG    | __main__:main:680 - Idle tick.
2025-08-19 13:47:48.491 | INFO     | __main__:job:146 - MT5 cycle: features=6 inserted=6 skipped=0
2025-08-19 13:47:48.736 | DEBUG    | __main__:main:680 - Idle tick.
2025-08-19 13:47:49.163 | INFO     | __main__:main:850 - ADV-DEC 6.0 (A:28 D:22 U:0)
2025-08-19 13:47:49.754 | DEBUG    | __main__:main:680 - Idle tick.
2025-08-19 13:47:50.557 | INFO     | __main__:main:894 - FNG_STOCKS 52.0 via https://edition.cnn.com/markets/fear-and-greed
2025-08-19 13:47:50.771 | DEBUG    | __main__:main:680 - Idle tick.
2025-08-19 13:47:51.791 | DEBUG    | __main__:main:680 - Idle tick.
2025-08-19 13:47:52.826 | DEBUG    | __main__:main:680 - Idle tick.
2025-08-19 13:47:53.039 | INFO     | __main__:main:337 - MOVE 81.82330322265625
2025-08-19 13:47:53.351 | INFO     | __main__:main:352 - GVZ 14.920000076293945
2025-08-19 13:47:53.526 | INFO     | __main__:job:146 - MT5 cycle: features=6 inserted=6 skipped=0
2025-08-19 13:47:53.670 | INFO     | __main__:main:367 - OVX 33.93000030517578
2025-08-19 13:47:53.859 | DEBUG    | __main__:main:680 - Idle tick.
2025-08-19 13:47:54.067 | INFO     | __main__:main:382 - VXN 19.06999969482422
2025-08-19 13:47:54.635 | INFO     | __main__:_upsert_simple_fred:227 - UST2Y 3.75 (FRED:DGS2)
2025-08-19 13:47:54.882 | DEBUG    | __main__:main:680 - Idle tick.
2025-08-19 13:47:54.938 | INFO     | __main__:_upsert_simple_fred:227 - UST30Y 4.92 (FRED:DGS30)
2025-08-19 13:47:55.257 | INFO     | __main__:main:505 - UST10Y 4.33% (stored=0.0433) FRED
2025-08-19 13:47:55.903 | DEBUG    | __main__:main:680 - Idle tick.
2025-08-19 13:47:56.935 | DEBUG    | __main__:main:680 - Idle tick.
2025-08-19 13:47:57.960 | DEBUG    | __main__:main:680 - Idle tick.
2025-08-19 13:47:58.174 | INFO     | __main__:main:678 - CALENDAR_BLOCK 0 | next=None
2025-08-19 13:47:58.180 | INFO     | __main__:main:716 - SPREAD_2S10S -3.7067
2025-08-19 13:47:58.420 | INFO     | __main__:main:873 - RELVOL_SPY_20D 0.64 (vol 44535051 / avg20 69084748)
2025-08-19 13:47:58.567 | INFO     | __main__:job:146 - MT5 cycle: features=6 inserted=6 skipped=0
2025-08-19 13:47:58.596 | INFO     | __main__:main:873 - RELVOL_QQQ_20D 0.94 (vol 40738649 / avg20 43365182)
2025-08-19 13:47:58.783 | INFO     | __main__:main:873 - RELVOL_HYG_20D 0.49 (vol 15535770 / avg20 31678634)
2025-08-19 13:47:58.972 | INFO     | __main__:main:873 - RELVOL_LQD_20D 0.72 (vol 18298985 / avg20 25534099)
2025-08-19 13:47:58.985 | DEBUG    | __main__:main:680 - Idle tick.
2025-08-19 13:48:00.017 | DEBUG    | __main__:main:680 - Idle tick.
2025-08-19 13:48:01.058 | DEBUG    | __main__:main:680 - Idle tick.
2025-08-19 13:48:02.092 | DEBUG    | __main__:main:680 - Idle tick.
2025-08-19 13:48:02.741 | DEBUG    | __main__:main:154 - OK (sin alertas).
2025-08-19 13:48:03.119 | DEBUG    | __main__:main:680 - Idle tick.
2025-08-19 13:48:03.280 | INFO     | __main__:main:433 - VIX 15.710000038146973
2025-08-19 13:48:03.575 | INFO     | __main__:main:451 - DXY 98.27200317382812 (DX-Y.NYB)
2025-08-19 13:48:03.613 | INFO     | __main__:job:146 - MT5 cycle: features=6 inserted=6 skipped=0
2025-08-19 13:48:04.136 | DEBUG    | __main__:main:680 - Idle tick.
2025-08-19 13:48:05.170 | DEBUG    | __main__:main:680 - Idle tick.
2025-08-19 13:48:06.199 | DEBUG    | __main__:main:680 - Idle tick.
2025-08-19 13:48:07.213 | DEBUG    | __main__:main:680 - Idle tick.
2025-08-19 13:48:08.242 | DEBUG    | __main__:main:680 - Idle tick.
2025-08-19 13:48:08.651 | INFO     | __main__:job:146 - MT5 cycle: features=6 inserted=6 skipped=0
2025-08-19 13:48:09.274 | DEBUG    | __main__:main:680 - Idle tick.
2025-08-19 13:48:10.301 | DEBUG    | __main__:main:680 - Idle tick.
2025-08-19 13:48:11.338 | DEBUG    | __main__:main:680 - Idle tick.
2025-08-19 13:48:12.361 | DEBUG    | __main__:main:680 - Idle tick.
2025-08-19 13:48:13.398 | DEBUG    | __main__:main:680 - Idle tick.
2025-08-19 13:48:13.687 | INFO     | __main__:job:146 - MT5 cycle: features=6 inserted=6 skipped=0
2025-08-19 13:48:14.423 | DEBUG    | __main__:main:680 - Idle tick.
2025-08-19 13:48:15.459 | DEBUG    | __main__:main:680 - Idle tick.
2025-08-19 13:48:16.477 | DEBUG    | __main__:main:680 - Idle tick.
2025-08-19 13:48:17.496 | DEBUG    | __main__:main:680 - Idle tick.
2025-08-19 13:48:18.523 | DEBUG    | __main__:main:680 - Idle tick.
2025-08-19 13:48:18.774 | INFO     | __main__:job:146 - MT5 cycle: features=6 inserted=6 skipped=0
2025-08-19 13:48:19.547 | DEBUG    | __main__:main:680 - Idle tick.
2025-08-19 13:48:20.570 | DEBUG    | __main__:main:680 - Idle tick.
2025-08-19 13:48:21.594 | DEBUG    | __main__:main:680 - Idle tick.
2025-08-19 13:48:22.618 | DEBUG    | __main__:main:680 - Idle tick.
2025-08-19 13:48:23.645 | DEBUG    | __main__:main:680 - Idle tick.
2025-08-19 13:48:23.827 | INFO     | __main__:job:146 - MT5 cycle: features=6 inserted=6 skipped=0
2025-08-19 13:48:24.678 | DEBUG    | __main__:main:680 - Idle tick.
2025-08-19 13:48:25.718 | DEBUG    | __main__:main:680 - Idle tick.
2025-08-19 13:48:26.757 | DEBUG    | __main__:main:680 - Idle tick.
2025-08-19 13:48:27.793 | DEBUG    | __main__:main:680 - Idle tick.
2025-08-19 13:48:28.819 | DEBUG    | __main__:main:680 - Idle tick.
2025-08-19 13:48:28.889 | INFO     | __main__:job:146 - MT5 cycle: features=6 inserted=6 skipped=0
2025-08-19 13:48:29.838 | DEBUG    | __main__:main:680 - Idle tick.
2025-08-19 13:48:30.869 | DEBUG    | __main__:main:680 - Idle tick.
2025-08-19 13:48:31.902 | DEBUG    | __main__:main:680 - Idle tick.
2025-08-19 13:48:32.929 | DEBUG    | __main__:main:680 - Idle tick.
2025-08-19 13:48:33.925 | INFO     | __main__:job:146 - MT5 cycle: features=6 inserted=6 skipped=0
2025-08-19 13:48:33.952 | DEBUG    | __main__:main:680 - Idle tick.
2025-08-19 13:48:34.975 | DEBUG    | __main__:main:680 - Idle tick.
2025-08-19 13:48:36.014 | DEBUG    | __main__:main:680 - Idle tick.
2025-08-19 13:48:37.045 | DEBUG    | __main__:main:680 - Idle tick.
2025-08-19 13:48:38.060 | DEBUG    | __main__:main:680 - Idle tick.
2025-08-19 13:48:38.971 | INFO     | __main__:job:146 - MT5 cycle: features=6 inserted=6 skipped=0
2025-08-19 13:48:39.092 | DEBUG    | __main__:main:680 - Idle tick.
2025-08-19 13:48:40.128 | DEBUG    | __main__:main:680 - Idle tick.
2025-08-19 13:48:41.144 | DEBUG    | __main__:main:680 - Idle tick.
2025-08-19 13:48:42.161 | DEBUG    | __main__:main:680 - Idle tick.
2025-08-19 13:48:43.200 | DEBUG    | __main__:main:680 - Idle tick.
2025-08-19 13:48:44.038 | INFO     | __main__:job:146 - MT5 cycle: features=6 inserted=6 skipped=0
2025-08-19 13:48:44.222 | DEBUG    | __main__:main:680 - Idle tick.
2025-08-19 13:48:45.241 | DEBUG    | __main__:main:680 - Idle tick.
2025-08-19 13:48:46.258 | DEBUG    | __main__:main:680 - Idle tick.
2025-08-19 13:48:47.272 | DEBUG    | __main__:main:680 - Idle tick.
2025-08-19 13:48:48.305 | DEBUG    | __main__:main:680 - Idle tick.
2025-08-19 13:48:49.081 | INFO     | __main__:job:146 - MT5 cycle: features=6 inserted=6 skipped=0
2025-08-19 13:48:49.330 | DEBUG    | __main__:main:680 - Idle tick.
2025-08-19 13:48:50.356 | DEBUG    | __main__:main:680 - Idle tick.
2025-08-19 13:48:51.382 | DEBUG    | __main__:main:680 - Idle tick.
2025-08-19 13:48:52.403 | DEBUG    | __main__:main:680 - Idle tick.
2025-08-19 13:48:53.426 | DEBUG    | __main__:main:680 - Idle tick.
2025-08-19 13:48:54.137 | INFO     | __main__:job:146 - MT5 cycle: features=6 inserted=6 skipped=0
2025-08-19 13:48:54.463 | DEBUG    | __main__:main:680 - Idle tick.
2025-08-19 13:48:55.489 | DEBUG    | __main__:main:680 - Idle tick.
2025-08-19 13:48:56.521 | DEBUG    | __main__:main:680 - Idle tick.
2025-08-19 13:48:57.557 | DEBUG    | __main__:get_latest_features:144 - Snapshot macro | rows=%d | ms=%d
2025-08-19 13:48:57.558 | INFO     | __main__:evaluate_tier:442 - Eval %s | can_open_new=%s rm=%.2f band=%s hb=%s scen=%d groups=%s missing=%d snap=%d | ms=%d
2025-08-19 13:48:57.565 | INFO     | __main__:insert_macro_state:188 - Insert macro_state | tier=%s rm=%.2f groups=%s prio=%d avoid=%d hb=%s | ms=%d
2025-08-19 13:48:57.568 | DEBUG    | __main__:main:628 - FAST ok | ms=%d
2025-08-19 13:48:57.569 | DEBUG    | __main__:main:684 - Loop ms=%d
2025-08-19 13:48:57.596 | DEBUG    | __main__:main:680 - Idle tick.
2025-08-19 13:48:58.630 | DEBUG    | __main__:main:680 - Idle tick.
2025-08-19 13:48:59.178 | INFO     | __main__:job:146 - MT5 cycle: features=6 inserted=6 skipped=0
2025-08-19 13:48:59.647 | DEBUG    | __main__:main:680 - Idle tick.
2025-08-19 13:49:00.672 | DEBUG    | __main__:main:680 - Idle tick.
2025-08-19 13:49:01.690 | DEBUG    | __main__:main:680 - Idle tick.
2025-08-19 13:49:02.722 | DEBUG    | __main__:main:680 - Idle tick.
2025-08-19 13:49:02.777 | DEBUG    | __main__:main:154 - OK (sin alertas).
2025-08-19 13:49:03.759 | DEBUG    | __main__:main:680 - Idle tick.
2025-08-19 13:49:03.942 | INFO     | __main__:main:433 - VIX 15.720000267028809
2025-08-19 13:49:04.233 | INFO     | __main__:job:146 - MT5 cycle: features=6 inserted=6 skipped=0
2025-08-19 13:49:04.295 | INFO     | __main__:main:451 - DXY 98.2770004272461 (DX-Y.NYB)
2025-08-19 13:49:04.802 | DEBUG    | __main__:main:680 - Idle tick.
2025-08-19 13:49:05.843 | DEBUG    | __main__:main:680 - Idle tick.
2025-08-19 13:49:06.872 | DEBUG    | __main__:main:680 - Idle tick.
2025-08-19 13:49:07.910 | DEBUG    | __main__:main:680 - Idle tick.
2025-08-19 13:49:08.931 | DEBUG    | __main__:main:680 - Idle tick.
2025-08-19 13:49:09.294 | INFO     | __main__:job:146 - MT5 cycle: features=6 inserted=6 skipped=0
2025-08-19 13:49:09.955 | DEBUG    | __main__:main:680 - Idle tick.
2025-08-19 13:49:10.990 | DEBUG    | __main__:main:680 - Idle tick.
2025-08-19 13:49:12.024 | DEBUG    | __main__:main:680 - Idle tick.
2025-08-19 13:49:13.060 | DEBUG    | __main__:main:680 - Idle tick.
2025-08-19 13:49:14.098 | DEBUG    | __main__:main:680 - Idle tick.
2025-08-19 13:49:14.337 | INFO     | __main__:job:146 - MT5 cycle: features=6 inserted=6 skipped=0
2025-08-19 13:49:15.128 | DEBUG    | __main__:main:680 - Idle tick.
2025-08-19 13:49:16.152 | DEBUG    | __main__:main:680 - Idle tick.
2025-08-19 13:49:17.187 | DEBUG    | __main__:main:680 - Idle tick.
2025-08-19 13:49:18.211 | DEBUG    | __main__:main:680 - Idle tick.
2025-08-19 13:49:19.234 | DEBUG    | __main__:main:680 - Idle tick.
2025-08-19 13:49:19.396 | INFO     | __main__:job:146 - MT5 cycle: features=6 inserted=6 skipped=0
2025-08-19 13:49:20.256 | DEBUG    | __main__:main:680 - Idle tick.
2025-08-19 13:49:21.296 | DEBUG    | __main__:main:680 - Idle tick.
2025-08-19 13:49:22.329 | DEBUG    | __main__:main:680 - Idle tick.
2025-08-19 13:49:23.362 | DEBUG    | __main__:main:680 - Idle tick.
2025-08-19 13:49:24.395 | DEBUG    | __main__:main:680 - Idle tick.
2025-08-19 13:49:24.435 | INFO     | __main__:job:146 - MT5 cycle: features=6 inserted=6 skipped=0
2025-08-19 13:49:25.438 | DEBUG    | __main__:main:680 - Idle tick.
2025-08-19 13:49:26.470 | DEBUG    | __main__:main:680 - Idle tick.
2025-08-19 13:49:27.485 | DEBUG    | __main__:main:680 - Idle tick.
2025-08-19 13:49:28.515 | DEBUG    | __main__:main:680 - Idle tick.
2025-08-19 13:49:29.479 | INFO     | __main__:job:146 - MT5 cycle: features=6 inserted=6 skipped=0
2025-08-19 13:49:29.540 | DEBUG    | __main__:main:680 - Idle tick.
2025-08-19 13:49:30.573 | DEBUG    | __main__:main:680 - Idle tick.
2025-08-19 13:49:31.603 | DEBUG    | __main__:main:680 - Idle tick.
2025-08-19 13:49:32.618 | DEBUG    | __main__:main:680 - Idle tick.
2025-08-19 13:49:33.640 | DEBUG    | __main__:main:680 - Idle tick.
2025-08-19 13:49:34.546 | INFO     | __main__:job:146 - MT5 cycle: features=6 inserted=6 skipped=0
2025-08-19 13:49:34.667 | DEBUG    | __main__:main:680 - Idle tick.
2025-08-19 13:49:35.707 | DEBUG    | __main__:main:680 - Idle tick.
2025-08-19 13:49:36.720 | DEBUG    | __main__:main:680 - Idle tick.
2025-08-19 13:49:37.756 | DEBUG    | __main__:main:680 - Idle tick.
2025-08-19 13:49:38.787 | DEBUG    | __main__:main:680 - Idle tick.
2025-08-19 13:49:39.592 | INFO     | __main__:job:146 - MT5 cycle: features=6 inserted=6 skipped=0
2025-08-19 13:49:39.824 | DEBUG    | __main__:main:680 - Idle tick.
2025-08-19 13:49:40.859 | DEBUG    | __main__:main:680 - Idle tick.
2025-08-19 13:49:41.892 | DEBUG    | __main__:main:680 - Idle tick.
2025-08-19 13:49:42.907 | DEBUG    | __main__:main:680 - Idle tick.
2025-08-19 13:49:43.939 | DEBUG    | __main__:main:680 - Idle tick.
2025-08-19 13:49:44.649 | INFO     | __main__:job:146 - MT5 cycle: features=6 inserted=6 skipped=0
2025-08-19 13:49:44.951 | DEBUG    | __main__:main:680 - Idle tick.
2025-08-19 13:49:45.977 | DEBUG    | __main__:main:680 - Idle tick.
2025-08-19 13:49:47.017 | DEBUG    | __main__:main:680 - Idle tick.
2025-08-19 13:49:48.047 | DEBUG    | __main__:main:680 - Idle tick.
2025-08-19 13:49:49.082 | DEBUG    | __main__:main:680 - Idle tick.
2025-08-19 13:49:49.697 | INFO     | __main__:job:146 - MT5 cycle: features=6 inserted=6 skipped=0
2025-08-19 13:49:50.114 | DEBUG    | __main__:main:680 - Idle tick.
2025-08-19 13:49:51.148 | DEBUG    | __main__:main:680 - Idle tick.
2025-08-19 13:49:52.173 | DEBUG    | __main__:main:680 - Idle tick.
2025-08-19 13:49:53.206 | DEBUG    | __main__:main:680 - Idle tick.
2025-08-19 13:49:54.243 | DEBUG    | __main__:main:680 - Idle tick.
2025-08-19 13:49:54.738 | INFO     | __main__:job:146 - MT5 cycle: features=6 inserted=6 skipped=0
2025-08-19 13:49:55.274 | DEBUG    | __main__:main:680 - Idle tick.
2025-08-19 13:49:56.303 | DEBUG    | __main__:main:680 - Idle tick.
2025-08-19 13:49:57.338 | DEBUG    | __main__:main:680 - Idle tick.
2025-08-19 13:49:58.370 | DEBUG    | __main__:main:680 - Idle tick.
2025-08-19 13:49:59.410 | DEBUG    | __main__:main:680 - Idle tick.
2025-08-19 13:49:59.809 | INFO     | __main__:job:146 - MT5 cycle: features=6 inserted=6 skipped=0
2025-08-19 13:50:00.429 | DEBUG    | __main__:main:680 - Idle tick.
2025-08-19 13:50:01.462 | DEBUG    | __main__:main:680 - Idle tick.
2025-08-19 13:50:02.477 | DEBUG    | __main__:main:680 - Idle tick.
2025-08-19 13:50:02.816 | DEBUG    | __main__:main:154 - OK (sin alertas).
2025-08-19 13:50:03.498 | DEBUG    | __main__:main:680 - Idle tick.
2025-08-19 13:50:04.519 | DEBUG    | __main__:main:680 - Idle tick.
2025-08-19 13:50:04.625 | INFO     | __main__:main:433 - VIX 15.760000228881836
2025-08-19 13:50:04.858 | INFO     | __main__:job:146 - MT5 cycle: features=6 inserted=6 skipped=0
2025-08-19 13:50:04.976 | INFO     | __main__:main:451 - DXY 98.27999877929688 (DX-Y.NYB)
2025-08-19 13:50:05.558 | DEBUG    | __main__:main:680 - Idle tick.
2025-08-19 13:50:06.583 | DEBUG    | __main__:main:680 - Idle tick.
2025-08-19 13:50:07.619 | DEBUG    | __main__:main:680 - Idle tick.
2025-08-19 13:50:08.655 | DEBUG    | __main__:main:680 - Idle tick.
2025-08-19 13:50:09.685 | DEBUG    | __main__:main:680 - Idle tick.
2025-08-19 13:50:09.929 | INFO     | __main__:job:146 - MT5 cycle: features=6 inserted=6 skipped=0
2025-08-19 13:50:10.718 | DEBUG    | __main__:main:680 - Idle tick.
2025-08-19 13:50:11.745 | DEBUG    | __main__:main:680 - Idle tick.
2025-08-19 13:50:12.785 | DEBUG    | __main__:main:680 - Idle tick.
2025-08-19 13:50:13.809 | DEBUG    | __main__:main:680 - Idle tick.
2025-08-19 13:50:14.846 | DEBUG    | __main__:main:680 - Idle tick.
2025-08-19 13:50:14.984 | INFO     | __main__:job:146 - MT5 cycle: features=6 inserted=6 skipped=0
2025-08-19 13:50:15.882 | DEBUG    | __main__:main:680 - Idle tick.
2025-08-19 13:50:16.898 | DEBUG    | __main__:main:680 - Idle tick.
2025-08-19 13:50:17.916 | DEBUG    | __main__:main:680 - Idle tick.
2025-08-19 13:50:18.950 | DEBUG    | __main__:main:680 - Idle tick.
2025-08-19 13:50:19.988 | DEBUG    | __main__:main:680 - Idle tick.
2025-08-19 13:50:20.021 | INFO     | __main__:job:146 - MT5 cycle: features=6 inserted=6 skipped=0
2025-08-19 13:50:21.014 | DEBUG    | __main__:main:680 - Idle tick.
2025-08-19 13:50:22.047 | DEBUG    | __main__:main:680 - Idle tick.
2025-08-19 13:50:23.085 | DEBUG    | __main__:main:680 - Idle tick.
2025-08-19 13:50:24.101 | DEBUG    | __main__:main:680 - Idle tick.
2025-08-19 13:50:25.071 | INFO     | __main__:job:146 - MT5 cycle: features=6 inserted=6 skipped=0
2025-08-19 13:50:25.121 | DEBUG    | __main__:main:680 - Idle tick.
2025-08-19 13:50:26.141 | DEBUG    | __main__:main:680 - Idle tick.
2025-08-19 13:50:27.153 | DEBUG    | __main__:main:680 - Idle tick.
2025-08-19 13:50:28.185 | DEBUG    | __main__:main:680 - Idle tick.
2025-08-19 13:50:29.221 | DEBUG    | __main__:main:680 - Idle tick.
2025-08-19 13:50:30.128 | INFO     | __main__:job:146 - MT5 cycle: features=6 inserted=6 skipped=0
2025-08-19 13:50:30.259 | DEBUG    | __main__:main:680 - Idle tick.
2025-08-19 13:50:31.276 | DEBUG    | __main__:main:680 - Idle tick.
2025-08-19 13:50:32.302 | DEBUG    | __main__:main:680 - Idle tick.
2025-08-19 13:50:33.326 | DEBUG    | __main__:main:680 - Idle tick.
2025-08-19 13:50:34.357 | DEBUG    | __main__:main:680 - Idle tick.
2025-08-19 13:50:35.188 | INFO     | __main__:job:146 - MT5 cycle: features=6 inserted=6 skipped=0
2025-08-19 13:50:35.387 | DEBUG    | __main__:main:680 - Idle tick.
2025-08-19 13:50:36.428 | DEBUG    | __main__:main:680 - Idle tick.
2025-08-19 13:50:37.454 | DEBUG    | __main__:main:680 - Idle tick.
2025-08-19 13:50:38.473 | DEBUG    | __main__:main:680 - Idle tick.
2025-08-19 13:50:39.488 | DEBUG    | __main__:main:680 - Idle tick.
2025-08-19 13:50:40.226 | INFO     | __main__:job:146 - MT5 cycle: features=6 inserted=6 skipped=0
2025-08-19 13:50:40.516 | DEBUG    | __main__:main:680 - Idle tick.
2025-08-19 13:50:41.563 | DEBUG    | __main__:main:680 - Idle tick.
2025-08-19 13:50:42.595 | DEBUG    | __main__:main:680 - Idle tick.
2025-08-19 13:50:43.627 | DEBUG    | __main__:main:680 - Idle tick.
2025-08-19 13:50:44.668 | DEBUG    | __main__:main:680 - Idle tick.
2025-08-19 13:50:45.276 | INFO     | __main__:job:146 - MT5 cycle: features=6 inserted=6 skipped=0
2025-08-19 13:50:45.697 | DEBUG    | __main__:main:680 - Idle tick.
2025-08-19 13:50:46.722 | DEBUG    | __main__:main:680 - Idle tick.
2025-08-19 13:50:47.744 | DEBUG    | __main__:main:680 - Idle tick.
2025-08-19 13:50:48.784 | DEBUG    | __main__:main:680 - Idle tick.
2025-08-19 13:50:49.819 | DEBUG    | __main__:main:680 - Idle tick.
2025-08-19 13:50:50.319 | INFO     | __main__:job:146 - MT5 cycle: features=6 inserted=6 skipped=0
2025-08-19 13:50:50.855 | DEBUG    | __main__:main:680 - Idle tick.
2025-08-19 13:50:51.883 | DEBUG    | __main__:main:680 - Idle tick.
2025-08-19 13:50:52.916 | DEBUG    | __main__:main:680 - Idle tick.
2025-08-19 13:50:53.952 | DEBUG    | __main__:main:680 - Idle tick.
2025-08-19 13:50:54.969 | DEBUG    | __main__:main:680 - Idle tick.
2025-08-19 13:50:55.389 | INFO     | __main__:job:146 - MT5 cycle: features=6 inserted=6 skipped=0
2025-08-19 13:50:56.005 | DEBUG    | __main__:main:680 - Idle tick.
2025-08-19 13:50:57.039 | DEBUG    | __main__:main:680 - Idle tick.
2025-08-19 13:50:58.071 | DEBUG    | __main__:main:680 - Idle tick.
2025-08-19 13:50:59.099 | DEBUG    | __main__:main:680 - Idle tick.
2025-08-19 13:51:00.115 | DEBUG    | __main__:main:680 - Idle tick.
2025-08-19 13:51:00.454 | INFO     | __main__:job:146 - MT5 cycle: features=6 inserted=6 skipped=0
2025-08-19 13:51:01.130 | DEBUG    | __main__:main:680 - Idle tick.
2025-08-19 13:51:02.157 | DEBUG    | __main__:main:680 - Idle tick.
2025-08-19 13:51:02.856 | DEBUG    | __main__:main:154 - OK (sin alertas).
2025-08-19 13:51:03.193 | DEBUG    | __main__:main:680 - Idle tick.
2025-08-19 13:51:04.229 | DEBUG    | __main__:main:680 - Idle tick.
2025-08-19 13:51:05.246 | DEBUG    | __main__:main:680 - Idle tick.
2025-08-19 13:51:05.289 | INFO     | __main__:main:433 - VIX 15.760000228881836
2025-08-19 13:51:05.504 | INFO     | __main__:job:146 - MT5 cycle: features=6 inserted=6 skipped=0
2025-08-19 13:51:05.601 | INFO     | __main__:main:451 - DXY 98.27200317382812 (DX-Y.NYB)
2025-08-19 13:51:06.264 | DEBUG    | __main__:main:680 - Idle tick.
2025-08-19 13:51:07.300 | DEBUG    | __main__:main:680 - Idle tick.
2025-08-19 13:51:08.339 | DEBUG    | __main__:main:680 - Idle tick.
2025-08-19 13:51:09.365 | DEBUG    | __main__:main:680 - Idle tick.
2025-08-19 13:51:10.392 | DEBUG    | __main__:main:680 - Idle tick.
2025-08-19 13:51:10.561 | INFO     | __main__:job:146 - MT5 cycle: features=6 inserted=6 skipped=0
2025-08-19 13:51:11.419 | DEBUG    | __main__:main:680 - Idle tick.
2025-08-19 13:51:12.449 | DEBUG    | __main__:main:680 - Idle tick.
2025-08-19 13:51:13.481 | DEBUG    | __main__:main:680 - Idle tick.
2025-08-19 13:51:14.496 | DEBUG    | __main__:main:680 - Idle tick.
2025-08-19 13:51:15.527 | DEBUG    | __main__:main:680 - Idle tick.
2025-08-19 13:51:15.598 | INFO     | __main__:job:146 - MT5 cycle: features=6 inserted=6 skipped=0
2025-08-19 13:51:16.562 | DEBUG    | __main__:main:680 - Idle tick.
2025-08-19 13:51:17.603 | DEBUG    | __main__:main:680 - Idle tick.
2025-08-19 13:51:18.634 | DEBUG    | __main__:main:680 - Idle tick.
2025-08-19 13:51:19.649 | DEBUG    | __main__:main:680 - Idle tick.
2025-08-19 13:51:20.660 | INFO     | __main__:job:146 - MT5 cycle: features=6 inserted=6 skipped=0
2025-08-19 13:51:20.686 | DEBUG    | __main__:main:680 - Idle tick.
2025-08-19 13:51:21.712 | DEBUG    | __main__:main:680 - Idle tick.
2025-08-19 13:51:22.737 | DEBUG    | __main__:main:680 - Idle tick.
2025-08-19 13:51:23.754 | DEBUG    | __main__:main:680 - Idle tick.
2025-08-19 13:51:24.781 | DEBUG    | __main__:main:680 - Idle tick.
2025-08-19 13:51:25.715 | INFO     | __main__:job:146 - MT5 cycle: features=6 inserted=6 skipped=0
2025-08-19 13:51:25.796 | DEBUG    | __main__:main:680 - Idle tick.
2025-08-19 13:51:26.829 | DEBUG    | __main__:main:680 - Idle tick.
2025-08-19 13:51:27.853 | DEBUG    | __main__:main:680 - Idle tick.
2025-08-19 13:51:28.883 | DEBUG    | __main__:main:680 - Idle tick.
2025-08-19 13:51:29.898 | DEBUG    | __main__:main:680 - Idle tick.
2025-08-19 13:51:30.758 | INFO     | __main__:job:146 - MT5 cycle: features=6 inserted=6 skipped=0
2025-08-19 13:51:30.932 | DEBUG    | __main__:main:680 - Idle tick.
2025-08-19 13:51:31.957 | DEBUG    | __main__:main:680 - Idle tick.
2025-08-19 13:51:32.995 | DEBUG    | __main__:main:680 - Idle tick.
2025-08-19 13:51:34.017 | DEBUG    | __main__:main:680 - Idle tick.
2025-08-19 13:51:35.056 | DEBUG    | __main__:main:680 - Idle tick.
2025-08-19 13:51:35.811 | INFO     | __main__:job:146 - MT5 cycle: features=6 inserted=6 skipped=0
2025-08-19 13:51:36.088 | DEBUG    | __main__:main:680 - Idle tick.
2025-08-19 13:51:37.114 | DEBUG    | __main__:main:680 - Idle tick.
2025-08-19 13:51:38.140 | DEBUG    | __main__:main:680 - Idle tick.
2025-08-19 13:51:39.171 | DEBUG    | __main__:main:680 - Idle tick.
2025-08-19 13:51:40.206 | DEBUG    | __main__:main:680 - Idle tick.
2025-08-19 13:51:40.848 | INFO     | __main__:job:146 - MT5 cycle: features=6 inserted=6 skipped=0
2025-08-19 13:51:41.242 | DEBUG    | __main__:main:680 - Idle tick.
2025-08-19 13:51:42.278 | DEBUG    | __main__:main:680 - Idle tick.
2025-08-19 13:51:43.309 | DEBUG    | __main__:main:680 - Idle tick.
2025-08-19 13:51:44.333 | DEBUG    | __main__:main:680 - Idle tick.
2025-08-19 13:51:45.349 | DEBUG    | __main__:main:680 - Idle tick.
2025-08-19 13:51:45.895 | INFO     | __main__:job:146 - MT5 cycle: features=6 inserted=6 skipped=0
2025-08-19 13:51:46.386 | DEBUG    | __main__:main:680 - Idle tick.
2025-08-19 13:51:47.422 | DEBUG    | __main__:main:680 - Idle tick.
2025-08-19 13:51:48.457 | DEBUG    | __main__:main:680 - Idle tick.
2025-08-19 13:51:49.496 | DEBUG    | __main__:main:680 - Idle tick.
2025-08-19 13:51:50.520 | DEBUG    | __main__:main:680 - Idle tick.
2025-08-19 13:51:50.963 | INFO     | __main__:job:146 - MT5 cycle: features=6 inserted=6 skipped=0
2025-08-19 13:51:51.558 | DEBUG    | __main__:main:680 - Idle tick.
2025-08-19 13:51:52.573 | DEBUG    | __main__:main:680 - Idle tick.
2025-08-19 13:51:53.603 | DEBUG    | __main__:main:680 - Idle tick.
2025-08-19 13:51:54.630 | DEBUG    | __main__:main:680 - Idle tick.
2025-08-19 13:51:55.660 | DEBUG    | __main__:main:680 - Idle tick.
2025-08-19 13:51:56.013 | INFO     | __main__:job:146 - MT5 cycle: features=6 inserted=6 skipped=0
2025-08-19 13:51:56.695 | DEBUG    | __main__:main:680 - Idle tick.
2025-08-19 13:51:57.715 | DEBUG    | __main__:main:680 - Idle tick.
2025-08-19 13:51:58.743 | DEBUG    | __main__:main:680 - Idle tick.
2025-08-19 13:51:59.774 | DEBUG    | __main__:main:680 - Idle tick.
2025-08-19 13:52:00.792 | DEBUG    | __main__:main:680 - Idle tick.
2025-08-19 13:52:01.066 | INFO     | __main__:job:146 - MT5 cycle: features=6 inserted=6 skipped=0
2025-08-19 13:52:01.808 | DEBUG    | __main__:main:680 - Idle tick.
2025-08-19 13:52:02.837 | DEBUG    | __main__:main:680 - Idle tick.
2025-08-19 13:52:02.893 | DEBUG    | __main__:main:154 - OK (sin alertas).
2025-08-19 13:52:03.877 | DEBUG    | __main__:main:680 - Idle tick.
2025-08-19 13:52:04.894 | DEBUG    | __main__:main:680 - Idle tick.
2025-08-19 13:52:05.922 | DEBUG    | __main__:main:680 - Idle tick.
2025-08-19 13:52:05.929 | INFO     | __main__:main:433 - VIX 15.789999961853027
2025-08-19 13:52:06.110 | INFO     | __main__:job:146 - MT5 cycle: features=6 inserted=6 skipped=0
2025-08-19 13:52:06.278 | INFO     | __main__:main:451 - DXY 98.28299713134766 (DX-Y.NYB)
2025-08-19 13:52:06.956 | DEBUG    | __main__:main:680 - Idle tick.
2025-08-19 13:52:07.996 | DEBUG    | __main__:main:680 - Idle tick.
2025-08-19 13:52:09.034 | DEBUG    | __main__:main:680 - Idle tick.
2025-08-19 13:52:10.071 | DEBUG    | __main__:main:680 - Idle tick.
2025-08-19 13:52:11.104 | DEBUG    | __main__:main:680 - Idle tick.
2025-08-19 13:52:11.149 | INFO     | __main__:job:146 - MT5 cycle: features=6 inserted=6 skipped=0
2025-08-19 13:52:12.130 | DEBUG    | __main__:main:680 - Idle tick.
2025-08-19 13:52:13.166 | DEBUG    | __main__:main:680 - Idle tick.
2025-08-19 13:52:14.196 | DEBUG    | __main__:main:680 - Idle tick.
2025-08-19 13:52:15.236 | DEBUG    | __main__:main:680 - Idle tick.
2025-08-19 13:52:16.199 | INFO     | __main__:job:146 - MT5 cycle: features=6 inserted=6 skipped=0
2025-08-19 13:52:16.271 | DEBUG    | __main__:main:680 - Idle tick.
2025-08-19 13:52:17.306 | DEBUG    | __main__:main:680 - Idle tick.
2025-08-19 13:52:18.341 | DEBUG    | __main__:main:680 - Idle tick.
2025-08-19 13:52:19.365 | DEBUG    | __main__:main:680 - Idle tick.
2025-08-19 13:52:20.384 | DEBUG    | __main__:main:680 - Idle tick.
2025-08-19 13:52:21.237 | INFO     | __main__:job:146 - MT5 cycle: features=6 inserted=6 skipped=0
2025-08-19 13:52:21.408 | DEBUG    | __main__:main:680 - Idle tick.
2025-08-19 13:52:22.448 | DEBUG    | __main__:main:680 - Idle tick.
2025-08-19 13:52:23.471 | DEBUG    | __main__:main:680 - Idle tick.
2025-08-19 13:52:24.487 | DEBUG    | __main__:main:680 - Idle tick.
2025-08-19 13:52:25.522 | DEBUG    | __main__:main:680 - Idle tick.
2025-08-19 13:52:26.281 | INFO     | __main__:job:146 - MT5 cycle: features=6 inserted=6 skipped=0
2025-08-19 13:52:26.537 | DEBUG    | __main__:main:680 - Idle tick.
2025-08-19 13:52:27.551 | DEBUG    | __main__:main:680 - Idle tick.
2025-08-19 13:52:28.588 | DEBUG    | __main__:main:680 - Idle tick.
2025-08-19 13:52:29.624 | DEBUG    | __main__:main:680 - Idle tick.
2025-08-19 13:52:30.650 | DEBUG    | __main__:main:680 - Idle tick.
2025-08-19 13:52:31.326 | INFO     | __main__:job:146 - MT5 cycle: features=6 inserted=6 skipped=0
2025-08-19 13:52:31.674 | DEBUG    | __main__:main:680 - Idle tick.
2025-08-19 13:52:32.701 | DEBUG    | __main__:main:680 - Idle tick.
2025-08-19 13:52:33.725 | DEBUG    | __main__:main:680 - Idle tick.
2025-08-19 13:52:34.749 | DEBUG    | __main__:main:680 - Idle tick.
2025-08-19 13:52:35.779 | DEBUG    | __main__:main:680 - Idle tick.
2025-08-19 13:52:36.423 | INFO     | __main__:job:146 - MT5 cycle: features=6 inserted=6 skipped=0
2025-08-19 13:52:36.806 | DEBUG    | __main__:main:680 - Idle tick.
2025-08-19 13:52:37.838 | DEBUG    | __main__:main:680 - Idle tick.
2025-08-19 13:52:38.882 | DEBUG    | __main__:main:680 - Idle tick.
2025-08-19 13:52:39.902 | DEBUG    | __main__:main:680 - Idle tick.
2025-08-19 13:52:40.918 | DEBUG    | __main__:main:680 - Idle tick.
2025-08-19 13:52:41.494 | INFO     | __main__:job:146 - MT5 cycle: features=6 inserted=6 skipped=0
2025-08-19 13:52:41.960 | DEBUG    | __main__:main:680 - Idle tick.
2025-08-19 13:52:42.992 | DEBUG    | __main__:main:680 - Idle tick.
2025-08-19 13:52:44.040 | DEBUG    | __main__:main:680 - Idle tick.
2025-08-19 13:52:45.066 | DEBUG    | __main__:main:680 - Idle tick.
2025-08-19 13:52:46.096 | DEBUG    | __main__:main:680 - Idle tick.
2025-08-19 13:52:46.577 | INFO     | __main__:job:146 - MT5 cycle: features=6 inserted=6 skipped=0
2025-08-19 13:52:47.122 | DEBUG    | __main__:main:680 - Idle tick.
2025-08-19 13:52:48.154 | DEBUG    | __main__:main:680 - Idle tick.
2025-08-19 13:52:49.202 | DEBUG    | __main__:main:680 - Idle tick.
2025-08-19 13:52:50.226 | DEBUG    | __main__:main:680 - Idle tick.
2025-08-19 13:52:51.247 | DEBUG    | __main__:main:680 - Idle tick.
2025-08-19 13:52:51.645 | INFO     | __main__:job:146 - MT5 cycle: features=6 inserted=6 skipped=0
2025-08-19 13:52:52.265 | DEBUG    | __main__:main:680 - Idle tick.
2025-08-19 13:52:53.301 | DEBUG    | __main__:main:680 - Idle tick.
2025-08-19 13:52:54.338 | DEBUG    | __main__:main:680 - Idle tick.
2025-08-19 13:52:54.581 | INFO     | __main__:main:337 - MOVE 81.82330322265625
2025-08-19 13:52:54.879 | INFO     | __main__:main:352 - GVZ 14.90999984741211
2025-08-19 13:52:55.168 | INFO     | __main__:main:367 - OVX 33.900001525878906
2025-08-19 13:52:55.370 | DEBUG    | __main__:main:680 - Idle tick.
2025-08-19 13:52:55.489 | INFO     | __main__:main:382 - VXN 19.170000076293945
2025-08-19 13:52:55.931 | INFO     | __main__:_upsert_simple_fred:227 - UST2Y 3.75 (FRED:DGS2)
2025-08-19 13:52:56.375 | INFO     | __main__:_upsert_simple_fred:227 - UST30Y 4.92 (FRED:DGS30)
2025-08-19 13:52:56.391 | DEBUG    | __main__:main:680 - Idle tick.
2025-08-19 13:52:56.697 | INFO     | __main__:job:146 - MT5 cycle: features=6 inserted=6 skipped=0
2025-08-19 13:52:56.742 | INFO     | __main__:main:505 - UST10Y 4.33% (stored=0.0433) FRED
2025-08-19 13:52:57.431 | DEBUG    | __main__:main:680 - Idle tick.
2025-08-19 13:52:58.467 | DEBUG    | __main__:main:680 - Idle tick.
2025-08-19 13:52:59.504 | DEBUG    | __main__:main:680 - Idle tick.
2025-08-19 13:52:59.851 | INFO     | __main__:main:678 - CALENDAR_BLOCK 0 | next=None
2025-08-19 13:52:59.858 | INFO     | __main__:main:716 - SPREAD_2S10S -3.7067
2025-08-19 13:53:00.056 | INFO     | __main__:main:873 - RELVOL_SPY_20D 0.65 (vol 45126656 / avg20 69114328)
2025-08-19 13:53:00.233 | INFO     | __main__:main:873 - RELVOL_QQQ_20D 0.95 (vol 41102445 / avg20 43383372)
2025-08-19 13:53:00.452 | INFO     | __main__:main:873 - RELVOL_HYG_20D 0.50 (vol 15727360 / avg20 31688213)
2025-08-19 13:53:00.534 | DEBUG    | __main__:main:680 - Idle tick.
2025-08-19 13:53:00.677 | INFO     | __main__:main:873 - RELVOL_LQD_20D 0.72 (vol 18441482 / avg20 25541224)
2025-08-19 13:53:01.570 | DEBUG    | __main__:main:680 - Idle tick.
2025-08-19 13:53:01.845 | INFO     | __main__:job:146 - MT5 cycle: features=6 inserted=6 skipped=0
2025-08-19 13:53:02.599 | DEBUG    | __main__:main:680 - Idle tick.
2025-08-19 13:53:02.953 | DEBUG    | __main__:main:154 - OK (sin alertas).
2025-08-19 13:53:03.650 | DEBUG    | __main__:main:680 - Idle tick.
2025-08-19 13:53:04.687 | DEBUG    | __main__:main:680 - Idle tick.
2025-08-19 13:53:05.716 | DEBUG    | __main__:main:680 - Idle tick.
2025-08-19 13:53:06.747 | DEBUG    | __main__:main:680 - Idle tick.
2025-08-19 13:53:06.915 | INFO     | __main__:job:146 - MT5 cycle: features=6 inserted=6 skipped=0
2025-08-19 13:53:07.016 | INFO     | __main__:main:433 - VIX 15.779999732971191
2025-08-19 13:53:07.633 | INFO     | __main__:main:451 - DXY 98.28399658203125 (DX-Y.NYB)
2025-08-19 13:53:07.771 | DEBUG    | __main__:main:680 - Idle tick.
2025-08-19 13:53:08.800 | DEBUG    | __main__:main:680 - Idle tick.
2025-08-19 13:53:09.826 | DEBUG    | __main__:main:680 - Idle tick.
2025-08-19 13:53:10.842 | DEBUG    | __main__:main:680 - Idle tick.
2025-08-19 13:53:11.861 | DEBUG    | __main__:main:680 - Idle tick.
2025-08-19 13:53:11.976 | INFO     | __main__:job:146 - MT5 cycle: features=6 inserted=6 skipped=0
2025-08-19 13:53:12.895 | DEBUG    | __main__:main:680 - Idle tick.
2025-08-19 13:53:13.930 | DEBUG    | __main__:main:680 - Idle tick.
2025-08-19 13:53:14.960 | DEBUG    | __main__:main:680 - Idle tick.
2025-08-19 13:53:15.990 | DEBUG    | __main__:main:680 - Idle tick.
2025-08-19 13:53:17.009 | DEBUG    | __main__:main:680 - Idle tick.
2025-08-19 13:53:17.044 | INFO     | __main__:job:146 - MT5 cycle: features=6 inserted=6 skipped=0
2025-08-19 13:53:18.046 | DEBUG    | __main__:main:680 - Idle tick.
2025-08-19 13:53:19.085 | DEBUG    | __main__:main:680 - Idle tick.
2025-08-19 13:53:20.119 | DEBUG    | __main__:main:680 - Idle tick.
2025-08-19 13:53:21.141 | DEBUG    | __main__:main:680 - Idle tick.
2025-08-19 13:53:22.127 | INFO     | __main__:job:146 - MT5 cycle: features=6 inserted=6 skipped=0
2025-08-19 13:53:22.162 | DEBUG    | __main__:main:680 - Idle tick.
2025-08-19 13:53:23.185 | DEBUG    | __main__:main:680 - Idle tick.
2025-08-19 13:53:24.223 | DEBUG    | __main__:main:680 - Idle tick.
2025-08-19 13:53:25.260 | DEBUG    | __main__:main:680 - Idle tick.
2025-08-19 13:53:26.297 | DEBUG    | __main__:main:680 - Idle tick.
2025-08-19 13:53:27.169 | INFO     | __main__:job:146 - MT5 cycle: features=6 inserted=6 skipped=0
2025-08-19 13:53:27.317 | DEBUG    | __main__:main:680 - Idle tick.
2025-08-19 13:53:28.344 | DEBUG    | __main__:main:680 - Idle tick.
2025-08-19 13:53:29.360 | DEBUG    | __main__:main:680 - Idle tick.
2025-08-19 13:53:30.396 | DEBUG    | __main__:main:680 - Idle tick.
2025-08-19 13:53:31.428 | DEBUG    | __main__:main:680 - Idle tick.
2025-08-19 13:53:32.240 | INFO     | __main__:job:146 - MT5 cycle: features=6 inserted=6 skipped=0
2025-08-19 13:53:32.475 | DEBUG    | __main__:main:680 - Idle tick.
2025-08-19 13:53:33.496 | DEBUG    | __main__:main:680 - Idle tick.
2025-08-19 13:53:34.520 | DEBUG    | __main__:main:680 - Idle tick.
2025-08-19 13:53:35.542 | DEBUG    | __main__:main:680 - Idle tick.
2025-08-19 13:53:36.576 | DEBUG    | __main__:main:680 - Idle tick.
2025-08-19 13:53:37.292 | INFO     | __main__:job:146 - MT5 cycle: features=6 inserted=6 skipped=0
2025-08-19 13:53:37.616 | DEBUG    | __main__:main:680 - Idle tick.
2025-08-19 13:53:38.656 | DEBUG    | __main__:main:680 - Idle tick.
2025-08-19 13:53:39.697 | DEBUG    | __main__:main:680 - Idle tick.
2025-08-19 13:53:40.732 | DEBUG    | __main__:main:680 - Idle tick.
2025-08-19 13:53:41.773 | DEBUG    | __main__:main:680 - Idle tick.
2025-08-19 13:53:42.385 | INFO     | __main__:job:146 - MT5 cycle: features=6 inserted=6 skipped=0
2025-08-19 13:53:42.809 | DEBUG    | __main__:main:680 - Idle tick.
2025-08-19 13:53:43.848 | DEBUG    | __main__:main:680 - Idle tick.
2025-08-19 13:53:44.870 | DEBUG    | __main__:main:680 - Idle tick.
2025-08-19 13:53:45.914 | DEBUG    | __main__:main:680 - Idle tick.
2025-08-19 13:53:46.936 | DEBUG    | __main__:main:680 - Idle tick.
2025-08-19 13:53:47.458 | INFO     | __main__:job:146 - MT5 cycle: features=6 inserted=6 skipped=0
2025-08-19 13:53:47.976 | DEBUG    | __main__:main:680 - Idle tick.
2025-08-19 13:53:49.001 | DEBUG    | __main__:main:680 - Idle tick.
2025-08-19 13:53:50.030 | DEBUG    | __main__:main:680 - Idle tick.
2025-08-19 13:53:51.064 | DEBUG    | __main__:main:680 - Idle tick.
2025-08-19 13:53:52.105 | DEBUG    | __main__:main:680 - Idle tick.
2025-08-19 13:53:52.520 | INFO     | __main__:job:146 - MT5 cycle: features=6 inserted=6 skipped=0
2025-08-19 13:53:53.140 | DEBUG    | __main__:main:680 - Idle tick.
2025-08-19 13:53:54.167 | DEBUG    | __main__:main:680 - Idle tick.
2025-08-19 13:53:55.185 | DEBUG    | __main__:main:680 - Idle tick.
2025-08-19 13:53:56.214 | DEBUG    | __main__:main:680 - Idle tick.
2025-08-19 13:53:57.251 | DEBUG    | __main__:main:680 - Idle tick.
2025-08-19 13:53:57.589 | INFO     | __main__:job:146 - MT5 cycle: features=6 inserted=6 skipped=0
2025-08-19 13:53:58.275 | DEBUG    | __main__:get_latest_features:144 - Snapshot macro | rows=%d | ms=%d
2025-08-19 13:53:58.275 | INFO     | __main__:evaluate_tier:442 - Eval %s | can_open_new=%s rm=%.2f band=%s hb=%s scen=%d groups=%s missing=%d snap=%d | ms=%d
2025-08-19 13:53:58.290 | INFO     | __main__:insert_macro_state:188 - Insert macro_state | tier=%s rm=%.2f groups=%s prio=%d avoid=%d hb=%s | ms=%d
2025-08-19 13:53:58.292 | DEBUG    | __main__:main:628 - FAST ok | ms=%d
2025-08-19 13:53:58.292 | DEBUG    | __main__:main:684 - Loop ms=%d
2025-08-19 13:53:58.309 | DEBUG    | __main__:main:680 - Idle tick.
2025-08-19 13:53:59.323 | DEBUG    | __main__:main:680 - Idle tick.
2025-08-19 13:54:00.360 | DEBUG    | __main__:main:680 - Idle tick.
2025-08-19 13:54:01.375 | DEBUG    | __main__:main:680 - Idle tick.
2025-08-19 13:54:02.407 | DEBUG    | __main__:main:680 - Idle tick.
2025-08-19 13:54:02.638 | INFO     | __main__:job:146 - MT5 cycle: features=6 inserted=6 skipped=0
2025-08-19 13:54:02.990 | DEBUG    | __main__:main:154 - OK (sin alertas).
2025-08-19 13:54:03.445 | DEBUG    | __main__:main:680 - Idle tick.
2025-08-19 13:54:04.459 | DEBUG    | __main__:main:680 - Idle tick.
2025-08-19 13:54:05.503 | DEBUG    | __main__:main:680 - Idle tick.
2025-08-19 13:54:06.521 | DEBUG    | __main__:main:680 - Idle tick.
2025-08-19 13:54:07.537 | DEBUG    | __main__:main:680 - Idle tick.
2025-08-19 13:54:07.714 | INFO     | __main__:job:146 - MT5 cycle: features=6 inserted=6 skipped=0
2025-08-19 13:54:08.026 | INFO     | __main__:main:433 - VIX 15.770000457763672
2025-08-19 13:54:08.377 | INFO     | __main__:main:451 - DXY 98.29299926757812 (DX-Y.NYB)
2025-08-19 13:54:08.557 | DEBUG    | __main__:main:680 - Idle tick.
2025-08-19 13:54:09.576 | DEBUG    | __main__:main:680 - Idle tick.
2025-08-19 13:54:10.605 | DEBUG    | __main__:main:680 - Idle tick.
2025-08-19 13:54:11.620 | DEBUG    | __main__:main:680 - Idle tick.
2025-08-19 13:54:12.651 | DEBUG    | __main__:main:680 - Idle tick.
2025-08-19 13:54:12.764 | INFO     | __main__:job:146 - MT5 cycle: features=6 inserted=6 skipped=0
2025-08-19 13:54:13.680 | DEBUG    | __main__:main:680 - Idle tick.
2025-08-19 13:54:14.703 | DEBUG    | __main__:main:680 - Idle tick.
2025-08-19 13:54:15.722 | DEBUG    | __main__:main:680 - Idle tick.
2025-08-19 13:54:16.756 | DEBUG    | __main__:main:680 - Idle tick.
2025-08-19 13:54:17.782 | DEBUG    | __main__:main:680 - Idle tick.
2025-08-19 13:54:17.812 | INFO     | __main__:job:146 - MT5 cycle: features=6 inserted=6 skipped=0
2025-08-19 13:54:18.806 | DEBUG    | __main__:main:680 - Idle tick.
2025-08-19 13:54:19.836 | DEBUG    | __main__:main:680 - Idle tick.
2025-08-19 13:54:20.868 | DEBUG    | __main__:main:680 - Idle tick.
2025-08-19 13:54:21.884 | DEBUG    | __main__:main:680 - Idle tick.
2025-08-19 13:54:22.864 | INFO     | __main__:job:146 - MT5 cycle: features=6 inserted=6 skipped=0
2025-08-19 13:54:22.923 | DEBUG    | __main__:main:680 - Idle tick.
2025-08-19 13:54:23.952 | DEBUG    | __main__:main:680 - Idle tick.
2025-08-19 13:54:24.973 | DEBUG    | __main__:main:680 - Idle tick.
2025-08-19 13:54:25.992 | DEBUG    | __main__:main:680 - Idle tick.
2025-08-19 13:54:27.016 | DEBUG    | __main__:main:680 - Idle tick.
2025-08-19 13:54:27.907 | INFO     | __main__:job:146 - MT5 cycle: features=6 inserted=6 skipped=0
2025-08-19 13:54:28.034 | DEBUG    | __main__:main:680 - Idle tick.
2025-08-19 13:54:29.053 | DEBUG    | __main__:main:680 - Idle tick.
2025-08-19 13:54:30.079 | DEBUG    | __main__:main:680 - Idle tick.
2025-08-19 13:54:31.122 | DEBUG    | __main__:main:680 - Idle tick.
2025-08-19 13:54:32.149 | DEBUG    | __main__:main:680 - Idle tick.
2025-08-19 13:54:32.955 | INFO     | __main__:job:146 - MT5 cycle: features=6 inserted=6 skipped=0
2025-08-19 13:54:33.175 | DEBUG    | __main__:main:680 - Idle tick.
2025-08-19 13:54:34.200 | DEBUG    | __main__:main:680 - Idle tick.
2025-08-19 13:54:35.237 | DEBUG    | __main__:main:680 - Idle tick.
2025-08-19 13:54:36.257 | DEBUG    | __main__:main:680 - Idle tick.
2025-08-19 13:54:37.280 | DEBUG    | __main__:main:680 - Idle tick.
2025-08-19 13:54:38.017 | INFO     | __main__:job:146 - MT5 cycle: features=6 inserted=6 skipped=0
2025-08-19 13:54:38.297 | DEBUG    | __main__:main:680 - Idle tick.
2025-08-19 13:54:39.342 | DEBUG    | __main__:main:680 - Idle tick.
2025-08-19 13:54:40.363 | DEBUG    | __main__:main:680 - Idle tick.
2025-08-19 13:54:41.406 | DEBUG    | __main__:main:680 - Idle tick.
2025-08-19 13:54:42.436 | DEBUG    | __main__:main:680 - Idle tick.
2025-08-19 13:54:43.077 | INFO     | __main__:job:146 - MT5 cycle: features=6 inserted=6 skipped=0
2025-08-19 13:54:43.461 | DEBUG    | __main__:main:680 - Idle tick.
2025-08-19 13:54:44.489 | DEBUG    | __main__:main:680 - Idle tick.
2025-08-19 13:54:45.517 | DEBUG    | __main__:main:680 - Idle tick.
2025-08-19 13:54:46.552 | DEBUG    | __main__:main:680 - Idle tick.
2025-08-19 13:54:47.570 | DEBUG    | __main__:main:680 - Idle tick.
2025-08-19 13:54:48.150 | INFO     | __main__:job:146 - MT5 cycle: features=6 inserted=6 skipped=0
2025-08-19 13:54:48.596 | DEBUG    | __main__:main:680 - Idle tick.
2025-08-19 13:54:49.615 | DEBUG    | __main__:main:680 - Idle tick.
2025-08-19 13:54:50.639 | DEBUG    | __main__:main:680 - Idle tick.
2025-08-19 13:54:51.666 | DEBUG    | __main__:main:680 - Idle tick.
2025-08-19 13:54:52.704 | DEBUG    | __main__:main:680 - Idle tick.
2025-08-19 13:54:53.197 | INFO     | __main__:job:146 - MT5 cycle: features=6 inserted=6 skipped=0
2025-08-19 13:54:53.721 | DEBUG    | __main__:main:680 - Idle tick.
2025-08-19 13:54:54.746 | DEBUG    | __main__:main:680 - Idle tick.
2025-08-19 13:54:55.768 | DEBUG    | __main__:main:680 - Idle tick.
2025-08-19 13:54:56.807 | DEBUG    | __main__:main:680 - Idle tick.
2025-08-19 13:54:57.827 | DEBUG    | __main__:main:680 - Idle tick.
2025-08-19 13:54:58.264 | INFO     | __main__:job:146 - MT5 cycle: features=6 inserted=6 skipped=0
2025-08-19 13:54:58.860 | DEBUG    | __main__:main:680 - Idle tick.
2025-08-19 13:54:59.893 | DEBUG    | __main__:main:680 - Idle tick.
2025-08-19 13:55:00.932 | DEBUG    | __main__:main:680 - Idle tick.
2025-08-19 13:55:01.963 | DEBUG    | __main__:main:680 - Idle tick.
2025-08-19 13:55:02.986 | DEBUG    | __main__:main:680 - Idle tick.
2025-08-19 13:55:03.039 | DEBUG    | __main__:main:154 - OK (sin alertas).
2025-08-19 13:55:03.322 | INFO     | __main__:job:146 - MT5 cycle: features=6 inserted=6 skipped=0
2025-08-19 13:55:04.010 | DEBUG    | __main__:main:680 - Idle tick.
2025-08-19 13:55:05.037 | DEBUG    | __main__:main:680 - Idle tick.
2025-08-19 13:55:06.060 | DEBUG    | __main__:main:680 - Idle tick.
2025-08-19 13:55:07.077 | DEBUG    | __main__:main:680 - Idle tick.
2025-08-19 13:55:08.096 | DEBUG    | __main__:main:680 - Idle tick.
2025-08-19 13:55:08.375 | INFO     | __main__:job:146 - MT5 cycle: features=6 inserted=6 skipped=0
2025-08-19 13:55:09.129 | DEBUG    | __main__:main:680 - Idle tick.
2025-08-19 13:55:09.181 | INFO     | __main__:main:433 - VIX 15.779999732971191
2025-08-19 13:55:09.755 | INFO     | __main__:main:451 - DXY 98.2969970703125 (DX-Y.NYB)
2025-08-19 13:55:10.153 | DEBUG    | __main__:main:680 - Idle tick.
2025-08-19 13:55:11.192 | DEBUG    | __main__:main:680 - Idle tick.
2025-08-19 13:55:12.210 | DEBUG    | __main__:main:680 - Idle tick.
2025-08-19 13:55:13.238 | DEBUG    | __main__:main:680 - Idle tick.
2025-08-19 13:55:13.427 | INFO     | __main__:job:146 - MT5 cycle: features=6 inserted=6 skipped=0
2025-08-19 13:55:14.270 | DEBUG    | __main__:main:680 - Idle tick.
2025-08-19 13:55:15.307 | DEBUG    | __main__:main:680 - Idle tick.
2025-08-19 13:55:16.332 | DEBUG    | __main__:main:680 - Idle tick.
2025-08-19 13:55:17.372 | DEBUG    | __main__:main:680 - Idle tick.
2025-08-19 13:55:18.408 | DEBUG    | __main__:main:680 - Idle tick.
2025-08-19 13:55:18.470 | INFO     | __main__:job:146 - MT5 cycle: features=6 inserted=6 skipped=0
2025-08-19 13:55:19.428 | DEBUG    | __main__:main:680 - Idle tick.
2025-08-19 13:55:20.472 | DEBUG    | __main__:main:680 - Idle tick.
2025-08-19 13:55:21.505 | DEBUG    | __main__:main:680 - Idle tick.
2025-08-19 13:55:22.520 | DEBUG    | __main__:main:680 - Idle tick.
2025-08-19 13:55:23.534 | INFO     | __main__:job:146 - MT5 cycle: features=6 inserted=6 skipped=0
2025-08-19 13:55:23.552 | DEBUG    | __main__:main:680 - Idle tick.
2025-08-19 13:55:24.569 | DEBUG    | __main__:main:680 - Idle tick.
2025-08-19 13:55:25.599 | DEBUG    | __main__:main:680 - Idle tick.
2025-08-19 13:55:26.616 | DEBUG    | __main__:main:680 - Idle tick.
2025-08-19 13:55:27.648 | DEBUG    | __main__:main:680 - Idle tick.
2025-08-19 13:55:28.574 | INFO     | __main__:job:146 - MT5 cycle: features=6 inserted=6 skipped=0
2025-08-19 13:55:28.681 | DEBUG    | __main__:main:680 - Idle tick.
2025-08-19 13:55:29.706 | DEBUG    | __main__:main:680 - Idle tick.
2025-08-19 13:55:30.732 | DEBUG    | __main__:main:680 - Idle tick.
2025-08-19 13:55:31.750 | DEBUG    | __main__:main:680 - Idle tick.
2025-08-19 13:55:32.766 | DEBUG    | __main__:main:680 - Idle tick.
2025-08-19 13:55:33.622 | INFO     | __main__:job:146 - MT5 cycle: features=6 inserted=6 skipped=0
2025-08-19 13:55:33.800 | DEBUG    | __main__:main:680 - Idle tick.
2025-08-19 13:55:34.823 | DEBUG    | __main__:main:680 - Idle tick.
2025-08-19 13:55:35.849 | DEBUG    | __main__:main:680 - Idle tick.
2025-08-19 13:55:36.871 | DEBUG    | __main__:main:680 - Idle tick.
2025-08-19 13:55:37.898 | DEBUG    | __main__:main:680 - Idle tick.
2025-08-19 13:55:38.680 | INFO     | __main__:job:146 - MT5 cycle: features=6 inserted=6 skipped=0
2025-08-19 13:55:38.928 | DEBUG    | __main__:main:680 - Idle tick.
2025-08-19 13:55:39.956 | DEBUG    | __main__:main:680 - Idle tick.
2025-08-19 13:55:40.993 | DEBUG    | __main__:main:680 - Idle tick.
2025-08-19 13:55:42.021 | DEBUG    | __main__:main:680 - Idle tick.
2025-08-19 13:55:43.044 | DEBUG    | __main__:main:680 - Idle tick.
2025-08-19 13:55:43.725 | INFO     | __main__:job:146 - MT5 cycle: features=6 inserted=6 skipped=0
2025-08-19 13:55:44.071 | DEBUG    | __main__:main:680 - Idle tick.
2025-08-19 13:55:45.104 | DEBUG    | __main__:main:680 - Idle tick.
2025-08-19 13:55:46.121 | DEBUG    | __main__:main:680 - Idle tick.
2025-08-19 13:55:47.155 | DEBUG    | __main__:main:680 - Idle tick.
2025-08-19 13:55:48.183 | DEBUG    | __main__:main:680 - Idle tick.
2025-08-19 13:55:48.771 | INFO     | __main__:job:146 - MT5 cycle: features=6 inserted=6 skipped=0
2025-08-19 13:55:49.213 | DEBUG    | __main__:main:680 - Idle tick.
2025-08-19 13:55:50.234 | DEBUG    | __main__:main:680 - Idle tick.
2025-08-19 13:55:51.255 | DEBUG    | __main__:main:680 - Idle tick.
2025-08-19 13:55:52.282 | DEBUG    | __main__:main:680 - Idle tick.
2025-08-19 13:55:53.306 | DEBUG    | __main__:main:680 - Idle tick.
2025-08-19 13:55:53.831 | INFO     | __main__:job:146 - MT5 cycle: features=6 inserted=6 skipped=0
2025-08-19 13:55:54.343 | DEBUG    | __main__:main:680 - Idle tick.
2025-08-19 13:55:55.362 | DEBUG    | __main__:main:680 - Idle tick.
2025-08-19 13:55:56.387 | DEBUG    | __main__:main:680 - Idle tick.
2025-08-19 13:55:57.410 | DEBUG    | __main__:main:680 - Idle tick.
2025-08-19 13:55:58.428 | DEBUG    | __main__:main:680 - Idle tick.
2025-08-19 13:55:58.901 | INFO     | __main__:job:146 - MT5 cycle: features=6 inserted=6 skipped=0
2025-08-19 13:55:59.454 | DEBUG    | __main__:main:680 - Idle tick.
2025-08-19 13:56:00.473 | DEBUG    | __main__:main:680 - Idle tick.
2025-08-19 13:56:01.494 | DEBUG    | __main__:main:680 - Idle tick.
2025-08-19 13:56:02.520 | DEBUG    | __main__:main:680 - Idle tick.
2025-08-19 13:56:03.086 | DEBUG    | __main__:main:154 - OK (sin alertas).
2025-08-19 13:56:03.549 | DEBUG    | __main__:main:680 - Idle tick.
2025-08-19 13:56:03.974 | INFO     | __main__:job:146 - MT5 cycle: features=6 inserted=6 skipped=0
2025-08-19 13:56:04.564 | DEBUG    | __main__:main:680 - Idle tick.
2025-08-19 13:56:05.598 | DEBUG    | __main__:main:680 - Idle tick.
2025-08-19 13:56:06.616 | DEBUG    | __main__:main:680 - Idle tick.
2025-08-19 13:56:07.645 | DEBUG    | __main__:main:680 - Idle tick.
2025-08-19 13:56:08.672 | DEBUG    | __main__:main:680 - Idle tick.
2025-08-19 13:56:09.028 | INFO     | __main__:job:146 - MT5 cycle: features=6 inserted=6 skipped=0
2025-08-19 13:56:09.690 | DEBUG    | __main__:main:680 - Idle tick.
2025-08-19 13:56:10.070 | INFO     | __main__:main:433 - VIX 15.75
2025-08-19 13:56:10.386 | INFO     | __main__:main:451 - DXY 98.29499816894531 (DX-Y.NYB)
2025-08-19 13:56:10.721 | DEBUG    | __main__:main:680 - Idle tick.
2025-08-19 13:56:11.754 | DEBUG    | __main__:main:680 - Idle tick.
2025-08-19 13:56:12.792 | DEBUG    | __main__:main:680 - Idle tick.
2025-08-19 13:56:13.812 | DEBUG    | __main__:main:680 - Idle tick.
2025-08-19 13:56:14.091 | INFO     | __main__:job:146 - MT5 cycle: features=6 inserted=6 skipped=0
2025-08-19 13:56:14.843 | DEBUG    | __main__:main:680 - Idle tick.
2025-08-19 13:56:15.869 | DEBUG    | __main__:main:680 - Idle tick.
2025-08-19 13:56:16.898 | DEBUG    | __main__:main:680 - Idle tick.
2025-08-19 13:56:17.923 | DEBUG    | __main__:main:680 - Idle tick.
2025-08-19 13:56:18.963 | DEBUG    | __main__:main:680 - Idle tick.
2025-08-19 13:56:19.154 | INFO     | __main__:job:146 - MT5 cycle: features=6 inserted=6 skipped=0
2025-08-19 13:56:19.980 | DEBUG    | __main__:main:680 - Idle tick.
2025-08-19 13:56:21.012 | DEBUG    | __main__:main:680 - Idle tick.
2025-08-19 13:56:22.027 | DEBUG    | __main__:main:680 - Idle tick.
2025-08-19 13:56:23.056 | DEBUG    | __main__:main:680 - Idle tick.
2025-08-19 13:56:24.081 | DEBUG    | __main__:main:680 - Idle tick.
2025-08-19 13:56:24.227 | INFO     | __main__:job:146 - MT5 cycle: features=6 inserted=6 skipped=0
2025-08-19 13:56:25.105 | DEBUG    | __main__:main:680 - Idle tick.
2025-08-19 13:56:26.123 | DEBUG    | __main__:main:680 - Idle tick.
2025-08-19 13:56:27.152 | DEBUG    | __main__:main:680 - Idle tick.
2025-08-19 13:56:28.171 | DEBUG    | __main__:main:680 - Idle tick.
2025-08-19 13:56:29.198 | DEBUG    | __main__:main:680 - Idle tick.
2025-08-19 13:56:29.275 | INFO     | __main__:job:146 - MT5 cycle: features=6 inserted=6 skipped=0
2025-08-19 13:56:30.217 | DEBUG    | __main__:main:680 - Idle tick.
2025-08-19 13:56:31.250 | DEBUG    | __main__:main:680 - Idle tick.
2025-08-19 13:56:32.269 | DEBUG    | __main__:main:680 - Idle tick.
2025-08-19 13:56:33.287 | DEBUG    | __main__:main:680 - Idle tick.
2025-08-19 13:56:34.314 | DEBUG    | __main__:main:680 - Idle tick.
2025-08-19 13:56:34.353 | INFO     | __main__:job:146 - MT5 cycle: features=6 inserted=6 skipped=0
2025-08-19 13:56:35.339 | DEBUG    | __main__:main:680 - Idle tick.
2025-08-19 13:56:36.361 | DEBUG    | __main__:main:680 - Idle tick.
2025-08-19 13:56:37.390 | DEBUG    | __main__:main:680 - Idle tick.
2025-08-19 13:56:38.435 | DEBUG    | __main__:main:680 - Idle tick.
2025-08-19 13:56:39.400 | INFO     | __main__:job:146 - MT5 cycle: features=6 inserted=6 skipped=0
2025-08-19 13:56:39.472 | DEBUG    | __main__:main:680 - Idle tick.
2025-08-19 13:56:40.491 | DEBUG    | __main__:main:680 - Idle tick.
2025-08-19 13:56:41.528 | DEBUG    | __main__:main:680 - Idle tick.
2025-08-19 13:56:42.552 | DEBUG    | __main__:main:680 - Idle tick.
2025-08-19 13:56:43.591 | DEBUG    | __main__:main:680 - Idle tick.
2025-08-19 13:56:44.460 | INFO     | __main__:job:146 - MT5 cycle: features=6 inserted=6 skipped=0
2025-08-19 13:56:44.621 | DEBUG    | __main__:main:680 - Idle tick.
2025-08-19 13:56:45.660 | DEBUG    | __main__:main:680 - Idle tick.
2025-08-19 13:56:46.695 | DEBUG    | __main__:main:680 - Idle tick.
2025-08-19 13:56:47.735 | DEBUG    | __main__:main:680 - Idle tick.
2025-08-19 13:56:48.772 | DEBUG    | __main__:main:680 - Idle tick.
2025-08-19 13:56:49.497 | INFO     | __main__:job:146 - MT5 cycle: features=6 inserted=6 skipped=0
2025-08-19 13:56:49.804 | DEBUG    | __main__:main:680 - Idle tick.
2025-08-19 13:56:50.819 | DEBUG    | __main__:main:680 - Idle tick.
2025-08-19 13:56:51.840 | DEBUG    | __main__:main:680 - Idle tick.
2025-08-19 13:56:52.870 | DEBUG    | __main__:main:680 - Idle tick.
2025-08-19 13:56:53.904 | DEBUG    | __main__:main:680 - Idle tick.
2025-08-19 13:56:54.541 | INFO     | __main__:job:146 - MT5 cycle: features=6 inserted=6 skipped=0
2025-08-19 13:56:54.924 | DEBUG    | __main__:main:680 - Idle tick.
2025-08-19 13:56:55.953 | DEBUG    | __main__:main:680 - Idle tick.
2025-08-19 13:56:56.990 | DEBUG    | __main__:main:680 - Idle tick.
2025-08-19 13:56:58.027 | DEBUG    | __main__:main:680 - Idle tick.
2025-08-19 13:56:59.065 | DEBUG    | __main__:main:680 - Idle tick.
2025-08-19 13:56:59.581 | INFO     | __main__:job:146 - MT5 cycle: features=6 inserted=6 skipped=0
2025-08-19 13:57:00.104 | DEBUG    | __main__:main:680 - Idle tick.
2025-08-19 13:57:01.120 | DEBUG    | __main__:main:680 - Idle tick.
2025-08-19 13:57:02.149 | DEBUG    | __main__:main:680 - Idle tick.
2025-08-19 13:57:03.107 | DEBUG    | __main__:main:154 - OK (sin alertas).
2025-08-19 13:57:03.173 | DEBUG    | __main__:main:680 - Idle tick.
2025-08-19 13:57:04.202 | DEBUG    | __main__:main:680 - Idle tick.
2025-08-19 13:57:04.640 | INFO     | __main__:job:146 - MT5 cycle: features=6 inserted=6 skipped=0
2025-08-19 13:57:05.237 | DEBUG    | __main__:main:680 - Idle tick.
2025-08-19 13:57:06.271 | DEBUG    | __main__:main:680 - Idle tick.
2025-08-19 13:57:07.287 | DEBUG    | __main__:main:680 - Idle tick.
2025-08-19 13:57:08.313 | DEBUG    | __main__:main:680 - Idle tick.
2025-08-19 13:57:09.348 | DEBUG    | __main__:main:680 - Idle tick.
2025-08-19 13:57:09.688 | INFO     | __main__:job:146 - MT5 cycle: features=6 inserted=6 skipped=0
2025-08-19 13:57:10.380 | DEBUG    | __main__:main:680 - Idle tick.
2025-08-19 13:57:10.717 | INFO     | __main__:main:433 - VIX 15.760000228881836
2025-08-19 13:57:11.019 | INFO     | __main__:main:451 - DXY 98.28500366210938 (DX-Y.NYB)
2025-08-19 13:57:11.406 | DEBUG    | __main__:main:680 - Idle tick.
2025-08-19 13:57:12.435 | DEBUG    | __main__:main:680 - Idle tick.
2025-08-19 13:57:13.460 | DEBUG    | __main__:main:680 - Idle tick.
2025-08-19 13:57:14.496 | DEBUG    | __main__:main:680 - Idle tick.
2025-08-19 13:57:14.736 | INFO     | __main__:job:146 - MT5 cycle: features=6 inserted=6 skipped=0
2025-08-19 13:57:15.521 | DEBUG    | __main__:main:680 - Idle tick.
2025-08-19 13:57:16.559 | DEBUG    | __main__:main:680 - Idle tick.
2025-08-19 13:57:17.583 | DEBUG    | __main__:main:680 - Idle tick.
2025-08-19 13:57:18.608 | DEBUG    | __main__:main:680 - Idle tick.
2025-08-19 13:57:19.638 | DEBUG    | __main__:main:680 - Idle tick.
2025-08-19 13:57:19.770 | INFO     | __main__:job:146 - MT5 cycle: features=6 inserted=6 skipped=0
2025-08-19 13:57:20.664 | DEBUG    | __main__:main:680 - Idle tick.
2025-08-19 13:57:21.692 | DEBUG    | __main__:main:680 - Idle tick.
2025-08-19 13:57:22.726 | DEBUG    | __main__:main:680 - Idle tick.
2025-08-19 13:57:23.748 | DEBUG    | __main__:main:680 - Idle tick.
2025-08-19 13:57:24.775 | DEBUG    | __main__:main:680 - Idle tick.
2025-08-19 13:57:24.820 | INFO     | __main__:job:146 - MT5 cycle: features=6 inserted=6 skipped=0
2025-08-19 13:57:25.799 | DEBUG    | __main__:main:680 - Idle tick.
2025-08-19 13:57:26.824 | DEBUG    | __main__:main:680 - Idle tick.
2025-08-19 13:57:27.860 | DEBUG    | __main__:main:680 - Idle tick.
2025-08-19 13:57:28.892 | DEBUG    | __main__:main:680 - Idle tick.
2025-08-19 13:57:29.857 | INFO     | __main__:job:146 - MT5 cycle: features=6 inserted=6 skipped=0
2025-08-19 13:57:29.909 | DEBUG    | __main__:main:680 - Idle tick.
2025-08-19 13:57:30.923 | DEBUG    | __main__:main:680 - Idle tick.
2025-08-19 13:57:31.952 | DEBUG    | __main__:main:680 - Idle tick.
2025-08-19 13:57:32.985 | DEBUG    | __main__:main:680 - Idle tick.
2025-08-19 13:57:34.001 | DEBUG    | __main__:main:680 - Idle tick.
2025-08-19 13:57:34.898 | INFO     | __main__:job:146 - MT5 cycle: features=6 inserted=6 skipped=0
2025-08-19 13:57:35.032 | DEBUG    | __main__:main:680 - Idle tick.
2025-08-19 13:57:36.061 | DEBUG    | __main__:main:680 - Idle tick.
2025-08-19 13:57:37.083 | DEBUG    | __main__:main:680 - Idle tick.
2025-08-19 13:57:38.122 | DEBUG    | __main__:main:680 - Idle tick.
2025-08-19 13:57:39.159 | DEBUG    | __main__:main:680 - Idle tick.
2025-08-19 13:57:39.958 | INFO     | __main__:job:146 - MT5 cycle: features=6 inserted=6 skipped=0
2025-08-19 13:57:40.201 | DEBUG    | __main__:main:680 - Idle tick.
2025-08-19 13:57:41.231 | DEBUG    | __main__:main:680 - Idle tick.
2025-08-19 13:57:42.264 | DEBUG    | __main__:main:680 - Idle tick.
2025-08-19 13:57:43.287 | DEBUG    | __main__:main:680 - Idle tick.
2025-08-19 13:57:44.310 | DEBUG    | __main__:main:680 - Idle tick.
2025-08-19 13:57:45.000 | INFO     | __main__:job:146 - MT5 cycle: features=6 inserted=6 skipped=0
2025-08-19 13:57:45.343 | DEBUG    | __main__:main:680 - Idle tick.
2025-08-19 13:57:46.379 | DEBUG    | __main__:main:680 - Idle tick.
2025-08-19 13:57:47.395 | DEBUG    | __main__:main:680 - Idle tick.
2025-08-19 13:57:48.432 | DEBUG    | __main__:main:680 - Idle tick.
2025-08-19 13:57:49.469 | DEBUG    | __main__:main:680 - Idle tick.
2025-08-19 13:57:50.075 | INFO     | __main__:job:146 - MT5 cycle: features=6 inserted=6 skipped=0
2025-08-19 13:57:50.502 | DEBUG    | __main__:main:680 - Idle tick.
2025-08-19 13:57:51.533 | DEBUG    | __main__:main:680 - Idle tick.
2025-08-19 13:57:52.572 | DEBUG    | __main__:main:680 - Idle tick.
2025-08-19 13:57:53.607 | DEBUG    | __main__:main:680 - Idle tick.
2025-08-19 13:57:54.628 | DEBUG    | __main__:main:680 - Idle tick.
2025-08-19 13:57:55.143 | INFO     | __main__:job:146 - MT5 cycle: features=6 inserted=6 skipped=0
2025-08-19 13:57:55.654 | INFO     | __main__:main:337 - MOVE 81.82330322265625
2025-08-19 13:57:55.663 | DEBUG    | __main__:main:680 - Idle tick.
2025-08-19 13:57:56.284 | INFO     | __main__:main:352 - GVZ 14.90999984741211
2025-08-19 13:57:56.639 | INFO     | __main__:main:367 - OVX 33.95000076293945
2025-08-19 13:57:56.696 | DEBUG    | __main__:main:680 - Idle tick.
2025-08-19 13:57:57.280 | INFO     | __main__:main:382 - VXN 19.1200008392334
2025-08-19 13:57:57.729 | DEBUG    | __main__:main:680 - Idle tick.
2025-08-19 13:57:58.144 | INFO     | __main__:_upsert_simple_fred:227 - UST2Y 3.75 (FRED:DGS2)
2025-08-19 13:57:58.666 | INFO     | __main__:_upsert_simple_fred:227 - UST30Y 4.92 (FRED:DGS30)
2025-08-19 13:57:58.762 | DEBUG    | __main__:main:680 - Idle tick.
2025-08-19 13:57:59.804 | DEBUG    | __main__:main:680 - Idle tick.
2025-08-19 13:58:00.185 | INFO     | __main__:job:146 - MT5 cycle: features=6 inserted=6 skipped=0
2025-08-19 13:58:00.834 | DEBUG    | __main__:main:680 - Idle tick.
2025-08-19 13:58:01.871 | DEBUG    | __main__:main:680 - Idle tick.
2025-08-19 13:58:02.648 | INFO     | __main__:main:505 - UST10Y 4.33% (stored=0.0433) FRED
2025-08-19 13:58:02.894 | DEBUG    | __main__:main:680 - Idle tick.
2025-08-19 13:58:03.147 | DEBUG    | __main__:main:154 - OK (sin alertas).
2025-08-19 13:58:03.916 | DEBUG    | __main__:main:680 - Idle tick.
2025-08-19 13:58:04.946 | DEBUG    | __main__:main:680 - Idle tick.
2025-08-19 13:58:05.224 | INFO     | __main__:job:146 - MT5 cycle: features=6 inserted=6 skipped=0
2025-08-19 13:58:05.969 | INFO     | __main__:main:678 - CALENDAR_BLOCK 0 | next=None
2025-08-19 13:58:05.973 | DEBUG    | __main__:main:680 - Idle tick.
2025-08-19 13:58:05.974 | INFO     | __main__:main:716 - SPREAD_2S10S -3.7067
2025-08-19 13:58:06.201 | INFO     | __main__:main:873 - RELVOL_SPY_20D 0.66 (vol 45584381 / avg20 69137214)
2025-08-19 13:58:06.407 | INFO     | __main__:main:873 - RELVOL_QQQ_20D 0.96 (vol 41472083 / avg20 43401854)
2025-08-19 13:58:06.590 | INFO     | __main__:main:873 - RELVOL_HYG_20D 0.50 (vol 15954012 / avg20 31699546)
2025-08-19 13:58:06.795 | INFO     | __main__:main:873 - RELVOL_LQD_20D 0.74 (vol 18878780 / avg20 25563089)
2025-08-19 13:58:06.996 | DEBUG    | __main__:main:680 - Idle tick.
2025-08-19 13:58:08.019 | DEBUG    | __main__:main:680 - Idle tick.
2025-08-19 13:58:09.044 | DEBUG    | __main__:main:680 - Idle tick.
2025-08-19 13:58:10.072 | DEBUG    | __main__:main:680 - Idle tick.
2025-08-19 13:58:10.292 | INFO     | __main__:job:146 - MT5 cycle: features=6 inserted=6 skipped=0
2025-08-19 13:58:11.093 | DEBUG    | __main__:main:680 - Idle tick.
2025-08-19 13:58:11.117 | INFO     | __main__:main:433 - VIX 15.760000228881836
2025-08-19 13:58:11.429 | INFO     | __main__:main:451 - DXY 98.28700256347656 (DX-Y.NYB)
2025-08-19 13:58:12.116 | DEBUG    | __main__:main:680 - Idle tick.
2025-08-19 13:58:13.141 | DEBUG    | __main__:main:680 - Idle tick.
2025-08-19 13:58:14.167 | DEBUG    | __main__:main:680 - Idle tick.
2025-08-19 13:58:15.204 | DEBUG    | __main__:main:680 - Idle tick.
2025-08-19 13:58:15.343 | INFO     | __main__:job:146 - MT5 cycle: features=6 inserted=6 skipped=0
2025-08-19 13:58:16.234 | DEBUG    | __main__:main:680 - Idle tick.
2025-08-19 13:58:17.275 | DEBUG    | __main__:main:680 - Idle tick.
2025-08-19 13:58:18.312 | DEBUG    | __main__:main:680 - Idle tick.
2025-08-19 13:58:19.347 | DEBUG    | __main__:main:680 - Idle tick.
2025-08-19 13:58:20.365 | DEBUG    | __main__:main:680 - Idle tick.
2025-08-19 13:58:20.392 | INFO     | __main__:job:146 - MT5 cycle: features=6 inserted=6 skipped=0
2025-08-19 13:58:21.400 | DEBUG    | __main__:main:680 - Idle tick.
2025-08-19 13:58:22.438 | DEBUG    | __main__:main:680 - Idle tick.
2025-08-19 13:58:23.477 | DEBUG    | __main__:main:680 - Idle tick.
2025-08-19 13:58:24.509 | DEBUG    | __main__:main:680 - Idle tick.
2025-08-19 13:58:25.444 | INFO     | __main__:job:146 - MT5 cycle: features=6 inserted=6 skipped=0
2025-08-19 13:58:25.544 | DEBUG    | __main__:main:680 - Idle tick.
2025-08-19 13:58:26.581 | DEBUG    | __main__:main:680 - Idle tick.
2025-08-19 13:58:27.618 | DEBUG    | __main__:main:680 - Idle tick.
2025-08-19 13:58:28.655 | DEBUG    | __main__:main:680 - Idle tick.
2025-08-19 13:58:29.681 | DEBUG    | __main__:main:680 - Idle tick.
2025-08-19 13:58:30.516 | INFO     | __main__:job:146 - MT5 cycle: features=6 inserted=6 skipped=0
2025-08-19 13:58:30.702 | DEBUG    | __main__:main:680 - Idle tick.
2025-08-19 13:58:31.739 | DEBUG    | __main__:main:680 - Idle tick.
2025-08-19 13:58:32.752 | DEBUG    | __main__:main:680 - Idle tick.
2025-08-19 13:58:33.771 | DEBUG    | __main__:main:680 - Idle tick.
2025-08-19 13:58:34.786 | DEBUG    | __main__:main:680 - Idle tick.
2025-08-19 13:58:35.572 | INFO     | __main__:job:146 - MT5 cycle: features=6 inserted=6 skipped=0
2025-08-19 13:58:35.825 | DEBUG    | __main__:main:680 - Idle tick.
2025-08-19 13:58:36.842 | DEBUG    | __main__:main:680 - Idle tick.
2025-08-19 13:58:37.879 | DEBUG    | __main__:main:680 - Idle tick.
2025-08-19 13:58:38.917 | DEBUG    | __main__:main:680 - Idle tick.
2025-08-19 13:58:39.932 | DEBUG    | __main__:main:680 - Idle tick.
2025-08-19 13:58:40.614 | INFO     | __main__:job:146 - MT5 cycle: features=6 inserted=6 skipped=0
2025-08-19 13:58:40.962 | DEBUG    | __main__:main:680 - Idle tick.
2025-08-19 13:58:41.979 | DEBUG    | __main__:main:680 - Idle tick.
2025-08-19 13:58:43.007 | DEBUG    | __main__:main:680 - Idle tick.
2025-08-19 13:58:44.044 | DEBUG    | __main__:main:680 - Idle tick.
2025-08-19 13:58:45.065 | DEBUG    | __main__:main:680 - Idle tick.
2025-08-19 13:58:45.667 | INFO     | __main__:job:146 - MT5 cycle: features=6 inserted=6 skipped=0
2025-08-19 13:58:46.098 | DEBUG    | __main__:main:680 - Idle tick.
2025-08-19 13:58:47.134 | DEBUG    | __main__:main:680 - Idle tick.
2025-08-19 13:58:48.151 | DEBUG    | __main__:main:680 - Idle tick.
2025-08-19 13:58:49.181 | DEBUG    | __main__:main:680 - Idle tick.
2025-08-19 13:58:50.207 | DEBUG    | __main__:main:680 - Idle tick.
2025-08-19 13:58:50.729 | INFO     | __main__:job:146 - MT5 cycle: features=6 inserted=6 skipped=0
2025-08-19 13:58:51.243 | DEBUG    | __main__:main:680 - Idle tick.
2025-08-19 13:58:52.271 | DEBUG    | __main__:main:680 - Idle tick.
2025-08-19 13:58:53.295 | DEBUG    | __main__:main:680 - Idle tick.
2025-08-19 13:58:54.317 | DEBUG    | __main__:main:680 - Idle tick.
2025-08-19 13:58:55.352 | DEBUG    | __main__:main:680 - Idle tick.
2025-08-19 13:58:55.768 | INFO     | __main__:job:146 - MT5 cycle: features=6 inserted=6 skipped=0
2025-08-19 13:58:56.387 | DEBUG    | __main__:main:680 - Idle tick.
2025-08-19 13:58:57.422 | DEBUG    | __main__:main:680 - Idle tick.
2025-08-19 13:58:58.490 | DEBUG    | __main__:get_latest_features:144 - Snapshot macro | rows=%d | ms=%d
2025-08-19 13:58:58.490 | INFO     | __main__:evaluate_tier:442 - Eval %s | can_open_new=%s rm=%.2f band=%s hb=%s scen=%d groups=%s missing=%d snap=%d | ms=%d
2025-08-19 13:58:58.498 | INFO     | __main__:insert_macro_state:188 - Insert macro_state | tier=%s rm=%.2f groups=%s prio=%d avoid=%d hb=%s | ms=%d
2025-08-19 13:58:58.499 | DEBUG    | __main__:main:628 - FAST ok | ms=%d
2025-08-19 13:58:58.499 | DEBUG    | __main__:main:684 - Loop ms=%d
2025-08-19 13:58:58.515 | DEBUG    | __main__:main:680 - Idle tick.
2025-08-19 13:58:59.547 | DEBUG    | __main__:main:680 - Idle tick.
2025-08-19 13:59:00.582 | DEBUG    | __main__:main:680 - Idle tick.
2025-08-19 13:59:00.847 | INFO     | __main__:job:146 - MT5 cycle: features=6 inserted=6 skipped=0
2025-08-19 13:59:01.608 | DEBUG    | __main__:main:680 - Idle tick.
2025-08-19 13:59:02.643 | DEBUG    | __main__:main:680 - Idle tick.
2025-08-19 13:59:03.192 | DEBUG    | __main__:main:154 - OK (sin alertas).
2025-08-19 13:59:03.670 | DEBUG    | __main__:main:680 - Idle tick.
2025-08-19 13:59:04.711 | DEBUG    | __main__:main:680 - Idle tick.
2025-08-19 13:59:05.740 | DEBUG    | __main__:main:680 - Idle tick.
2025-08-19 13:59:05.905 | INFO     | __main__:job:146 - MT5 cycle: features=6 inserted=6 skipped=0
2025-08-19 13:59:06.779 | DEBUG    | __main__:main:680 - Idle tick.
2025-08-19 13:59:07.813 | DEBUG    | __main__:main:680 - Idle tick.
2025-08-19 13:59:08.837 | DEBUG    | __main__:main:680 - Idle tick.
2025-08-19 13:59:09.877 | DEBUG    | __main__:main:680 - Idle tick.
2025-08-19 13:59:10.905 | DEBUG    | __main__:main:680 - Idle tick.
2025-08-19 13:59:10.974 | INFO     | __main__:job:146 - MT5 cycle: features=6 inserted=6 skipped=0
2025-08-19 13:59:11.836 | INFO     | __main__:main:433 - VIX 15.829999923706055
2025-08-19 13:59:11.953 | DEBUG    | __main__:main:680 - Idle tick.
2025-08-19 13:59:12.191 | INFO     | __main__:main:451 - DXY 98.28800201416016 (DX-Y.NYB)
2025-08-19 13:59:12.971 | DEBUG    | __main__:main:680 - Idle tick.
2025-08-19 13:59:13.992 | DEBUG    | __main__:main:680 - Idle tick.
2025-08-19 13:59:15.019 | DEBUG    | __main__:main:680 - Idle tick.
2025-08-19 13:59:16.029 | INFO     | __main__:job:146 - MT5 cycle: features=6 inserted=6 skipped=0
2025-08-19 13:59:16.036 | DEBUG    | __main__:main:680 - Idle tick.
2025-08-19 13:59:17.066 | DEBUG    | __main__:main:680 - Idle tick.
2025-08-19 13:59:18.087 | DEBUG    | __main__:main:680 - Idle tick.
2025-08-19 13:59:19.123 | DEBUG    | __main__:main:680 - Idle tick.
2025-08-19 13:59:20.162 | DEBUG    | __main__:main:680 - Idle tick.
2025-08-19 13:59:21.077 | INFO     | __main__:job:146 - MT5 cycle: features=6 inserted=6 skipped=0
2025-08-19 13:59:21.177 | DEBUG    | __main__:main:680 - Idle tick.
2025-08-19 13:59:22.197 | DEBUG    | __main__:main:680 - Idle tick.
2025-08-19 13:59:23.224 | DEBUG    | __main__:main:680 - Idle tick.
2025-08-19 13:59:24.249 | DEBUG    | __main__:main:680 - Idle tick.
2025-08-19 13:59:25.273 | DEBUG    | __main__:main:680 - Idle tick.
2025-08-19 13:59:26.153 | INFO     | __main__:job:146 - MT5 cycle: features=6 inserted=6 skipped=0
2025-08-19 13:59:26.317 | DEBUG    | __main__:main:680 - Idle tick.
2025-08-19 13:59:27.348 | DEBUG    | __main__:main:680 - Idle tick.
2025-08-19 13:59:28.381 | DEBUG    | __main__:main:680 - Idle tick.
2025-08-19 13:59:29.416 | DEBUG    | __main__:main:680 - Idle tick.
2025-08-19 13:59:30.439 | DEBUG    | __main__:main:680 - Idle tick.
2025-08-19 13:59:31.226 | INFO     | __main__:job:146 - MT5 cycle: features=6 inserted=6 skipped=0
2025-08-19 13:59:31.476 | DEBUG    | __main__:main:680 - Idle tick.
2025-08-19 13:59:32.517 | DEBUG    | __main__:main:680 - Idle tick.
2025-08-19 13:59:33.551 | DEBUG    | __main__:main:680 - Idle tick.
2025-08-19 13:59:34.585 | DEBUG    | __main__:main:680 - Idle tick.
2025-08-19 13:59:35.612 | DEBUG    | __main__:main:680 - Idle tick.
2025-08-19 13:59:36.284 | INFO     | __main__:job:146 - MT5 cycle: features=6 inserted=6 skipped=0
2025-08-19 13:59:36.647 | DEBUG    | __main__:main:680 - Idle tick.
2025-08-19 13:59:37.680 | DEBUG    | __main__:main:680 - Idle tick.
2025-08-19 13:59:38.705 | DEBUG    | __main__:main:680 - Idle tick.
2025-08-19 13:59:39.741 | DEBUG    | __main__:main:680 - Idle tick.
2025-08-19 13:59:40.759 | DEBUG    | __main__:main:680 - Idle tick.
2025-08-19 13:59:41.347 | INFO     | __main__:job:146 - MT5 cycle: features=6 inserted=6 skipped=0
2025-08-19 13:59:41.775 | DEBUG    | __main__:main:680 - Idle tick.
2025-08-19 13:59:42.812 | DEBUG    | __main__:main:680 - Idle tick.
2025-08-19 13:59:43.845 | DEBUG    | __main__:main:680 - Idle tick.
2025-08-19 13:59:44.872 | DEBUG    | __main__:main:680 - Idle tick.
2025-08-19 13:59:45.912 | DEBUG    | __main__:main:680 - Idle tick.
2025-08-19 13:59:46.387 | INFO     | __main__:job:146 - MT5 cycle: features=6 inserted=6 skipped=0
2025-08-19 13:59:46.942 | DEBUG    | __main__:main:680 - Idle tick.
2025-08-19 13:59:47.974 | DEBUG    | __main__:main:680 - Idle tick.
2025-08-19 13:59:49.013 | DEBUG    | __main__:main:680 - Idle tick.
2025-08-19 13:59:50.035 | DEBUG    | __main__:main:680 - Idle tick.
2025-08-19 13:59:51.077 | DEBUG    | __main__:main:680 - Idle tick.
2025-08-19 13:59:51.426 | INFO     | __main__:job:146 - MT5 cycle: features=6 inserted=6 skipped=0
2025-08-19 13:59:52.112 | DEBUG    | __main__:main:680 - Idle tick.
2025-08-19 13:59:53.143 | DEBUG    | __main__:main:680 - Idle tick.
2025-08-19 13:59:54.166 | DEBUG    | __main__:main:680 - Idle tick.
2025-08-19 13:59:55.204 | DEBUG    | __main__:main:680 - Idle tick.
2025-08-19 13:59:56.221 | DEBUG    | __main__:main:680 - Idle tick.
2025-08-19 13:59:56.479 | INFO     | __main__:job:146 - MT5 cycle: features=6 inserted=6 skipped=0
2025-08-19 13:59:57.248 | DEBUG    | __main__:main:680 - Idle tick.
2025-08-19 13:59:58.265 | DEBUG    | __main__:main:680 - Idle tick.
2025-08-19 13:59:59.298 | DEBUG    | __main__:main:680 - Idle tick.
2025-08-19 14:00:00.317 | DEBUG    | __main__:main:680 - Idle tick.
2025-08-19 14:00:01.354 | DEBUG    | __main__:main:680 - Idle tick.
2025-08-19 14:00:01.547 | INFO     | __main__:job:146 - MT5 cycle: features=6 inserted=6 skipped=0
2025-08-19 14:00:02.374 | DEBUG    | __main__:main:680 - Idle tick.
2025-08-19 14:00:03.251 | DEBUG    | __main__:main:154 - OK (sin alertas).
2025-08-19 14:00:03.398 | DEBUG    | __main__:main:680 - Idle tick.
2025-08-19 14:00:04.423 | DEBUG    | __main__:main:680 - Idle tick.
2025-08-19 14:00:05.450 | DEBUG    | __main__:main:680 - Idle tick.
2025-08-19 14:00:06.476 | DEBUG    | __main__:main:680 - Idle tick.
2025-08-19 14:00:06.600 | INFO     | __main__:job:146 - MT5 cycle: features=6 inserted=6 skipped=0
2025-08-19 14:00:07.509 | DEBUG    | __main__:main:680 - Idle tick.
2025-08-19 14:00:08.551 | DEBUG    | __main__:main:680 - Idle tick.
2025-08-19 14:00:09.588 | DEBUG    | __main__:main:680 - Idle tick.
2025-08-19 14:00:10.614 | DEBUG    | __main__:main:680 - Idle tick.
2025-08-19 14:00:11.628 | DEBUG    | __main__:main:680 - Idle tick.
2025-08-19 14:00:11.642 | INFO     | __main__:job:146 - MT5 cycle: features=6 inserted=6 skipped=0
2025-08-19 14:00:12.528 | INFO     | __main__:main:433 - VIX 15.789999961853027
2025-08-19 14:00:12.656 | DEBUG    | __main__:main:680 - Idle tick.
2025-08-19 14:00:12.882 | INFO     | __main__:main:451 - DXY 98.29399871826172 (DX-Y.NYB)
2025-08-19 14:00:13.682 | DEBUG    | __main__:main:680 - Idle tick.
2025-08-19 14:00:14.707 | DEBUG    | __main__:main:680 - Idle tick.
2025-08-19 14:00:15.726 | DEBUG    | __main__:main:680 - Idle tick.
2025-08-19 14:00:16.698 | INFO     | __main__:job:146 - MT5 cycle: features=6 inserted=6 skipped=0
2025-08-19 14:00:16.743 | DEBUG    | __main__:main:680 - Idle tick.
2025-08-19 14:00:17.760 | DEBUG    | __main__:main:680 - Idle tick.
2025-08-19 14:00:18.780 | DEBUG    | __main__:main:680 - Idle tick.
2025-08-19 14:00:19.821 | DEBUG    | __main__:main:680 - Idle tick.
2025-08-19 14:00:20.852 | DEBUG    | __main__:main:680 - Idle tick.
2025-08-19 14:00:21.746 | INFO     | __main__:job:146 - MT5 cycle: features=6 inserted=6 skipped=0
2025-08-19 14:00:21.887 | DEBUG    | __main__:main:680 - Idle tick.
2025-08-19 14:00:22.909 | DEBUG    | __main__:main:680 - Idle tick.
2025-08-19 14:00:23.923 | DEBUG    | __main__:main:680 - Idle tick.
2025-08-19 14:00:24.939 | DEBUG    | __main__:main:680 - Idle tick.
2025-08-19 14:00:25.977 | DEBUG    | __main__:main:680 - Idle tick.
2025-08-19 14:00:26.792 | INFO     | __main__:job:146 - MT5 cycle: features=6 inserted=6 skipped=0
2025-08-19 14:00:27.007 | DEBUG    | __main__:main:680 - Idle tick.
2025-08-19 14:00:28.043 | DEBUG    | __main__:main:680 - Idle tick.
2025-08-19 14:00:29.079 | DEBUG    | __main__:main:680 - Idle tick.
2025-08-19 14:00:30.122 | DEBUG    | __main__:main:680 - Idle tick.
2025-08-19 14:00:31.151 | DEBUG    | __main__:main:680 - Idle tick.
2025-08-19 14:00:31.827 | INFO     | __main__:job:146 - MT5 cycle: features=6 inserted=6 skipped=0
2025-08-19 14:00:32.182 | DEBUG    | __main__:main:680 - Idle tick.
2025-08-19 14:00:33.208 | DEBUG    | __main__:main:680 - Idle tick.
2025-08-19 14:00:34.241 | DEBUG    | __main__:main:680 - Idle tick.
2025-08-19 14:00:35.266 | DEBUG    | __main__:main:680 - Idle tick.
2025-08-19 14:00:36.284 | DEBUG    | __main__:main:680 - Idle tick.
2025-08-19 14:00:36.879 | INFO     | __main__:job:146 - MT5 cycle: features=6 inserted=6 skipped=0
2025-08-19 14:00:37.304 | DEBUG    | __main__:main:680 - Idle tick.
2025-08-19 14:00:38.326 | DEBUG    | __main__:main:680 - Idle tick.
2025-08-19 14:00:39.347 | DEBUG    | __main__:main:680 - Idle tick.
2025-08-19 14:00:40.364 | DEBUG    | __main__:main:680 - Idle tick.
2025-08-19 14:00:41.397 | DEBUG    | __main__:main:680 - Idle tick.
2025-08-19 14:00:41.916 | INFO     | __main__:job:146 - MT5 cycle: features=6 inserted=6 skipped=0
2025-08-19 14:00:42.434 | DEBUG    | __main__:main:680 - Idle tick.
2025-08-19 14:00:43.472 | DEBUG    | __main__:main:680 - Idle tick.
2025-08-19 14:00:44.507 | DEBUG    | __main__:main:680 - Idle tick.
2025-08-19 14:00:45.529 | DEBUG    | __main__:main:680 - Idle tick.
2025-08-19 14:00:46.563 | DEBUG    | __main__:main:680 - Idle tick.
2025-08-19 14:00:46.958 | INFO     | __main__:job:146 - MT5 cycle: features=6 inserted=6 skipped=0
2025-08-19 14:00:47.587 | DEBUG    | __main__:main:680 - Idle tick.
2025-08-19 14:00:48.624 | DEBUG    | __main__:main:680 - Idle tick.
2025-08-19 14:00:49.646 | DEBUG    | __main__:main:680 - Idle tick.
2025-08-19 14:00:50.668 | DEBUG    | __main__:main:680 - Idle tick.
2025-08-19 14:00:51.695 | DEBUG    | __main__:main:680 - Idle tick.
2025-08-19 14:00:52.030 | INFO     | __main__:job:146 - MT5 cycle: features=6 inserted=6 skipped=0
2025-08-19 14:00:52.722 | DEBUG    | __main__:main:680 - Idle tick.
2025-08-19 14:00:53.744 | DEBUG    | __main__:main:680 - Idle tick.
2025-08-19 14:00:54.763 | DEBUG    | __main__:main:680 - Idle tick.
2025-08-19 14:00:55.793 | DEBUG    | __main__:main:680 - Idle tick.
2025-08-19 14:00:56.809 | DEBUG    | __main__:main:680 - Idle tick.
2025-08-19 14:00:57.066 | INFO     | __main__:job:146 - MT5 cycle: features=6 inserted=6 skipped=0
2025-08-19 14:00:57.833 | DEBUG    | __main__:main:680 - Idle tick.
2025-08-19 14:00:58.865 | DEBUG    | __main__:main:680 - Idle tick.
2025-08-19 14:00:59.882 | DEBUG    | __main__:main:680 - Idle tick.
2025-08-19 14:01:00.905 | DEBUG    | __main__:main:680 - Idle tick.
2025-08-19 14:01:01.920 | DEBUG    | __main__:main:680 - Idle tick.
2025-08-19 14:01:02.123 | INFO     | __main__:job:146 - MT5 cycle: features=6 inserted=6 skipped=0
2025-08-19 14:01:02.950 | DEBUG    | __main__:main:680 - Idle tick.
2025-08-19 14:01:03.283 | DEBUG    | __main__:main:154 - OK (sin alertas).
2025-08-19 14:01:03.974 | DEBUG    | __main__:main:680 - Idle tick.
2025-08-19 14:01:05.012 | DEBUG    | __main__:main:680 - Idle tick.
2025-08-19 14:01:06.049 | DEBUG    | __main__:main:680 - Idle tick.
2025-08-19 14:01:07.075 | DEBUG    | __main__:main:680 - Idle tick.
2025-08-19 14:01:07.166 | INFO     | __main__:job:146 - MT5 cycle: features=6 inserted=6 skipped=0
2025-08-19 14:01:08.112 | DEBUG    | __main__:main:680 - Idle tick.
2025-08-19 14:01:09.142 | DEBUG    | __main__:main:680 - Idle tick.
2025-08-19 14:01:10.161 | DEBUG    | __main__:main:680 - Idle tick.
2025-08-19 14:01:11.198 | DEBUG    | __main__:main:680 - Idle tick.
2025-08-19 14:01:12.207 | INFO     | __main__:job:146 - MT5 cycle: features=6 inserted=6 skipped=0
2025-08-19 14:01:12.234 | DEBUG    | __main__:main:680 - Idle tick.
2025-08-19 14:01:13.246 | INFO     | __main__:main:433 - VIX 15.779999732971191
2025-08-19 14:01:13.259 | DEBUG    | __main__:main:680 - Idle tick.
2025-08-19 14:01:13.555 | INFO     | __main__:main:451 - DXY 98.28500366210938 (DX-Y.NYB)
2025-08-19 14:01:14.286 | DEBUG    | __main__:main:680 - Idle tick.
2025-08-19 14:01:15.310 | DEBUG    | __main__:main:680 - Idle tick.
2025-08-19 14:01:16.334 | DEBUG    | __main__:main:680 - Idle tick.
2025-08-19 14:01:17.260 | INFO     | __main__:job:146 - MT5 cycle: features=6 inserted=6 skipped=0
2025-08-19 14:01:17.352 | DEBUG    | __main__:main:680 - Idle tick.
2025-08-19 14:01:18.381 | DEBUG    | __main__:main:680 - Idle tick.
2025-08-19 14:01:19.393 | DEBUG    | __main__:main:680 - Idle tick.
2025-08-19 14:01:20.417 | DEBUG    | __main__:main:680 - Idle tick.
2025-08-19 14:01:21.437 | DEBUG    | __main__:main:680 - Idle tick.
2025-08-19 14:01:22.309 | INFO     | __main__:job:146 - MT5 cycle: features=6 inserted=6 skipped=0
2025-08-19 14:01:22.465 | DEBUG    | __main__:main:680 - Idle tick.
2025-08-19 14:01:23.480 | DEBUG    | __main__:main:680 - Idle tick.
2025-08-19 14:01:24.494 | DEBUG    | __main__:main:680 - Idle tick.
2025-08-19 14:01:25.510 | DEBUG    | __main__:main:680 - Idle tick.
2025-08-19 14:01:26.539 | DEBUG    | __main__:main:680 - Idle tick.
2025-08-19 14:01:27.350 | INFO     | __main__:job:146 - MT5 cycle: features=6 inserted=6 skipped=0
2025-08-19 14:01:27.562 | DEBUG    | __main__:main:680 - Idle tick.
2025-08-19 14:01:28.588 | DEBUG    | __main__:main:680 - Idle tick.
2025-08-19 14:01:29.625 | DEBUG    | __main__:main:680 - Idle tick.
2025-08-19 14:01:30.653 | DEBUG    | __main__:main:680 - Idle tick.
2025-08-19 14:01:31.691 | DEBUG    | __main__:main:680 - Idle tick.
2025-08-19 14:01:32.401 | INFO     | __main__:job:146 - MT5 cycle: features=6 inserted=6 skipped=0
2025-08-19 14:01:32.712 | DEBUG    | __main__:main:680 - Idle tick.
2025-08-19 14:01:33.749 | DEBUG    | __main__:main:680 - Idle tick.
2025-08-19 14:01:34.783 | DEBUG    | __main__:main:680 - Idle tick.
2025-08-19 14:01:35.821 | DEBUG    | __main__:main:680 - Idle tick.
2025-08-19 14:01:36.841 | DEBUG    | __main__:main:680 - Idle tick.
2025-08-19 14:01:37.485 | INFO     | __main__:job:146 - MT5 cycle: features=6 inserted=6 skipped=0
2025-08-19 14:01:37.867 | DEBUG    | __main__:main:680 - Idle tick.
2025-08-19 14:01:38.905 | DEBUG    | __main__:main:680 - Idle tick.
2025-08-19 14:01:39.923 | DEBUG    | __main__:main:680 - Idle tick.
2025-08-19 14:01:40.946 | DEBUG    | __main__:main:680 - Idle tick.
2025-08-19 14:01:41.969 | DEBUG    | __main__:main:680 - Idle tick.
2025-08-19 14:01:42.542 | INFO     | __main__:job:146 - MT5 cycle: features=6 inserted=6 skipped=0
2025-08-19 14:01:42.992 | DEBUG    | __main__:main:680 - Idle tick.
2025-08-19 14:01:44.018 | DEBUG    | __main__:main:680 - Idle tick.
2025-08-19 14:01:45.052 | DEBUG    | __main__:main:680 - Idle tick.
2025-08-19 14:01:46.080 | DEBUG    | __main__:main:680 - Idle tick.
2025-08-19 14:01:47.111 | DEBUG    | __main__:main:680 - Idle tick.
2025-08-19 14:01:47.594 | INFO     | __main__:job:146 - MT5 cycle: features=6 inserted=6 skipped=0
2025-08-19 14:01:48.140 | DEBUG    | __main__:main:680 - Idle tick.
2025-08-19 14:01:49.168 | DEBUG    | __main__:main:680 - Idle tick.
2025-08-19 14:01:50.196 | DEBUG    | __main__:main:680 - Idle tick.
2025-08-19 14:01:51.221 | DEBUG    | __main__:main:680 - Idle tick.
2025-08-19 14:01:52.258 | DEBUG    | __main__:main:680 - Idle tick.
2025-08-19 14:01:52.649 | INFO     | __main__:job:146 - MT5 cycle: features=6 inserted=6 skipped=0
2025-08-19 14:01:53.285 | DEBUG    | __main__:main:680 - Idle tick.
2025-08-19 14:01:54.322 | DEBUG    | __main__:main:680 - Idle tick.
2025-08-19 14:01:55.337 | DEBUG    | __main__:main:680 - Idle tick.
2025-08-19 14:01:56.371 | DEBUG    | __main__:main:680 - Idle tick.
2025-08-19 14:01:57.399 | DEBUG    | __main__:main:680 - Idle tick.
2025-08-19 14:01:57.701 | INFO     | __main__:job:146 - MT5 cycle: features=6 inserted=6 skipped=0
2025-08-19 14:01:58.414 | DEBUG    | __main__:main:680 - Idle tick.
2025-08-19 14:01:59.449 | DEBUG    | __main__:main:680 - Idle tick.
2025-08-19 14:02:00.478 | DEBUG    | __main__:main:680 - Idle tick.
2025-08-19 14:02:01.502 | DEBUG    | __main__:main:680 - Idle tick.
2025-08-19 14:02:02.525 | DEBUG    | __main__:main:680 - Idle tick.
2025-08-19 14:02:02.745 | INFO     | __main__:job:146 - MT5 cycle: features=6 inserted=6 skipped=0
2025-08-19 14:02:03.324 | DEBUG    | __main__:main:154 - OK (sin alertas).
2025-08-19 14:02:03.548 | DEBUG    | __main__:main:680 - Idle tick.
2025-08-19 14:02:04.575 | DEBUG    | __main__:main:680 - Idle tick.
2025-08-19 14:02:05.590 | DEBUG    | __main__:main:680 - Idle tick.
2025-08-19 14:02:06.623 | DEBUG    | __main__:main:680 - Idle tick.
2025-08-19 14:02:07.639 | DEBUG    | __main__:main:680 - Idle tick.
2025-08-19 14:02:07.796 | INFO     | __main__:job:146 - MT5 cycle: features=6 inserted=6 skipped=0
2025-08-19 14:02:08.665 | DEBUG    | __main__:main:680 - Idle tick.
2025-08-19 14:02:09.700 | DEBUG    | __main__:main:680 - Idle tick.
2025-08-19 14:02:10.731 | DEBUG    | __main__:main:680 - Idle tick.
2025-08-19 14:02:11.756 | DEBUG    | __main__:main:680 - Idle tick.
2025-08-19 14:02:12.790 | DEBUG    | __main__:main:680 - Idle tick.
2025-08-19 14:02:12.833 | INFO     | __main__:job:146 - MT5 cycle: features=6 inserted=6 skipped=0
2025-08-19 14:02:13.820 | DEBUG    | __main__:main:680 - Idle tick.
2025-08-19 14:02:14.859 | DEBUG    | __main__:main:680 - Idle tick.
2025-08-19 14:02:15.848 | INFO     | __main__:main:433 - VIX 15.800000190734863
2025-08-19 14:02:15.898 | DEBUG    | __main__:main:680 - Idle tick.
2025-08-19 14:02:16.930 | DEBUG    | __main__:main:680 - Idle tick.
2025-08-19 14:02:17.883 | INFO     | __main__:job:146 - MT5 cycle: features=6 inserted=6 skipped=0
2025-08-19 14:02:17.967 | DEBUG    | __main__:main:680 - Idle tick.
2025-08-19 14:02:18.336 | INFO     | __main__:main:451 - DXY 98.28299713134766 (DX-Y.NYB)
2025-08-19 14:02:19.002 | DEBUG    | __main__:main:680 - Idle tick.
2025-08-19 14:02:20.031 | DEBUG    | __main__:main:680 - Idle tick.
2025-08-19 14:02:21.073 | DEBUG    | __main__:main:680 - Idle tick.
2025-08-19 14:02:22.106 | DEBUG    | __main__:main:680 - Idle tick.
2025-08-19 14:02:22.940 | INFO     | __main__:job:146 - MT5 cycle: features=6 inserted=6 skipped=0
2025-08-19 14:02:23.144 | DEBUG    | __main__:main:680 - Idle tick.
2025-08-19 14:02:24.179 | DEBUG    | __main__:main:680 - Idle tick.
2025-08-19 14:02:25.219 | DEBUG    | __main__:main:680 - Idle tick.
2025-08-19 14:02:26.255 | DEBUG    | __main__:main:680 - Idle tick.
2025-08-19 14:02:27.283 | DEBUG    | __main__:main:680 - Idle tick.
2025-08-19 14:02:28.018 | INFO     | __main__:job:146 - MT5 cycle: features=6 inserted=6 skipped=0
2025-08-19 14:02:28.322 | DEBUG    | __main__:main:680 - Idle tick.
2025-08-19 14:02:29.340 | DEBUG    | __main__:main:680 - Idle tick.
2025-08-19 14:02:30.369 | DEBUG    | __main__:main:680 - Idle tick.
2025-08-19 14:02:31.390 | DEBUG    | __main__:main:680 - Idle tick.
2025-08-19 14:02:32.417 | DEBUG    | __main__:main:680 - Idle tick.
2025-08-19 14:02:33.085 | INFO     | __main__:job:146 - MT5 cycle: features=6 inserted=6 skipped=0
2025-08-19 14:02:33.452 | DEBUG    | __main__:main:680 - Idle tick.
2025-08-19 14:02:34.492 | DEBUG    | __main__:main:680 - Idle tick.
2025-08-19 14:02:35.516 | DEBUG    | __main__:main:680 - Idle tick.
2025-08-19 14:02:36.540 | DEBUG    | __main__:main:680 - Idle tick.
2025-08-19 14:02:37.564 | DEBUG    | __main__:main:680 - Idle tick.
2025-08-19 14:02:38.121 | INFO     | __main__:job:146 - MT5 cycle: features=6 inserted=6 skipped=0
2025-08-19 14:02:38.600 | DEBUG    | __main__:main:680 - Idle tick.
2025-08-19 14:02:39.621 | DEBUG    | __main__:main:680 - Idle tick.
2025-08-19 14:02:40.636 | DEBUG    | __main__:main:680 - Idle tick.
2025-08-19 14:02:41.655 | DEBUG    | __main__:main:680 - Idle tick.
2025-08-19 14:02:42.684 | DEBUG    | __main__:main:680 - Idle tick.
2025-08-19 14:02:43.175 | INFO     | __main__:job:146 - MT5 cycle: features=6 inserted=6 skipped=0
2025-08-19 14:02:43.713 | DEBUG    | __main__:main:680 - Idle tick.
2025-08-19 14:02:44.737 | DEBUG    | __main__:main:680 - Idle tick.
2025-08-19 14:02:45.415 | INFO     | __main__:main:397 - SKEW 153.9499969482422
2025-08-19 14:02:45.774 | DEBUG    | __main__:main:680 - Idle tick.
2025-08-19 14:02:46.401 | INFO     | __main__:_upsert_yahoo_price:244 - COPPER 4.426499843597412
2025-08-19 14:02:46.799 | DEBUG    | __main__:main:680 - Idle tick.
2025-08-19 14:02:47.838 | DEBUG    | __main__:main:680 - Idle tick.
2025-08-19 14:02:48.239 | INFO     | __main__:job:146 - MT5 cycle: features=6 inserted=6 skipped=0
2025-08-19 14:02:48.852 | INFO     | __main__:_upsert_yahoo_price:244 - GOLD_FUT 3361.5
2025-08-19 14:02:48.871 | DEBUG    | __main__:main:680 - Idle tick.
2025-08-19 14:02:49.871 | INFO     | __main__:_upsert_yahoo_price:244 - HYG 80.39109802246094
2025-08-19 14:02:49.910 | DEBUG    | __main__:main:680 - Idle tick.
2025-08-19 14:02:50.721 | INFO     | __main__:_upsert_yahoo_price:244 - LQD 109.73280334472656
2025-08-19 14:02:50.935 | DEBUG    | __main__:main:680 - Idle tick.
2025-08-19 14:02:51.968 | DEBUG    | __main__:main:680 - Idle tick.
2025-08-19 14:02:53.003 | DEBUG    | __main__:main:680 - Idle tick.
2025-08-19 14:02:53.274 | INFO     | __main__:job:146 - MT5 cycle: features=6 inserted=6 skipped=0
2025-08-19 14:02:54.027 | DEBUG    | __main__:main:680 - Idle tick.
2025-08-19 14:02:55.063 | DEBUG    | __main__:main:680 - Idle tick.
2025-08-19 14:02:56.090 | DEBUG    | __main__:main:680 - Idle tick.
2025-08-19 14:02:57.119 | DEBUG    | __main__:main:680 - Idle tick.
2025-08-19 14:02:57.393 | INFO     | __main__:main:573 - CRYPTO F&G 56.0 (Greed)
2025-08-19 14:02:57.399 | INFO     | __main__:main:748 - HYG_LQD_RATIO 0.7326077122983143
2025-08-19 14:02:57.403 | INFO     | __main__:main:780 - COPPER_GOLD_RATIO 0.001316822800415711
2025-08-19 14:02:58.141 | DEBUG    | __main__:main:680 - Idle tick.
2025-08-19 14:02:58.317 | INFO     | __main__:job:146 - MT5 cycle: features=6 inserted=6 skipped=0
2025-08-19 14:02:59.179 | DEBUG    | __main__:main:680 - Idle tick.
2025-08-19 14:03:00.217 | DEBUG    | __main__:main:680 - Idle tick.
2025-08-19 14:03:01.250 | DEBUG    | __main__:main:680 - Idle tick.
2025-08-19 14:03:02.275 | DEBUG    | __main__:main:680 - Idle tick.
2025-08-19 14:03:03.300 | DEBUG    | __main__:main:680 - Idle tick.
2025-08-19 14:03:03.367 | DEBUG    | __main__:main:154 - OK (sin alertas).
2025-08-19 14:03:03.377 | INFO     | __main__:job:146 - MT5 cycle: features=6 inserted=6 skipped=0
2025-08-19 14:03:04.336 | DEBUG    | __main__:main:680 - Idle tick.
2025-08-19 14:03:05.372 | DEBUG    | __main__:main:680 - Idle tick.
2025-08-19 14:03:06.412 | DEBUG    | __main__:main:680 - Idle tick.
2025-08-19 14:03:07.445 | DEBUG    | __main__:main:680 - Idle tick.
2025-08-19 14:03:08.412 | INFO     | __main__:job:146 - MT5 cycle: features=6 inserted=6 skipped=0
2025-08-19 14:03:08.482 | DEBUG    | __main__:main:680 - Idle tick.
2025-08-19 14:03:09.521 | DEBUG    | __main__:main:680 - Idle tick.
2025-08-19 14:03:10.542 | DEBUG    | __main__:main:680 - Idle tick.
2025-08-19 14:03:11.577 | DEBUG    | __main__:main:680 - Idle tick.
2025-08-19 14:03:12.612 | DEBUG    | __main__:main:680 - Idle tick.
2025-08-19 14:03:13.457 | INFO     | __main__:job:146 - MT5 cycle: features=6 inserted=6 skipped=0
2025-08-19 14:03:13.650 | DEBUG    | __main__:main:680 - Idle tick.
2025-08-19 14:03:14.677 | DEBUG    | __main__:main:680 - Idle tick.
2025-08-19 14:03:15.711 | DEBUG    | __main__:main:680 - Idle tick.
2025-08-19 14:03:16.751 | DEBUG    | __main__:main:680 - Idle tick.
2025-08-19 14:03:17.768 | DEBUG    | __main__:main:680 - Idle tick.
2025-08-19 14:03:18.504 | INFO     | __main__:job:146 - MT5 cycle: features=6 inserted=6 skipped=0
2025-08-19 14:03:18.799 | DEBUG    | __main__:main:680 - Idle tick.
2025-08-19 14:03:19.834 | DEBUG    | __main__:main:680 - Idle tick.
2025-08-19 14:03:20.542 | INFO     | __main__:main:803 - BREADTH 200d 76.0% (38/50)
2025-08-19 14:03:20.862 | DEBUG    | __main__:main:680 - Idle tick.
2025-08-19 14:03:21.897 | DEBUG    | __main__:main:680 - Idle tick.
2025-08-19 14:03:22.928 | DEBUG    | __main__:main:680 - Idle tick.
2025-08-19 14:03:23.560 | INFO     | __main__:job:146 - MT5 cycle: features=6 inserted=6 skipped=0
2025-08-19 14:03:23.966 | DEBUG    | __main__:main:680 - Idle tick.
2025-08-19 14:03:24.164 | INFO     | __main__:main:826 - BREADTH 50d 74.0% (37/50)
2025-08-19 14:03:25.004 | DEBUG    | __main__:main:680 - Idle tick.
2025-08-19 14:03:26.029 | DEBUG    | __main__:main:680 - Idle tick.
2025-08-19 14:03:27.050 | DEBUG    | __main__:main:680 - Idle tick.
2025-08-19 14:03:28.088 | DEBUG    | __main__:main:680 - Idle tick.
2025-08-19 14:03:28.387 | INFO     | __main__:main:850 - ADV-DEC 4.0 (A:27 D:23 U:0)
2025-08-19 14:03:28.600 | INFO     | __main__:job:146 - MT5 cycle: features=6 inserted=6 skipped=0
2025-08-19 14:03:29.130 | DEBUG    | __main__:main:680 - Idle tick.
2025-08-19 14:03:30.147 | DEBUG    | __main__:main:680 - Idle tick.
2025-08-19 14:03:31.181 | DEBUG    | __main__:main:680 - Idle tick.
2025-08-19 14:03:31.591 | INFO     | __main__:main:894 - FNG_STOCKS 52.0 via https://edition.cnn.com/markets/fear-and-greed
2025-08-19 14:03:32.215 | DEBUG    | __main__:main:680 - Idle tick.
2025-08-19 14:03:33.229 | DEBUG    | __main__:main:680 - Idle tick.
2025-08-19 14:03:33.642 | INFO     | __main__:job:146 - MT5 cycle: features=6 inserted=6 skipped=0
2025-08-19 14:03:34.257 | INFO     | __main__:main:337 - MOVE 81.82330322265625
2025-08-19 14:03:34.260 | DEBUG    | __main__:main:680 - Idle tick.
2025-08-19 14:03:34.553 | INFO     | __main__:main:352 - GVZ 14.920000076293945
2025-08-19 14:03:34.916 | INFO     | __main__:main:367 - OVX 33.970001220703125
2025-08-19 14:03:35.211 | INFO     | __main__:main:382 - VXN 19.290000915527344
2025-08-19 14:03:35.275 | DEBUG    | __main__:main:680 - Idle tick.
2025-08-19 14:03:36.017 | INFO     | __main__:_upsert_simple_fred:227 - UST2Y 3.75 (FRED:DGS2)
2025-08-19 14:03:36.307 | DEBUG    | __main__:main:680 - Idle tick.
2025-08-19 14:03:36.416 | INFO     | __main__:_upsert_simple_fred:227 - UST30Y 4.92 (FRED:DGS30)
2025-08-19 14:03:36.784 | INFO     | __main__:main:433 - VIX 15.779999732971191
2025-08-19 14:03:37.108 | INFO     | __main__:main:451 - DXY 98.27799987792969 (DX-Y.NYB)
2025-08-19 14:03:37.335 | DEBUG    | __main__:main:680 - Idle tick.
2025-08-19 14:03:37.423 | INFO     | __main__:main:505 - UST10Y 4.33% (stored=0.0433) FRED
2025-08-19 14:03:38.370 | DEBUG    | __main__:main:680 - Idle tick.
2025-08-19 14:03:38.698 | INFO     | __main__:job:146 - MT5 cycle: features=6 inserted=6 skipped=0
2025-08-19 14:03:39.405 | DEBUG    | __main__:main:680 - Idle tick.
2025-08-19 14:03:40.431 | DEBUG    | __main__:main:680 - Idle tick.
2025-08-19 14:03:41.454 | DEBUG    | __main__:main:680 - Idle tick.
2025-08-19 14:03:42.468 | DEBUG    | __main__:main:680 - Idle tick.
2025-08-19 14:03:43.484 | DEBUG    | __main__:main:680 - Idle tick.
2025-08-19 14:03:43.766 | INFO     | __main__:job:146 - MT5 cycle: features=6 inserted=6 skipped=0
2025-08-19 14:03:44.383 | INFO     | __main__:main:678 - CALENDAR_BLOCK 0 | next=None
2025-08-19 14:03:44.387 | INFO     | __main__:main:716 - SPREAD_2S10S -3.7067
2025-08-19 14:03:44.499 | DEBUG    | __main__:main:680 - Idle tick.
2025-08-19 14:03:44.742 | INFO     | __main__:main:873 - RELVOL_SPY_20D 0.67 (vol 46408397 / avg20 69178415)
2025-08-19 14:03:45.062 | INFO     | __main__:main:873 - RELVOL_QQQ_20D 0.97 (vol 42042517 / avg20 43430376)
2025-08-19 14:03:45.338 | INFO     | __main__:main:873 - RELVOL_HYG_20D 0.51 (vol 16034923 / avg20 31703591)
2025-08-19 14:03:45.524 | DEBUG    | __main__:main:680 - Idle tick.
2025-08-19 14:03:45.665 | INFO     | __main__:main:873 - RELVOL_LQD_20D 0.76 (vol 19414756 / avg20 25589888)
2025-08-19 14:03:46.547 | DEBUG    | __main__:main:680 - Idle tick.
2025-08-19 14:03:47.579 | DEBUG    | __main__:main:680 - Idle tick.
2025-08-19 14:03:48.598 | DEBUG    | __main__:main:680 - Idle tick.
2025-08-19 14:03:48.825 | INFO     | __main__:job:146 - MT5 cycle: features=6 inserted=6 skipped=0
2025-08-19 14:03:49.618 | DEBUG    | __main__:main:680 - Idle tick.
2025-08-19 14:03:50.650 | DEBUG    | __main__:main:680 - Idle tick.
2025-08-19 14:03:51.674 | DEBUG    | __main__:main:680 - Idle tick.
2025-08-19 14:03:52.707 | DEBUG    | __main__:main:680 - Idle tick.
2025-08-19 14:03:53.733 | DEBUG    | __main__:main:680 - Idle tick.
2025-08-19 14:03:53.865 | INFO     | __main__:job:146 - MT5 cycle: features=6 inserted=6 skipped=0
2025-08-19 14:03:54.770 | DEBUG    | __main__:main:680 - Idle tick.
2025-08-19 14:03:55.804 | DEBUG    | __main__:main:680 - Idle tick.
2025-08-19 14:03:56.833 | DEBUG    | __main__:main:680 - Idle tick.
2025-08-19 14:03:57.860 | DEBUG    | __main__:main:680 - Idle tick.
2025-08-19 14:03:58.896 | DEBUG    | __main__:get_latest_features:144 - Snapshot macro | rows=%d | ms=%d
2025-08-19 14:03:58.896 | INFO     | __main__:evaluate_tier:442 - Eval %s | can_open_new=%s rm=%.2f band=%s hb=%s scen=%d groups=%s missing=%d snap=%d | ms=%d
2025-08-19 14:03:58.901 | INFO     | __main__:job:146 - MT5 cycle: features=6 inserted=6 skipped=0
2025-08-19 14:03:58.901 | INFO     | __main__:insert_macro_state:188 - Insert macro_state | tier=%s rm=%.2f groups=%s prio=%d avoid=%d hb=%s | ms=%d
2025-08-19 14:03:58.901 | DEBUG    | __main__:main:628 - FAST ok | ms=%d
2025-08-19 14:03:58.902 | DEBUG    | __main__:main:684 - Loop ms=%d
2025-08-19 14:03:58.935 | DEBUG    | __main__:main:680 - Idle tick.
2025-08-19 14:03:59.970 | DEBUG    | __main__:main:680 - Idle tick.
2025-08-19 14:04:01.001 | DEBUG    | __main__:main:680 - Idle tick.
2025-08-19 14:04:02.029 | DEBUG    | __main__:main:680 - Idle tick.
2025-08-19 14:04:03.064 | DEBUG    | __main__:main:680 - Idle tick.
2025-08-19 14:04:03.396 | DEBUG    | __main__:main:154 - OK (sin alertas).
2025-08-19 14:04:03.935 | INFO     | __main__:job:146 - MT5 cycle: features=6 inserted=6 skipped=0
2025-08-19 14:04:04.094 | DEBUG    | __main__:main:680 - Idle tick.
2025-08-19 14:04:05.120 | DEBUG    | __main__:main:680 - Idle tick.
2025-08-19 14:04:06.142 | DEBUG    | __main__:main:680 - Idle tick.
2025-08-19 14:04:07.154 | DEBUG    | __main__:main:680 - Idle tick.
2025-08-19 14:04:08.171 | DEBUG    | __main__:main:680 - Idle tick.
2025-08-19 14:04:08.989 | INFO     | __main__:job:146 - MT5 cycle: features=6 inserted=6 skipped=0
2025-08-19 14:04:09.198 | DEBUG    | __main__:main:680 - Idle tick.
2025-08-19 14:04:10.242 | DEBUG    | __main__:main:680 - Idle tick.
2025-08-19 14:04:11.262 | DEBUG    | __main__:main:680 - Idle tick.
2025-08-19 14:04:12.292 | DEBUG    | __main__:main:680 - Idle tick.
2025-08-19 14:04:13.320 | DEBUG    | __main__:main:680 - Idle tick.
2025-08-19 14:04:14.035 | INFO     | __main__:job:146 - MT5 cycle: features=6 inserted=6 skipped=0
2025-08-19 14:04:14.344 | DEBUG    | __main__:main:680 - Idle tick.
2025-08-19 14:04:15.359 | DEBUG    | __main__:main:680 - Idle tick.
2025-08-19 14:04:16.375 | DEBUG    | __main__:main:680 - Idle tick.
2025-08-19 14:04:17.401 | DEBUG    | __main__:main:680 - Idle tick.
2025-08-19 14:04:18.436 | DEBUG    | __main__:main:680 - Idle tick.
2025-08-19 14:04:19.079 | INFO     | __main__:job:146 - MT5 cycle: features=6 inserted=6 skipped=0
2025-08-19 14:04:19.450 | DEBUG    | __main__:main:680 - Idle tick.
2025-08-19 14:04:20.416 | INFO     | __main__:<module>:45 - External poller iniciado.
2025-08-19 14:04:20.468 | INFO     | __main__:main:309 - External poller iniciado.
2025-08-19 14:04:20.470 | DEBUG    | __main__:main:680 - Idle tick.
2025-08-19 14:04:21.499 | DEBUG    | __main__:main:680 - Idle tick.
2025-08-19 14:04:22.537 | DEBUG    | __main__:main:680 - Idle tick.
2025-08-19 14:04:23.574 | DEBUG    | __main__:main:680 - Idle tick.
2025-08-19 14:04:24.121 | INFO     | __main__:job:146 - MT5 cycle: features=6 inserted=6 skipped=0
2025-08-19 14:04:24.608 | DEBUG    | __main__:main:680 - Idle tick.
2025-08-19 14:04:25.674 | DEBUG    | __main__:main:680 - Idle tick.
2025-08-19 14:04:26.691 | DEBUG    | __main__:main:680 - Idle tick.
2025-08-19 14:04:27.718 | DEBUG    | __main__:main:680 - Idle tick.
2025-08-19 14:04:28.745 | DEBUG    | __main__:main:680 - Idle tick.
2025-08-19 14:04:29.171 | INFO     | __main__:job:146 - MT5 cycle: features=6 inserted=6 skipped=0
2025-08-19 14:04:29.771 | DEBUG    | __main__:main:680 - Idle tick.
2025-08-19 14:04:30.795 | DEBUG    | __main__:main:680 - Idle tick.
2025-08-19 14:04:31.716 | INFO     | __main__:<module>:45 - External poller iniciado.
2025-08-19 14:04:31.757 | INFO     | __main__:main:309 - External poller iniciado.
2025-08-19 14:04:31.819 | DEBUG    | __main__:main:680 - Idle tick.
2025-08-19 14:04:32.849 | DEBUG    | __main__:main:680 - Idle tick.
2025-08-19 14:04:32.939 | INFO     | __main__:main:337 - MOVE 81.82330322265625
2025-08-19 14:04:33.246 | INFO     | __main__:main:352 - GVZ 14.920000076293945
2025-08-19 14:04:33.543 | INFO     | __main__:main:367 - OVX 34.0
2025-08-19 14:04:33.877 | DEBUG    | __main__:main:680 - Idle tick.
2025-08-19 14:04:33.888 | INFO     | __main__:main:382 - VXN 19.299999237060547
2025-08-19 14:04:34.211 | INFO     | __main__:main:397 - SKEW 153.9499969482422
2025-08-19 14:04:34.223 | INFO     | __main__:job:146 - MT5 cycle: features=6 inserted=6 skipped=0
2025-08-19 14:04:34.822 | INFO     | __main__:_upsert_simple_fred:227 - UST2Y 3.75 (FRED:DGS2)
2025-08-19 14:04:34.913 | DEBUG    | __main__:main:680 - Idle tick.
2025-08-19 14:04:35.172 | INFO     | __main__:_upsert_simple_fred:227 - UST30Y 4.92 (FRED:DGS30)
2025-08-19 14:04:35.469 | INFO     | __main__:_upsert_simple_fred:227 - T10YIE 2.38 (FRED:T10YIE)
2025-08-19 14:04:35.790 | INFO     | __main__:_upsert_simple_fred:227 - REAL10Y 1.95 (FRED:DFII10)
2025-08-19 14:04:35.938 | DEBUG    | __main__:main:680 - Idle tick.
2025-08-19 14:04:36.099 | INFO     | __main__:main:433 - VIX 15.789999961853027
2025-08-19 14:04:36.387 | INFO     | __main__:main:451 - DXY 98.26799774169922 (DX-Y.NYB)
2025-08-19 14:04:36.678 | INFO     | __main__:_upsert_yahoo_price:244 - COPPER 4.426499843597412
2025-08-19 14:04:36.961 | DEBUG    | __main__:main:680 - Idle tick.
2025-08-19 14:04:37.009 | INFO     | __main__:_upsert_yahoo_price:244 - GOLD_FUT 3362.300048828125
2025-08-19 14:04:37.342 | INFO     | __main__:_upsert_yahoo_price:244 - HYG 80.39009857177734
2025-08-19 14:04:37.687 | INFO     | __main__:_upsert_yahoo_price:244 - LQD 109.7249984741211
2025-08-19 14:04:37.975 | DEBUG    | __main__:main:680 - Idle tick.
2025-08-19 14:04:38.092 | INFO     | __main__:main:505 - UST10Y 4.33% (stored=0.0433) FRED
2025-08-19 14:04:38.406 | INFO     | __main__:_upsert_simple_fred:227 - NFCI -0.54493 (FRED:NFCI)
2025-08-19 14:04:38.793 | INFO     | __main__:_upsert_simple_fred:227 - SOFR 4.34 (FRED:SOFR)
2025-08-19 14:04:39.008 | DEBUG    | __main__:main:680 - Idle tick.
2025-08-19 14:04:39.125 | INFO     | __main__:_upsert_simple_fred:227 - ON_RRP 22.344 (FRED:RRPONTSYD)
2025-08-19 14:04:39.261 | INFO     | __main__:job:146 - MT5 cycle: features=6 inserted=6 skipped=0
2025-08-19 14:04:39.561 | INFO     | __main__:_upsert_simple_fred:227 - DBAA 6.04 (FRED:DBAA)
2025-08-19 14:04:39.868 | INFO     | __main__:_upsert_simple_fred:227 - DAAA 5.39 (FRED:DAAA)
2025-08-19 14:04:40.031 | DEBUG    | __main__:main:680 - Idle tick.
2025-08-19 14:04:40.231 | INFO     | __main__:main:573 - CRYPTO F&G 56.0 (Greed)
2025-08-19 14:04:41.068 | DEBUG    | __main__:main:680 - Idle tick.
2025-08-19 14:04:42.095 | DEBUG    | __main__:main:680 - Idle tick.
2025-08-19 14:04:43.118 | DEBUG    | __main__:main:680 - Idle tick.
2025-08-19 14:04:44.143 | DEBUG    | __main__:main:680 - Idle tick.
2025-08-19 14:04:44.301 | INFO     | __main__:job:146 - MT5 cycle: features=6 inserted=6 skipped=0
2025-08-19 14:04:45.180 | DEBUG    | __main__:main:680 - Idle tick.
2025-08-19 14:04:46.217 | DEBUG    | __main__:main:680 - Idle tick.
2025-08-19 14:04:47.238 | DEBUG    | __main__:main:680 - Idle tick.
2025-08-19 14:04:48.266 | DEBUG    | __main__:main:680 - Idle tick.
2025-08-19 14:04:48.507 | WARNING  | __main__:main:593 - PCR no disponible (CSV y HTML fallaron).
2025-08-19 14:04:49.292 | DEBUG    | __main__:main:680 - Idle tick.
2025-08-19 14:04:49.352 | INFO     | __main__:job:146 - MT5 cycle: features=6 inserted=6 skipped=0
2025-08-19 14:04:49.975 | WARNING  | __main__:main:617 - GPR no disponible (CSV candidates fallaron).
2025-08-19 14:04:50.315 | DEBUG    | __main__:main:680 - Idle tick.
2025-08-19 14:04:50.554 | INFO     | __main__:main:635 - HY OAS 2.88
2025-08-19 14:04:50.881 | INFO     | __main__:main:652 - IG OAS 0.75
2025-08-19 14:04:51.351 | DEBUG    | __main__:main:680 - Idle tick.
2025-08-19 14:04:52.385 | DEBUG    | __main__:main:680 - Idle tick.
2025-08-19 14:04:53.423 | DEBUG    | __main__:main:680 - Idle tick.
2025-08-19 14:04:54.394 | INFO     | __main__:job:146 - MT5 cycle: features=6 inserted=6 skipped=0
2025-08-19 14:04:54.452 | DEBUG    | __main__:main:680 - Idle tick.
2025-08-19 14:04:54.918 | INFO     | __main__:main:678 - CALENDAR_BLOCK 0 | next=None
2025-08-19 14:04:54.924 | INFO     | __main__:main:716 - SPREAD_2S10S -3.7067
2025-08-19 14:04:54.928 | INFO     | __main__:main:748 - HYG_LQD_RATIO 0.7326507148754944
2025-08-19 14:04:54.931 | INFO     | __main__:main:780 - COPPER_GOLD_RATIO 0.001316509466530269
2025-08-19 14:04:55.485 | DEBUG    | __main__:main:680 - Idle tick.
2025-08-19 14:04:56.520 | DEBUG    | __main__:main:680 - Idle tick.
2025-08-19 14:04:57.536 | DEBUG    | __main__:main:680 - Idle tick.
2025-08-19 14:04:57.949 | INFO     | __main__:main:803 - BREADTH 200d 76.0% (38/50)
2025-08-19 14:04:58.563 | DEBUG    | __main__:main:680 - Idle tick.
2025-08-19 14:04:59.461 | INFO     | __main__:job:146 - MT5 cycle: features=6 inserted=6 skipped=0
2025-08-19 14:04:59.597 | DEBUG    | __main__:main:680 - Idle tick.
2025-08-19 14:05:00.619 | DEBUG    | __main__:main:680 - Idle tick.
2025-08-19 14:05:01.674 | DEBUG    | __main__:main:680 - Idle tick.
2025-08-19 14:05:01.848 | INFO     | __main__:main:826 - BREADTH 50d 72.0% (36/50)
2025-08-19 14:05:02.706 | DEBUG    | __main__:main:680 - Idle tick.
2025-08-19 14:05:03.424 | DEBUG    | __main__:main:154 - OK (sin alertas).
2025-08-19 14:05:03.729 | DEBUG    | __main__:main:680 - Idle tick.
2025-08-19 14:05:04.498 | INFO     | __main__:job:146 - MT5 cycle: features=6 inserted=6 skipped=0
2025-08-19 14:05:04.762 | DEBUG    | __main__:main:680 - Idle tick.
2025-08-19 14:05:04.855 | INFO     | __main__:main:850 - ADV-DEC 4.0 (A:27 D:23 U:0)
2025-08-19 14:05:05.286 | INFO     | __main__:main:873 - RELVOL_SPY_20D 0.67 (vol 46584025 / avg20 69187196)
2025-08-19 14:05:05.530 | INFO     | __main__:main:873 - RELVOL_QQQ_20D 0.68 (vol 29783900 / avg20 43491780)
2025-08-19 14:05:05.711 | INFO     | __main__:main:873 - RELVOL_HYG_20D 0.51 (vol 16040393 / avg20 31703865)
2025-08-19 14:05:05.788 | DEBUG    | __main__:main:680 - Idle tick.
2025-08-19 14:05:05.912 | INFO     | __main__:main:873 - RELVOL_LQD_20D 0.77 (vol 19601034 / avg20 25599202)
2025-08-19 14:05:06.813 | DEBUG    | __main__:main:680 - Idle tick.
2025-08-19 14:05:07.255 | INFO     | __main__:main:894 - FNG_STOCKS 52.0 via https://edition.cnn.com/markets/fear-and-greed
2025-08-19 14:05:07.837 | DEBUG    | __main__:main:680 - Idle tick.
2025-08-19 14:05:08.862 | DEBUG    | __main__:main:680 - Idle tick.
2025-08-19 14:05:09.536 | INFO     | __main__:job:146 - MT5 cycle: features=6 inserted=6 skipped=0
2025-08-19 14:05:09.882 | DEBUG    | __main__:main:680 - Idle tick.
2025-08-19 14:05:10.907 | DEBUG    | __main__:main:680 - Idle tick.
2025-08-19 14:05:11.927 | DEBUG    | __main__:main:680 - Idle tick.
2025-08-19 14:05:12.957 | DEBUG    | __main__:main:680 - Idle tick.
2025-08-19 14:05:13.977 | DEBUG    | __main__:main:680 - Idle tick.
2025-08-19 14:05:14.573 | INFO     | __main__:job:146 - MT5 cycle: features=6 inserted=6 skipped=0
2025-08-19 14:05:14.999 | DEBUG    | __main__:main:680 - Idle tick.
2025-08-19 14:05:16.028 | DEBUG    | __main__:main:680 - Idle tick.
2025-08-19 14:05:17.059 | DEBUG    | __main__:main:680 - Idle tick.
2025-08-19 14:05:18.082 | DEBUG    | __main__:main:680 - Idle tick.
2025-08-19 14:05:19.104 | DEBUG    | __main__:main:680 - Idle tick.
2025-08-19 14:05:19.623 | INFO     | __main__:job:146 - MT5 cycle: features=6 inserted=6 skipped=0
2025-08-19 14:05:20.141 | DEBUG    | __main__:main:680 - Idle tick.
2025-08-19 14:05:21.177 | DEBUG    | __main__:main:680 - Idle tick.
2025-08-19 14:05:22.199 | DEBUG    | __main__:main:680 - Idle tick.
2025-08-19 14:05:23.229 | DEBUG    | __main__:main:680 - Idle tick.
2025-08-19 14:05:24.264 | DEBUG    | __main__:main:680 - Idle tick.
2025-08-19 14:05:24.680 | INFO     | __main__:job:146 - MT5 cycle: features=6 inserted=6 skipped=0
2025-08-19 14:05:25.289 | DEBUG    | __main__:main:680 - Idle tick.
2025-08-19 14:05:26.303 | DEBUG    | __main__:main:680 - Idle tick.
2025-08-19 14:05:27.330 | DEBUG    | __main__:main:680 - Idle tick.
2025-08-19 14:05:28.352 | DEBUG    | __main__:main:680 - Idle tick.
2025-08-19 14:05:29.385 | DEBUG    | __main__:main:680 - Idle tick.
2025-08-19 14:05:29.715 | INFO     | __main__:job:146 - MT5 cycle: features=6 inserted=6 skipped=0
2025-08-19 14:05:30.406 | DEBUG    | __main__:main:680 - Idle tick.
2025-08-19 14:05:31.437 | DEBUG    | __main__:main:680 - Idle tick.
2025-08-19 14:05:32.458 | DEBUG    | __main__:main:680 - Idle tick.
2025-08-19 14:05:33.471 | DEBUG    | __main__:main:680 - Idle tick.
2025-08-19 14:05:33.581 | INFO     | __main__:main:433 - VIX 15.779999732971191
2025-08-19 14:05:33.875 | INFO     | __main__:main:451 - DXY 98.26399993896484 (DX-Y.NYB)
2025-08-19 14:05:34.493 | DEBUG    | __main__:main:680 - Idle tick.
2025-08-19 14:05:34.768 | INFO     | __main__:job:146 - MT5 cycle: features=6 inserted=6 skipped=0
2025-08-19 14:05:35.517 | DEBUG    | __main__:main:680 - Idle tick.
2025-08-19 14:05:36.552 | DEBUG    | __main__:main:680 - Idle tick.
2025-08-19 14:05:37.578 | DEBUG    | __main__:main:680 - Idle tick.
2025-08-19 14:05:38.597 | DEBUG    | __main__:main:680 - Idle tick.
2025-08-19 14:05:39.620 | DEBUG    | __main__:main:680 - Idle tick.
2025-08-19 14:05:39.821 | INFO     | __main__:job:146 - MT5 cycle: features=6 inserted=6 skipped=0
2025-08-19 14:05:40.642 | DEBUG    | __main__:main:680 - Idle tick.
2025-08-19 14:05:41.674 | DEBUG    | __main__:main:680 - Idle tick.
2025-08-19 14:05:42.701 | DEBUG    | __main__:main:680 - Idle tick.
2025-08-19 14:05:43.738 | DEBUG    | __main__:main:680 - Idle tick.
2025-08-19 14:05:44.771 | DEBUG    | __main__:main:680 - Idle tick.
2025-08-19 14:05:44.876 | INFO     | __main__:job:146 - MT5 cycle: features=6 inserted=6 skipped=0
2025-08-19 14:05:45.793 | DEBUG    | __main__:main:680 - Idle tick.
2025-08-19 14:05:46.824 | DEBUG    | __main__:main:680 - Idle tick.
2025-08-19 14:05:47.845 | DEBUG    | __main__:main:680 - Idle tick.
2025-08-19 14:05:48.861 | DEBUG    | __main__:main:680 - Idle tick.
2025-08-19 14:05:49.879 | DEBUG    | __main__:main:680 - Idle tick.
2025-08-19 14:05:49.928 | INFO     | __main__:job:146 - MT5 cycle: features=6 inserted=6 skipped=0
2025-08-19 14:05:50.913 | DEBUG    | __main__:main:680 - Idle tick.
2025-08-19 14:05:51.928 | DEBUG    | __main__:main:680 - Idle tick.
2025-08-19 14:05:52.952 | DEBUG    | __main__:main:680 - Idle tick.
2025-08-19 14:05:53.969 | DEBUG    | __main__:main:680 - Idle tick.
2025-08-19 14:05:54.988 | INFO     | __main__:job:146 - MT5 cycle: features=6 inserted=6 skipped=0
2025-08-19 14:05:54.994 | DEBUG    | __main__:main:680 - Idle tick.
2025-08-19 14:05:56.009 | DEBUG    | __main__:main:680 - Idle tick.
2025-08-19 14:05:57.060 | DEBUG    | __main__:main:680 - Idle tick.
2025-08-19 14:05:58.077 | DEBUG    | __main__:main:680 - Idle tick.
2025-08-19 14:05:59.104 | DEBUG    | __main__:main:680 - Idle tick.
2025-08-19 14:06:00.037 | INFO     | __main__:job:146 - MT5 cycle: features=6 inserted=6 skipped=0
2025-08-19 14:06:00.126 | DEBUG    | __main__:main:680 - Idle tick.
2025-08-19 14:06:01.151 | DEBUG    | __main__:main:680 - Idle tick.
2025-08-19 14:06:02.186 | DEBUG    | __main__:main:680 - Idle tick.
2025-08-19 14:06:03.207 | DEBUG    | __main__:main:680 - Idle tick.
2025-08-19 14:06:03.466 | WARNING  | __main__:check_features:92 - ⚠️ feature_lag | %s age=%ss > thr=%ss | %s
2025-08-19 14:06:03.483 | WARNING  | __main__:check_features:92 - ⚠️ feature_lag | %s age=%ss > thr=%ss | %s
2025-08-19 14:06:03.488 | WARNING  | __main__:check_features:92 - ⚠️ feature_lag | %s age=%ss > thr=%ss | %s
2025-08-19 14:06:03.493 | WARNING  | __main__:check_features:92 - ⚠️ feature_lag | %s age=%ss > thr=%ss | %s
2025-08-19 14:06:03.498 | WARNING  | __main__:check_features:92 - ⚠️ feature_lag | %s age=%ss > thr=%ss | %s
2025-08-19 14:06:03.501 | WARNING  | __main__:check_features:92 - ⚠️ feature_lag | %s age=%ss > thr=%ss | %s
2025-08-19 14:06:03.505 | WARNING  | __main__:check_features:92 - ⚠️ feature_lag | %s age=%ss > thr=%ss | %s
2025-08-19 14:06:03.508 | WARNING  | __main__:check_features:92 - ⚠️ feature_lag | %s age=%ss > thr=%ss | %s
2025-08-19 14:06:03.512 | WARNING  | __main__:check_features:92 - ⚠️ feature_lag | %s age=%ss > thr=%ss | %s
2025-08-19 14:06:03.532 | WARNING  | __main__:check_features:92 - ⚠️ feature_lag | %s age=%ss > thr=%ss | %s
2025-08-19 14:06:03.535 | WARNING  | __main__:check_features:92 - ⚠️ feature_lag | %s age=%ss > thr=%ss | %s
2025-08-19 14:06:03.537 | WARNING  | __main__:check_features:92 - ⚠️ feature_lag | %s age=%ss > thr=%ss | %s
2025-08-19 14:06:03.540 | WARNING  | __main__:check_features:92 - ⚠️ feature_lag | %s age=%ss > thr=%ss | %s
2025-08-19 14:06:03.541 | WARNING  | __main__:check_features:92 - ⚠️ feature_lag | %s age=%ss > thr=%ss | %s
2025-08-19 14:06:03.543 | WARNING  | __main__:check_features:92 - ⚠️ feature_lag | %s age=%ss > thr=%ss | %s
2025-08-19 14:06:03.546 | WARNING  | __main__:check_features:92 - ⚠️ feature_lag | %s age=%ss > thr=%ss | %s
2025-08-19 14:06:03.549 | WARNING  | __main__:check_features:92 - ⚠️ feature_lag | %s age=%ss > thr=%ss | %s
2025-08-19 14:06:03.551 | WARNING  | __main__:check_features:92 - ⚠️ feature_lag | %s age=%ss > thr=%ss | %s
2025-08-19 14:06:03.554 | WARNING  | __main__:check_features:92 - ⚠️ feature_lag | %s age=%ss > thr=%ss | %s
2025-08-19 14:06:03.556 | WARNING  | __main__:check_features:92 - ⚠️ feature_lag | %s age=%ss > thr=%ss | %s
2025-08-19 14:06:03.559 | WARNING  | __main__:check_features:92 - ⚠️ feature_lag | %s age=%ss > thr=%ss | %s
2025-08-19 14:06:03.561 | WARNING  | __main__:check_features:92 - ⚠️ feature_lag | %s age=%ss > thr=%ss | %s
2025-08-19 14:06:03.564 | WARNING  | __main__:check_features:92 - ⚠️ feature_lag | %s age=%ss > thr=%ss | %s
2025-08-19 14:06:03.566 | WARNING  | __main__:check_features:92 - ⚠️ feature_lag | %s age=%ss > thr=%ss | %s
2025-08-19 14:06:03.569 | WARNING  | __main__:check_features:92 - ⚠️ feature_lag | %s age=%ss > thr=%ss | %s
2025-08-19 14:06:03.571 | WARNING  | __main__:check_features:92 - ⚠️ feature_lag | %s age=%ss > thr=%ss | %s
2025-08-19 14:06:03.573 | WARNING  | __main__:check_features:92 - ⚠️ feature_lag | %s age=%ss > thr=%ss | %s
2025-08-19 14:06:03.576 | WARNING  | __main__:check_features:92 - ⚠️ feature_lag | %s age=%ss > thr=%ss | %s
2025-08-19 14:06:03.578 | WARNING  | __main__:check_features:92 - ⚠️ feature_lag | %s age=%ss > thr=%ss | %s
2025-08-19 14:06:03.582 | WARNING  | __main__:check_features:92 - ⚠️ feature_lag | %s age=%ss > thr=%ss | %s
2025-08-19 14:06:03.584 | WARNING  | __main__:check_features:92 - ⚠️ feature_lag | %s age=%ss > thr=%ss | %s
2025-08-19 14:06:03.587 | WARNING  | __main__:check_features:92 - ⚠️ feature_lag | %s age=%ss > thr=%ss | %s
2025-08-19 14:06:03.590 | WARNING  | __main__:check_features:92 - ⚠️ feature_lag | %s age=%ss > thr=%ss | %s
2025-08-19 14:06:03.593 | WARNING  | __main__:check_features:92 - ⚠️ feature_lag | %s age=%ss > thr=%ss | %s
2025-08-19 14:06:03.597 | WARNING  | __main__:check_features:92 - ⚠️ feature_lag | %s age=%ss > thr=%ss | %s
2025-08-19 14:06:03.600 | WARNING  | __main__:check_features:92 - ⚠️ feature_lag | %s age=%ss > thr=%ss | %s
2025-08-19 14:06:03.604 | WARNING  | __main__:check_features:92 - ⚠️ feature_lag | %s age=%ss > thr=%ss | %s
2025-08-19 14:06:03.607 | WARNING  | __main__:check_features:92 - ⚠️ feature_lag | %s age=%ss > thr=%ss | %s
2025-08-19 14:06:03.610 | WARNING  | __main__:check_features:92 - ⚠️ feature_lag | %s age=%ss > thr=%ss | %s
2025-08-19 14:06:03.615 | WARNING  | __main__:check_features:92 - ⚠️ feature_lag | %s age=%ss > thr=%ss | %s
2025-08-19 14:06:03.618 | WARNING  | __main__:check_features:92 - ⚠️ feature_lag | %s age=%ss > thr=%ss | %s
2025-08-19 14:06:03.622 | WARNING  | __main__:check_features:92 - ⚠️ feature_lag | %s age=%ss > thr=%ss | %s
2025-08-19 14:06:03.629 | WARNING  | __main__:check_evaluator:122 - ⚠️ evaluator_idle | %s age=%ss > thr=%ss | %s
2025-08-19 14:06:03.633 | WARNING  | __main__:check_evaluator:122 - ⚠️ evaluator_idle | %s age=%ss > thr=%ss | %s
2025-08-19 14:06:03.641 | WARNING  | __main__:check_evaluator:122 - ⚠️ evaluator_idle | %s age=%ss > thr=%ss | %s
2025-08-19 14:06:04.221 | DEBUG    | __main__:main:680 - Idle tick.
2025-08-19 14:06:05.072 | INFO     | __main__:job:146 - MT5 cycle: features=6 inserted=6 skipped=0
2025-08-19 14:06:05.258 | DEBUG    | __main__:main:680 - Idle tick.
2025-08-19 14:06:06.292 | DEBUG    | __main__:main:680 - Idle tick.
2025-08-19 14:06:07.318 | DEBUG    | __main__:main:680 - Idle tick.
2025-08-19 14:06:08.352 | DEBUG    | __main__:main:680 - Idle tick.
2025-08-19 14:06:09.373 | DEBUG    | __main__:main:680 - Idle tick.
2025-08-19 14:06:10.122 | INFO     | __main__:job:146 - MT5 cycle: features=6 inserted=6 skipped=0
2025-08-19 14:06:10.407 | DEBUG    | __main__:main:680 - Idle tick.
2025-08-19 14:06:11.435 | DEBUG    | __main__:main:680 - Idle tick.
2025-08-19 14:06:12.469 | DEBUG    | __main__:main:680 - Idle tick.
2025-08-19 14:06:13.505 | DEBUG    | __main__:main:680 - Idle tick.
2025-08-19 14:06:14.541 | DEBUG    | __main__:main:680 - Idle tick.
2025-08-19 14:06:15.171 | INFO     | __main__:job:146 - MT5 cycle: features=6 inserted=6 skipped=0
2025-08-19 14:06:15.567 | DEBUG    | __main__:main:680 - Idle tick.
2025-08-19 14:06:16.599 | DEBUG    | __main__:main:680 - Idle tick.
2025-08-19 14:06:17.635 | DEBUG    | __main__:main:680 - Idle tick.
2025-08-19 14:06:18.662 | DEBUG    | __main__:main:680 - Idle tick.
2025-08-19 14:06:19.697 | DEBUG    | __main__:main:680 - Idle tick.
2025-08-19 14:06:20.236 | INFO     | __main__:job:146 - MT5 cycle: features=6 inserted=6 skipped=0
2025-08-19 14:06:20.718 | DEBUG    | __main__:main:680 - Idle tick.
2025-08-19 14:06:21.744 | DEBUG    | __main__:main:680 - Idle tick.
2025-08-19 14:06:22.759 | DEBUG    | __main__:main:680 - Idle tick.
2025-08-19 14:06:23.787 | DEBUG    | __main__:main:680 - Idle tick.
2025-08-19 14:06:24.820 | DEBUG    | __main__:main:680 - Idle tick.
2025-08-19 14:06:25.281 | INFO     | __main__:job:146 - MT5 cycle: features=6 inserted=6 skipped=0
2025-08-19 14:06:25.850 | DEBUG    | __main__:main:680 - Idle tick.
2025-08-19 14:06:26.885 | DEBUG    | __main__:main:680 - Idle tick.
2025-08-19 14:06:27.917 | DEBUG    | __main__:main:680 - Idle tick.
2025-08-19 14:06:28.953 | DEBUG    | __main__:main:680 - Idle tick.
2025-08-19 14:06:29.974 | DEBUG    | __main__:main:680 - Idle tick.
2025-08-19 14:06:30.319 | INFO     | __main__:job:146 - MT5 cycle: features=6 inserted=6 skipped=0
2025-08-19 14:06:30.990 | DEBUG    | __main__:main:680 - Idle tick.
2025-08-19 14:06:32.022 | DEBUG    | __main__:main:680 - Idle tick.
2025-08-19 14:06:33.048 | DEBUG    | __main__:main:680 - Idle tick.
2025-08-19 14:06:34.075 | DEBUG    | __main__:main:680 - Idle tick.
2025-08-19 14:06:35.100 | DEBUG    | __main__:main:680 - Idle tick.
2025-08-19 14:06:35.383 | INFO     | __main__:job:146 - MT5 cycle: features=6 inserted=6 skipped=0
2025-08-19 14:06:36.024 | INFO     | __main__:main:433 - VIX 15.779999732971191
2025-08-19 14:06:36.125 | DEBUG    | __main__:main:680 - Idle tick.
2025-08-19 14:06:37.133 | INFO     | __main__:main:451 - DXY 98.26100158691406 (DX-Y.NYB)
2025-08-19 14:06:37.146 | DEBUG    | __main__:main:680 - Idle tick.
2025-08-19 14:06:38.183 | DEBUG    | __main__:main:680 - Idle tick.
2025-08-19 14:06:39.207 | DEBUG    | __main__:main:680 - Idle tick.
2025-08-19 14:06:40.230 | DEBUG    | __main__:main:680 - Idle tick.
2025-08-19 14:06:40.426 | INFO     | __main__:job:146 - MT5 cycle: features=6 inserted=6 skipped=0
2025-08-19 14:06:41.259 | DEBUG    | __main__:main:680 - Idle tick.
2025-08-19 14:06:42.284 | DEBUG    | __main__:main:680 - Idle tick.
2025-08-19 14:06:43.308 | DEBUG    | __main__:main:680 - Idle tick.
2025-08-19 14:06:44.337 | DEBUG    | __main__:main:680 - Idle tick.
2025-08-19 14:06:45.361 | DEBUG    | __main__:main:680 - Idle tick.
2025-08-19 14:06:45.469 | INFO     | __main__:job:146 - MT5 cycle: features=6 inserted=6 skipped=0
2025-08-19 14:06:46.375 | DEBUG    | __main__:main:680 - Idle tick.
2025-08-19 14:06:47.400 | DEBUG    | __main__:main:680 - Idle tick.
2025-08-19 14:06:48.429 | DEBUG    | __main__:main:680 - Idle tick.
2025-08-19 14:06:49.445 | DEBUG    | __main__:main:680 - Idle tick.
2025-08-19 14:06:50.471 | DEBUG    | __main__:main:680 - Idle tick.
2025-08-19 14:06:50.523 | INFO     | __main__:job:146 - MT5 cycle: features=6 inserted=6 skipped=0
2025-08-19 14:06:51.494 | DEBUG    | __main__:main:680 - Idle tick.
2025-08-19 14:06:52.519 | DEBUG    | __main__:main:680 - Idle tick.
2025-08-19 14:06:53.552 | DEBUG    | __main__:main:680 - Idle tick.
2025-08-19 14:06:54.587 | DEBUG    | __main__:main:680 - Idle tick.
2025-08-19 14:06:55.561 | INFO     | __main__:job:146 - MT5 cycle: features=6 inserted=6 skipped=0
2025-08-19 14:06:55.610 | DEBUG    | __main__:main:680 - Idle tick.
2025-08-19 14:06:56.641 | DEBUG    | __main__:main:680 - Idle tick.
2025-08-19 14:06:57.676 | DEBUG    | __main__:main:680 - Idle tick.
2025-08-19 14:06:58.710 | DEBUG    | __main__:main:680 - Idle tick.
2025-08-19 14:06:59.733 | DEBUG    | __main__:main:680 - Idle tick.
2025-08-19 14:07:00.600 | INFO     | __main__:job:146 - MT5 cycle: features=6 inserted=6 skipped=0
2025-08-19 14:07:00.758 | DEBUG    | __main__:main:680 - Idle tick.
2025-08-19 14:07:01.784 | DEBUG    | __main__:main:680 - Idle tick.
2025-08-19 14:07:02.816 | DEBUG    | __main__:main:680 - Idle tick.
2025-08-19 14:07:03.687 | DEBUG    | __main__:main:154 - OK (sin alertas).
2025-08-19 14:07:03.851 | DEBUG    | __main__:main:680 - Idle tick.
2025-08-19 14:07:04.876 | DEBUG    | __main__:main:680 - Idle tick.
2025-08-19 14:07:05.653 | INFO     | __main__:job:146 - MT5 cycle: features=6 inserted=6 skipped=0
2025-08-19 14:07:05.891 | DEBUG    | __main__:main:680 - Idle tick.
2025-08-19 14:07:06.922 | DEBUG    | __main__:main:680 - Idle tick.
2025-08-19 14:07:07.957 | DEBUG    | __main__:main:680 - Idle tick.
2025-08-19 14:07:08.997 | DEBUG    | __main__:main:680 - Idle tick.
2025-08-19 14:07:10.029 | DEBUG    | __main__:main:680 - Idle tick.
2025-08-19 14:07:10.692 | INFO     | __main__:job:146 - MT5 cycle: features=6 inserted=6 skipped=0
2025-08-19 14:07:11.054 | DEBUG    | __main__:main:680 - Idle tick.
2025-08-19 14:07:12.077 | DEBUG    | __main__:main:680 - Idle tick.
2025-08-19 14:07:13.104 | DEBUG    | __main__:main:680 - Idle tick.
2025-08-19 14:07:14.127 | DEBUG    | __main__:main:680 - Idle tick.
2025-08-19 14:07:15.149 | DEBUG    | __main__:main:680 - Idle tick.
2025-08-19 14:07:15.744 | INFO     | __main__:job:146 - MT5 cycle: features=6 inserted=6 skipped=0
2025-08-19 14:07:16.175 | DEBUG    | __main__:main:680 - Idle tick.
2025-08-19 14:07:17.205 | DEBUG    | __main__:main:680 - Idle tick.
2025-08-19 14:07:18.220 | DEBUG    | __main__:main:680 - Idle tick.
2025-08-19 14:07:19.254 | DEBUG    | __main__:main:680 - Idle tick.
2025-08-19 14:07:20.293 | DEBUG    | __main__:main:680 - Idle tick.
2025-08-19 14:07:20.826 | INFO     | __main__:job:146 - MT5 cycle: features=6 inserted=6 skipped=0
2025-08-19 14:07:21.310 | DEBUG    | __main__:main:680 - Idle tick.
2025-08-19 14:07:22.335 | DEBUG    | __main__:main:680 - Idle tick.
2025-08-19 14:07:23.351 | DEBUG    | __main__:main:680 - Idle tick.
2025-08-19 14:07:24.381 | DEBUG    | __main__:main:680 - Idle tick.
2025-08-19 14:07:25.404 | DEBUG    | __main__:main:680 - Idle tick.
2025-08-19 14:07:25.862 | INFO     | __main__:job:146 - MT5 cycle: features=6 inserted=6 skipped=0
2025-08-19 14:07:26.433 | DEBUG    | __main__:main:680 - Idle tick.
2025-08-19 14:07:27.449 | DEBUG    | __main__:main:680 - Idle tick.
2025-08-19 14:07:28.464 | DEBUG    | __main__:main:680 - Idle tick.
2025-08-19 14:07:29.493 | DEBUG    | __main__:main:680 - Idle tick.
2025-08-19 14:07:30.515 | DEBUG    | __main__:main:680 - Idle tick.
2025-08-19 14:07:30.901 | INFO     | __main__:job:146 - MT5 cycle: features=6 inserted=6 skipped=0
2025-08-19 14:07:31.537 | DEBUG    | __main__:main:680 - Idle tick.
2025-08-19 14:07:32.567 | DEBUG    | __main__:main:680 - Idle tick.
2025-08-19 14:07:33.608 | DEBUG    | __main__:main:680 - Idle tick.
2025-08-19 14:07:34.640 | DEBUG    | __main__:main:680 - Idle tick.
2025-08-19 14:07:35.675 | DEBUG    | __main__:main:680 - Idle tick.
2025-08-19 14:07:35.952 | INFO     | __main__:job:146 - MT5 cycle: features=6 inserted=6 skipped=0
2025-08-19 14:07:36.152 | INFO     | __main__:main:433 - VIX 15.779999732971191
2025-08-19 14:07:36.703 | DEBUG    | __main__:main:680 - Idle tick.
2025-08-19 14:07:37.677 | INFO     | __main__:main:451 - DXY 98.25599670410156 (DX-Y.NYB)
2025-08-19 14:07:37.731 | DEBUG    | __main__:main:680 - Idle tick.
2025-08-19 14:07:38.753 | DEBUG    | __main__:main:680 - Idle tick.
2025-08-19 14:07:39.786 | DEBUG    | __main__:main:680 - Idle tick.
2025-08-19 14:07:40.826 | DEBUG    | __main__:main:680 - Idle tick.
2025-08-19 14:07:40.991 | INFO     | __main__:job:146 - MT5 cycle: features=6 inserted=6 skipped=0
2025-08-19 14:07:41.842 | DEBUG    | __main__:main:680 - Idle tick.
2025-08-19 14:07:42.861 | DEBUG    | __main__:main:680 - Idle tick.
2025-08-19 14:07:43.876 | DEBUG    | __main__:main:680 - Idle tick.
2025-08-19 14:07:44.911 | DEBUG    | __main__:main:680 - Idle tick.
2025-08-19 14:07:45.930 | DEBUG    | __main__:main:680 - Idle tick.
2025-08-19 14:07:46.034 | INFO     | __main__:job:146 - MT5 cycle: features=6 inserted=6 skipped=0
2025-08-19 14:07:46.945 | DEBUG    | __main__:main:680 - Idle tick.
2025-08-19 14:07:47.979 | DEBUG    | __main__:main:680 - Idle tick.
2025-08-19 14:07:49.006 | DEBUG    | __main__:main:680 - Idle tick.
2025-08-19 14:07:50.043 | DEBUG    | __main__:main:680 - Idle tick.
2025-08-19 14:07:51.060 | DEBUG    | __main__:main:680 - Idle tick.
2025-08-19 14:07:51.085 | INFO     | __main__:job:146 - MT5 cycle: features=6 inserted=6 skipped=0
2025-08-19 14:07:52.091 | DEBUG    | __main__:main:680 - Idle tick.
2025-08-19 14:07:53.132 | DEBUG    | __main__:main:680 - Idle tick.
2025-08-19 14:07:54.165 | DEBUG    | __main__:main:680 - Idle tick.
2025-08-19 14:07:55.187 | DEBUG    | __main__:main:680 - Idle tick.
2025-08-19 14:07:56.128 | INFO     | __main__:job:146 - MT5 cycle: features=6 inserted=6 skipped=0
2025-08-19 14:07:56.214 | DEBUG    | __main__:main:680 - Idle tick.
2025-08-19 14:07:57.228 | DEBUG    | __main__:main:680 - Idle tick.
2025-08-19 14:07:58.251 | DEBUG    | __main__:main:680 - Idle tick.
2025-08-19 14:07:59.284 | DEBUG    | __main__:main:680 - Idle tick.
2025-08-19 14:08:00.310 | DEBUG    | __main__:main:680 - Idle tick.
2025-08-19 14:08:01.169 | INFO     | __main__:job:146 - MT5 cycle: features=6 inserted=6 skipped=0
2025-08-19 14:08:01.335 | DEBUG    | __main__:main:680 - Idle tick.
2025-08-19 14:08:02.373 | DEBUG    | __main__:main:680 - Idle tick.
2025-08-19 14:08:03.393 | DEBUG    | __main__:main:680 - Idle tick.
2025-08-19 14:08:03.710 | DEBUG    | __main__:main:154 - OK (sin alertas).
2025-08-19 14:08:04.429 | DEBUG    | __main__:main:680 - Idle tick.
2025-08-19 14:08:05.465 | DEBUG    | __main__:main:680 - Idle tick.
2025-08-19 14:08:06.253 | INFO     | __main__:job:146 - MT5 cycle: features=6 inserted=6 skipped=0
2025-08-19 14:08:06.493 | DEBUG    | __main__:main:680 - Idle tick.
2025-08-19 14:08:07.529 | DEBUG    | __main__:main:680 - Idle tick.
2025-08-19 14:08:08.565 | DEBUG    | __main__:main:680 - Idle tick.
2025-08-19 14:08:09.600 | DEBUG    | __main__:main:680 - Idle tick.
2025-08-19 14:08:10.634 | DEBUG    | __main__:main:680 - Idle tick.
2025-08-19 14:08:11.319 | INFO     | __main__:job:146 - MT5 cycle: features=6 inserted=6 skipped=0
2025-08-19 14:08:11.670 | DEBUG    | __main__:main:680 - Idle tick.
2025-08-19 14:08:12.704 | DEBUG    | __main__:main:680 - Idle tick.
2025-08-19 14:08:13.723 | DEBUG    | __main__:main:680 - Idle tick.
2025-08-19 14:08:14.760 | DEBUG    | __main__:main:680 - Idle tick.
2025-08-19 14:08:15.795 | DEBUG    | __main__:main:680 - Idle tick.
2025-08-19 14:08:16.389 | INFO     | __main__:job:146 - MT5 cycle: features=6 inserted=6 skipped=0
2025-08-19 14:08:16.813 | DEBUG    | __main__:main:680 - Idle tick.
2025-08-19 14:08:17.847 | DEBUG    | __main__:main:680 - Idle tick.
2025-08-19 14:08:18.876 | DEBUG    | __main__:main:680 - Idle tick.
2025-08-19 14:08:19.892 | DEBUG    | __main__:main:680 - Idle tick.
2025-08-19 14:08:20.908 | DEBUG    | __main__:main:680 - Idle tick.
2025-08-19 14:08:21.437 | INFO     | __main__:job:146 - MT5 cycle: features=6 inserted=6 skipped=0
2025-08-19 14:08:21.928 | DEBUG    | __main__:main:680 - Idle tick.
2025-08-19 14:08:22.967 | DEBUG    | __main__:main:680 - Idle tick.
2025-08-19 14:08:24.001 | DEBUG    | __main__:main:680 - Idle tick.
2025-08-19 14:08:25.022 | DEBUG    | __main__:main:680 - Idle tick.
2025-08-19 14:08:26.060 | DEBUG    | __main__:main:680 - Idle tick.
2025-08-19 14:08:26.481 | INFO     | __main__:job:146 - MT5 cycle: features=6 inserted=6 skipped=0
2025-08-19 14:08:27.095 | DEBUG    | __main__:main:680 - Idle tick.
2025-08-19 14:08:28.108 | DEBUG    | __main__:main:680 - Idle tick.
2025-08-19 14:08:29.144 | DEBUG    | __main__:main:680 - Idle tick.
2025-08-19 14:08:30.176 | DEBUG    | __main__:main:680 - Idle tick.
2025-08-19 14:08:31.191 | DEBUG    | __main__:main:680 - Idle tick.
2025-08-19 14:08:31.519 | INFO     | __main__:job:146 - MT5 cycle: features=6 inserted=6 skipped=0
2025-08-19 14:08:32.204 | DEBUG    | __main__:main:680 - Idle tick.
2025-08-19 14:08:33.219 | DEBUG    | __main__:main:680 - Idle tick.
2025-08-19 14:08:34.234 | DEBUG    | __main__:main:680 - Idle tick.
2025-08-19 14:08:35.250 | DEBUG    | __main__:main:680 - Idle tick.
2025-08-19 14:08:36.264 | DEBUG    | __main__:main:680 - Idle tick.
2025-08-19 14:08:36.561 | INFO     | __main__:job:146 - MT5 cycle: features=6 inserted=6 skipped=0
2025-08-19 14:08:36.754 | INFO     | __main__:main:433 - VIX 15.770000457763672
2025-08-19 14:08:37.279 | DEBUG    | __main__:main:680 - Idle tick.
2025-08-19 14:08:37.299 | INFO     | __main__:main:451 - DXY 98.26300048828125 (DX-Y.NYB)
2025-08-19 14:08:38.318 | DEBUG    | __main__:main:680 - Idle tick.
2025-08-19 14:08:39.335 | DEBUG    | __main__:main:680 - Idle tick.
2025-08-19 14:08:40.359 | DEBUG    | __main__:main:680 - Idle tick.
2025-08-19 14:08:41.389 | DEBUG    | __main__:main:680 - Idle tick.
2025-08-19 14:08:41.608 | INFO     | __main__:job:146 - MT5 cycle: features=6 inserted=6 skipped=0
2025-08-19 14:08:42.419 | DEBUG    | __main__:main:680 - Idle tick.
2025-08-19 14:08:43.448 | DEBUG    | __main__:main:680 - Idle tick.
2025-08-19 14:08:44.470 | DEBUG    | __main__:main:680 - Idle tick.
2025-08-19 14:08:45.494 | DEBUG    | __main__:main:680 - Idle tick.
2025-08-19 14:08:46.527 | DEBUG    | __main__:main:680 - Idle tick.
2025-08-19 14:08:46.652 | INFO     | __main__:job:146 - MT5 cycle: features=6 inserted=6 skipped=0
2025-08-19 14:08:47.543 | DEBUG    | __main__:main:680 - Idle tick.
2025-08-19 14:08:48.561 | DEBUG    | __main__:main:680 - Idle tick.
2025-08-19 14:08:49.597 | DEBUG    | __main__:main:680 - Idle tick.
2025-08-19 14:08:50.630 | DEBUG    | __main__:main:680 - Idle tick.
2025-08-19 14:08:51.657 | DEBUG    | __main__:main:680 - Idle tick.
2025-08-19 14:08:51.691 | INFO     | __main__:job:146 - MT5 cycle: features=6 inserted=6 skipped=0
2025-08-19 14:08:52.694 | DEBUG    | __main__:main:680 - Idle tick.
2025-08-19 14:08:53.719 | DEBUG    | __main__:main:680 - Idle tick.
2025-08-19 14:08:54.752 | DEBUG    | __main__:main:680 - Idle tick.
2025-08-19 14:08:55.782 | DEBUG    | __main__:main:680 - Idle tick.
2025-08-19 14:08:56.737 | INFO     | __main__:job:146 - MT5 cycle: features=6 inserted=6 skipped=0
2025-08-19 14:08:56.799 | DEBUG    | __main__:main:680 - Idle tick.
2025-08-19 14:08:57.836 | DEBUG    | __main__:main:680 - Idle tick.
2025-08-19 14:08:58.850 | DEBUG    | __main__:main:680 - Idle tick.
2025-08-19 14:08:59.895 | DEBUG    | __main__:get_latest_features:144 - Snapshot macro | rows=%d | ms=%d
2025-08-19 14:08:59.895 | INFO     | __main__:evaluate_tier:442 - Eval %s | can_open_new=%s rm=%.2f band=%s hb=%s scen=%d groups=%s missing=%d snap=%d | ms=%d
2025-08-19 14:08:59.904 | INFO     | __main__:insert_macro_state:188 - Insert macro_state | tier=%s rm=%.2f groups=%s prio=%d avoid=%d hb=%s | ms=%d
2025-08-19 14:08:59.904 | DEBUG    | __main__:main:628 - FAST ok | ms=%d
2025-08-19 14:08:59.905 | DEBUG    | __main__:main:684 - Loop ms=%d
2025-08-19 14:08:59.933 | DEBUG    | __main__:main:680 - Idle tick.
2025-08-19 14:09:00.952 | DEBUG    | __main__:main:680 - Idle tick.
2025-08-19 14:09:01.791 | INFO     | __main__:job:146 - MT5 cycle: features=6 inserted=6 skipped=0
2025-08-19 14:09:01.984 | DEBUG    | __main__:main:680 - Idle tick.
2025-08-19 14:09:03.024 | DEBUG    | __main__:main:680 - Idle tick.
2025-08-19 14:09:03.739 | DEBUG    | __main__:main:154 - OK (sin alertas).
2025-08-19 14:09:04.049 | DEBUG    | __main__:main:680 - Idle tick.
2025-08-19 14:09:05.083 | DEBUG    | __main__:main:680 - Idle tick.
2025-08-19 14:09:06.112 | DEBUG    | __main__:main:680 - Idle tick.
2025-08-19 14:09:06.834 | INFO     | __main__:job:146 - MT5 cycle: features=6 inserted=6 skipped=0
2025-08-19 14:09:07.146 | DEBUG    | __main__:main:680 - Idle tick.
2025-08-19 14:09:08.171 | DEBUG    | __main__:main:680 - Idle tick.
2025-08-19 14:09:09.205 | DEBUG    | __main__:main:680 - Idle tick.
2025-08-19 14:09:10.243 | DEBUG    | __main__:main:680 - Idle tick.
2025-08-19 14:09:11.283 | DEBUG    | __main__:main:680 - Idle tick.
2025-08-19 14:09:11.885 | INFO     | __main__:job:146 - MT5 cycle: features=6 inserted=6 skipped=0
2025-08-19 14:09:12.308 | DEBUG    | __main__:main:680 - Idle tick.
2025-08-19 14:09:13.332 | DEBUG    | __main__:main:680 - Idle tick.
2025-08-19 14:09:14.371 | DEBUG    | __main__:main:680 - Idle tick.
2025-08-19 14:09:15.385 | DEBUG    | __main__:main:680 - Idle tick.
2025-08-19 14:09:16.420 | DEBUG    | __main__:main:680 - Idle tick.
2025-08-19 14:09:16.926 | INFO     | __main__:job:146 - MT5 cycle: features=6 inserted=6 skipped=0
2025-08-19 14:09:17.456 | DEBUG    | __main__:main:680 - Idle tick.
2025-08-19 14:09:18.494 | DEBUG    | __main__:main:680 - Idle tick.
2025-08-19 14:09:19.533 | DEBUG    | __main__:main:680 - Idle tick.
2025-08-19 14:09:20.559 | DEBUG    | __main__:main:680 - Idle tick.
2025-08-19 14:09:21.583 | DEBUG    | __main__:main:680 - Idle tick.
2025-08-19 14:09:21.980 | INFO     | __main__:job:146 - MT5 cycle: features=6 inserted=6 skipped=0
2025-08-19 14:09:22.611 | DEBUG    | __main__:main:680 - Idle tick.
2025-08-19 14:09:23.630 | DEBUG    | __main__:main:680 - Idle tick.
2025-08-19 14:09:24.666 | DEBUG    | __main__:main:680 - Idle tick.
2025-08-19 14:09:25.701 | DEBUG    | __main__:main:680 - Idle tick.
2025-08-19 14:09:26.726 | DEBUG    | __main__:main:680 - Idle tick.
2025-08-19 14:09:27.026 | INFO     | __main__:job:146 - MT5 cycle: features=6 inserted=6 skipped=0
2025-08-19 14:09:27.752 | DEBUG    | __main__:main:680 - Idle tick.
2025-08-19 14:09:28.778 | DEBUG    | __main__:main:680 - Idle tick.
2025-08-19 14:09:29.800 | DEBUG    | __main__:main:680 - Idle tick.
2025-08-19 14:09:30.816 | DEBUG    | __main__:main:680 - Idle tick.
2025-08-19 14:09:31.834 | DEBUG    | __main__:main:680 - Idle tick.
2025-08-19 14:09:32.069 | INFO     | __main__:job:146 - MT5 cycle: features=6 inserted=6 skipped=0
2025-08-19 14:09:32.862 | DEBUG    | __main__:main:680 - Idle tick.
2025-08-19 14:09:33.627 | INFO     | __main__:main:337 - MOVE 81.82330322265625
2025-08-19 14:09:33.877 | DEBUG    | __main__:main:680 - Idle tick.
2025-08-19 14:09:33.925 | INFO     | __main__:main:352 - GVZ 14.880000114440918
2025-08-19 14:09:34.262 | INFO     | __main__:main:367 - OVX 34.08000183105469
2025-08-19 14:09:34.622 | INFO     | __main__:main:382 - VXN 19.209999084472656
2025-08-19 14:09:34.892 | DEBUG    | __main__:main:680 - Idle tick.
2025-08-19 14:09:35.251 | INFO     | __main__:_upsert_simple_fred:227 - UST2Y 3.75 (FRED:DGS2)
2025-08-19 14:09:35.602 | INFO     | __main__:_upsert_simple_fred:227 - UST30Y 4.92 (FRED:DGS30)
2025-08-19 14:09:35.922 | DEBUG    | __main__:main:680 - Idle tick.
2025-08-19 14:09:36.001 | INFO     | __main__:main:505 - UST10Y 4.33% (stored=0.0433) FRED
2025-08-19 14:09:36.948 | DEBUG    | __main__:main:680 - Idle tick.
2025-08-19 14:09:37.125 | INFO     | __main__:job:146 - MT5 cycle: features=6 inserted=6 skipped=0
2025-08-19 14:09:37.983 | DEBUG    | __main__:main:680 - Idle tick.
2025-08-19 14:09:38.944 | INFO     | __main__:main:678 - CALENDAR_BLOCK 0 | next=None
2025-08-19 14:09:38.949 | INFO     | __main__:main:716 - SPREAD_2S10S -3.7067
2025-08-19 14:09:39.021 | DEBUG    | __main__:main:680 - Idle tick.
2025-08-19 14:09:39.161 | INFO     | __main__:main:873 - RELVOL_SPY_20D 0.69 (vol 47491068 / avg20 69232548)
2025-08-19 14:09:39.362 | INFO     | __main__:main:873 - RELVOL_QQQ_20D 0.98 (vol 42568662 / avg20 43456683)
2025-08-19 14:09:39.562 | INFO     | __main__:main:873 - RELVOL_HYG_20D 0.51 (vol 16328700 / avg20 31718280)
2025-08-19 14:09:39.739 | INFO     | __main__:main:873 - RELVOL_LQD_20D 0.80 (vol 20550896 / avg20 25646695)
2025-08-19 14:09:40.055 | DEBUG    | __main__:main:680 - Idle tick.
2025-08-19 14:09:41.081 | DEBUG    | __main__:main:680 - Idle tick.
2025-08-19 14:09:42.114 | DEBUG    | __main__:main:680 - Idle tick.
2025-08-19 14:09:42.173 | INFO     | __main__:job:146 - MT5 cycle: features=6 inserted=6 skipped=0
2025-08-19 14:09:42.753 | INFO     | __main__:main:433 - VIX 15.720000267028809
2025-08-19 14:09:43.150 | DEBUG    | __main__:main:680 - Idle tick.
2025-08-19 14:09:43.429 | INFO     | __main__:main:451 - DXY 98.26699829101562 (DX-Y.NYB)
2025-08-19 14:09:44.190 | DEBUG    | __main__:main:680 - Idle tick.
2025-08-19 14:09:45.213 | DEBUG    | __main__:main:680 - Idle tick.
2025-08-19 14:09:46.240 | DEBUG    | __main__:main:680 - Idle tick.
2025-08-19 14:09:47.244 | INFO     | __main__:job:146 - MT5 cycle: features=6 inserted=6 skipped=0
2025-08-19 14:09:47.261 | DEBUG    | __main__:main:680 - Idle tick.
2025-08-19 14:09:48.287 | DEBUG    | __main__:main:680 - Idle tick.
2025-08-19 14:09:49.318 | DEBUG    | __main__:main:680 - Idle tick.
2025-08-19 14:09:50.349 | DEBUG    | __main__:main:680 - Idle tick.
2025-08-19 14:09:51.368 | DEBUG    | __main__:main:680 - Idle tick.
2025-08-19 14:09:52.333 | INFO     | __main__:job:146 - MT5 cycle: features=6 inserted=6 skipped=0
2025-08-19 14:09:52.403 | DEBUG    | __main__:main:680 - Idle tick.
2025-08-19 14:09:53.436 | DEBUG    | __main__:main:680 - Idle tick.
2025-08-19 14:09:54.456 | DEBUG    | __main__:main:680 - Idle tick.
2025-08-19 14:09:55.480 | DEBUG    | __main__:main:680 - Idle tick.
2025-08-19 14:09:56.518 | DEBUG    | __main__:main:680 - Idle tick.
2025-08-19 14:09:57.441 | INFO     | __main__:job:146 - MT5 cycle: features=6 inserted=6 skipped=0
2025-08-19 14:09:57.550 | DEBUG    | __main__:main:680 - Idle tick.
2025-08-19 14:09:58.582 | DEBUG    | __main__:main:680 - Idle tick.
2025-08-19 14:09:59.613 | DEBUG    | __main__:main:680 - Idle tick.
2025-08-19 14:10:00.635 | DEBUG    | __main__:main:680 - Idle tick.
2025-08-19 14:10:01.675 | DEBUG    | __main__:main:680 - Idle tick.
2025-08-19 14:10:02.479 | INFO     | __main__:job:146 - MT5 cycle: features=6 inserted=6 skipped=0
2025-08-19 14:10:02.708 | DEBUG    | __main__:main:680 - Idle tick.
2025-08-19 14:10:03.744 | DEBUG    | __main__:main:680 - Idle tick.
2025-08-19 14:10:03.788 | DEBUG    | __main__:main:154 - OK (sin alertas).
2025-08-19 14:10:04.757 | DEBUG    | __main__:main:680 - Idle tick.
2025-08-19 14:10:05.780 | DEBUG    | __main__:main:680 - Idle tick.
2025-08-19 14:10:06.813 | DEBUG    | __main__:main:680 - Idle tick.
2025-08-19 14:10:07.531 | INFO     | __main__:job:146 - MT5 cycle: features=6 inserted=6 skipped=0
2025-08-19 14:10:07.839 | DEBUG    | __main__:main:680 - Idle tick.
2025-08-19 14:10:08.873 | DEBUG    | __main__:main:680 - Idle tick.
2025-08-19 14:10:09.908 | DEBUG    | __main__:main:680 - Idle tick.
2025-08-19 14:10:10.949 | DEBUG    | __main__:main:680 - Idle tick.
2025-08-19 14:10:11.985 | DEBUG    | __main__:main:680 - Idle tick.
2025-08-19 14:10:12.581 | INFO     | __main__:job:146 - MT5 cycle: features=6 inserted=6 skipped=0
2025-08-19 14:10:13.000 | DEBUG    | __main__:main:680 - Idle tick.
2025-08-19 14:10:14.028 | DEBUG    | __main__:main:680 - Idle tick.
2025-08-19 14:10:15.053 | DEBUG    | __main__:main:680 - Idle tick.
2025-08-19 14:10:16.089 | DEBUG    | __main__:main:680 - Idle tick.
2025-08-19 14:10:17.113 | DEBUG    | __main__:main:680 - Idle tick.
2025-08-19 14:10:17.632 | INFO     | __main__:job:146 - MT5 cycle: features=6 inserted=6 skipped=0
2025-08-19 14:10:18.152 | DEBUG    | __main__:main:680 - Idle tick.
2025-08-19 14:10:19.192 | DEBUG    | __main__:main:680 - Idle tick.
2025-08-19 14:10:20.228 | DEBUG    | __main__:main:680 - Idle tick.
2025-08-19 14:10:21.262 | DEBUG    | __main__:main:680 - Idle tick.
2025-08-19 14:10:22.294 | DEBUG    | __main__:main:680 - Idle tick.
2025-08-19 14:10:22.669 | INFO     | __main__:job:146 - MT5 cycle: features=6 inserted=6 skipped=0
2025-08-19 14:10:23.308 | DEBUG    | __main__:main:680 - Idle tick.
2025-08-19 14:10:24.338 | DEBUG    | __main__:main:680 - Idle tick.
2025-08-19 14:10:25.369 | DEBUG    | __main__:main:680 - Idle tick.
2025-08-19 14:10:26.397 | DEBUG    | __main__:main:680 - Idle tick.
2025-08-19 14:10:27.423 | DEBUG    | __main__:main:680 - Idle tick.
2025-08-19 14:10:27.743 | INFO     | __main__:job:146 - MT5 cycle: features=6 inserted=6 skipped=0
2025-08-19 14:10:28.462 | DEBUG    | __main__:main:680 - Idle tick.
2025-08-19 14:10:29.488 | DEBUG    | __main__:main:680 - Idle tick.
2025-08-19 14:10:30.514 | DEBUG    | __main__:main:680 - Idle tick.
2025-08-19 14:10:31.538 | DEBUG    | __main__:main:680 - Idle tick.
2025-08-19 14:10:32.574 | DEBUG    | __main__:main:680 - Idle tick.
2025-08-19 14:10:32.809 | INFO     | __main__:job:146 - MT5 cycle: features=6 inserted=6 skipped=0
2025-08-19 14:10:33.610 | DEBUG    | __main__:main:680 - Idle tick.
2025-08-19 14:10:34.647 | DEBUG    | __main__:main:680 - Idle tick.
2025-08-19 14:10:35.687 | DEBUG    | __main__:main:680 - Idle tick.
2025-08-19 14:10:36.720 | DEBUG    | __main__:main:680 - Idle tick.
2025-08-19 14:10:37.749 | DEBUG    | __main__:main:680 - Idle tick.
2025-08-19 14:10:37.863 | INFO     | __main__:job:146 - MT5 cycle: features=6 inserted=6 skipped=0
2025-08-19 14:10:38.792 | DEBUG    | __main__:main:680 - Idle tick.
2025-08-19 14:10:39.817 | DEBUG    | __main__:main:680 - Idle tick.
2025-08-19 14:10:40.847 | DEBUG    | __main__:main:680 - Idle tick.
2025-08-19 14:10:41.863 | DEBUG    | __main__:main:680 - Idle tick.
2025-08-19 14:10:42.890 | DEBUG    | __main__:main:680 - Idle tick.
2025-08-19 14:10:42.914 | INFO     | __main__:job:146 - MT5 cycle: features=6 inserted=6 skipped=0
2025-08-19 14:10:43.766 | INFO     | __main__:main:433 - VIX 15.680000305175781
2025-08-19 14:10:43.920 | DEBUG    | __main__:main:680 - Idle tick.
2025-08-19 14:10:44.072 | INFO     | __main__:main:451 - DXY 98.26799774169922 (DX-Y.NYB)
2025-08-19 14:10:44.945 | DEBUG    | __main__:main:680 - Idle tick.
2025-08-19 14:10:45.967 | DEBUG    | __main__:main:680 - Idle tick.
2025-08-19 14:10:47.007 | DEBUG    | __main__:main:680 - Idle tick.
2025-08-19 14:10:47.970 | INFO     | __main__:job:146 - MT5 cycle: features=6 inserted=6 skipped=0
2025-08-19 14:10:48.041 | DEBUG    | __main__:main:680 - Idle tick.
2025-08-19 14:10:49.076 | DEBUG    | __main__:main:680 - Idle tick.
2025-08-19 14:10:50.116 | DEBUG    | __main__:main:680 - Idle tick.
2025-08-19 14:10:51.152 | DEBUG    | __main__:main:680 - Idle tick.
2025-08-19 14:10:52.172 | DEBUG    | __main__:main:680 - Idle tick.
2025-08-19 14:10:53.070 | INFO     | __main__:job:146 - MT5 cycle: features=6 inserted=6 skipped=0
2025-08-19 14:10:53.203 | DEBUG    | __main__:main:680 - Idle tick.
2025-08-19 14:10:54.226 | DEBUG    | __main__:main:680 - Idle tick.
2025-08-19 14:10:55.267 | DEBUG    | __main__:main:680 - Idle tick.
2025-08-19 14:10:56.302 | DEBUG    | __main__:main:680 - Idle tick.
2025-08-19 14:10:57.320 | DEBUG    | __main__:main:680 - Idle tick.
2025-08-19 14:10:58.115 | INFO     | __main__:job:146 - MT5 cycle: features=6 inserted=6 skipped=0
2025-08-19 14:10:58.361 | DEBUG    | __main__:main:680 - Idle tick.
2025-08-19 14:10:59.377 | DEBUG    | __main__:main:680 - Idle tick.
2025-08-19 14:11:00.407 | DEBUG    | __main__:main:680 - Idle tick.
2025-08-19 14:11:01.436 | DEBUG    | __main__:main:680 - Idle tick.
2025-08-19 14:11:02.452 | DEBUG    | __main__:main:680 - Idle tick.
2025-08-19 14:11:03.163 | INFO     | __main__:job:146 - MT5 cycle: features=6 inserted=6 skipped=0
2025-08-19 14:11:03.468 | DEBUG    | __main__:main:680 - Idle tick.
2025-08-19 14:11:03.832 | DEBUG    | __main__:main:154 - OK (sin alertas).
2025-08-19 14:11:04.507 | DEBUG    | __main__:main:680 - Idle tick.
2025-08-19 14:11:05.525 | DEBUG    | __main__:main:680 - Idle tick.
2025-08-19 14:11:06.561 | DEBUG    | __main__:main:680 - Idle tick.
2025-08-19 14:11:07.579 | DEBUG    | __main__:main:680 - Idle tick.
2025-08-19 14:11:08.211 | INFO     | __main__:job:146 - MT5 cycle: features=6 inserted=6 skipped=0
2025-08-19 14:11:08.610 | DEBUG    | __main__:main:680 - Idle tick.
2025-08-19 14:11:09.645 | DEBUG    | __main__:main:680 - Idle tick.
2025-08-19 14:11:10.671 | DEBUG    | __main__:main:680 - Idle tick.
2025-08-19 14:11:11.688 | DEBUG    | __main__:main:680 - Idle tick.
2025-08-19 14:11:12.708 | DEBUG    | __main__:main:680 - Idle tick.
2025-08-19 14:11:13.275 | INFO     | __main__:job:146 - MT5 cycle: features=6 inserted=6 skipped=0
2025-08-19 14:11:13.745 | DEBUG    | __main__:main:680 - Idle tick.
2025-08-19 14:11:14.767 | DEBUG    | __main__:main:680 - Idle tick.
2025-08-19 14:11:15.792 | DEBUG    | __main__:main:680 - Idle tick.
2025-08-19 14:11:16.825 | DEBUG    | __main__:main:680 - Idle tick.
2025-08-19 14:11:17.863 | DEBUG    | __main__:main:680 - Idle tick.
2025-08-19 14:11:18.323 | INFO     | __main__:job:146 - MT5 cycle: features=6 inserted=6 skipped=0
2025-08-19 14:11:18.900 | DEBUG    | __main__:main:680 - Idle tick.
2025-08-19 14:11:19.929 | DEBUG    | __main__:main:680 - Idle tick.
2025-08-19 14:11:20.956 | DEBUG    | __main__:main:680 - Idle tick.
2025-08-19 14:11:21.971 | DEBUG    | __main__:main:680 - Idle tick.
2025-08-19 14:11:23.010 | DEBUG    | __main__:main:680 - Idle tick.
2025-08-19 14:11:23.391 | INFO     | __main__:job:146 - MT5 cycle: features=6 inserted=6 skipped=0
2025-08-19 14:11:24.024 | DEBUG    | __main__:main:680 - Idle tick.
2025-08-19 14:11:25.052 | DEBUG    | __main__:main:680 - Idle tick.
2025-08-19 14:11:26.078 | DEBUG    | __main__:main:680 - Idle tick.
2025-08-19 14:11:27.117 | DEBUG    | __main__:main:680 - Idle tick.
2025-08-19 14:11:28.133 | DEBUG    | __main__:main:680 - Idle tick.
2025-08-19 14:11:28.439 | INFO     | __main__:job:146 - MT5 cycle: features=6 inserted=6 skipped=0
2025-08-19 14:11:29.151 | DEBUG    | __main__:main:680 - Idle tick.
2025-08-19 14:11:30.180 | DEBUG    | __main__:main:680 - Idle tick.
2025-08-19 14:11:31.219 | DEBUG    | __main__:main:680 - Idle tick.
2025-08-19 14:11:32.254 | DEBUG    | __main__:main:680 - Idle tick.
2025-08-19 14:11:33.285 | DEBUG    | __main__:main:680 - Idle tick.
2025-08-19 14:11:33.555 | INFO     | __main__:job:146 - MT5 cycle: features=6 inserted=6 skipped=0
2025-08-19 14:11:34.308 | DEBUG    | __main__:main:680 - Idle tick.
2025-08-19 14:11:35.343 | DEBUG    | __main__:main:680 - Idle tick.
2025-08-19 14:11:36.380 | DEBUG    | __main__:main:680 - Idle tick.
2025-08-19 14:11:37.422 | DEBUG    | __main__:main:680 - Idle tick.
2025-08-19 14:11:38.449 | DEBUG    | __main__:main:680 - Idle tick.
2025-08-19 14:11:38.599 | INFO     | __main__:job:146 - MT5 cycle: features=6 inserted=6 skipped=0
2025-08-19 14:11:39.468 | DEBUG    | __main__:main:680 - Idle tick.
2025-08-19 14:11:40.483 | DEBUG    | __main__:main:680 - Idle tick.
2025-08-19 14:11:41.500 | DEBUG    | __main__:main:680 - Idle tick.
2025-08-19 14:11:42.514 | DEBUG    | __main__:main:680 - Idle tick.
2025-08-19 14:11:43.533 | DEBUG    | __main__:main:680 - Idle tick.
2025-08-19 14:11:43.657 | INFO     | __main__:job:146 - MT5 cycle: features=6 inserted=6 skipped=0
2025-08-19 14:11:44.551 | DEBUG    | __main__:main:680 - Idle tick.
2025-08-19 14:11:44.612 | INFO     | __main__:main:433 - VIX 15.699999809265137
2025-08-19 14:11:45.044 | INFO     | __main__:main:451 - DXY 98.2699966430664 (DX-Y.NYB)
2025-08-19 14:11:45.581 | DEBUG    | __main__:main:680 - Idle tick.
2025-08-19 14:11:46.607 | DEBUG    | __main__:main:680 - Idle tick.
2025-08-19 14:11:47.630 | DEBUG    | __main__:main:680 - Idle tick.
2025-08-19 14:11:48.664 | DEBUG    | __main__:main:680 - Idle tick.
2025-08-19 14:11:48.750 | INFO     | __main__:job:146 - MT5 cycle: features=6 inserted=6 skipped=0
2025-08-19 14:11:49.682 | DEBUG    | __main__:main:680 - Idle tick.
2025-08-19 14:11:50.701 | DEBUG    | __main__:main:680 - Idle tick.
2025-08-19 14:11:51.720 | DEBUG    | __main__:main:680 - Idle tick.
2025-08-19 14:11:52.754 | DEBUG    | __main__:main:680 - Idle tick.
2025-08-19 14:11:53.770 | DEBUG    | __main__:main:680 - Idle tick.
2025-08-19 14:11:53.821 | INFO     | __main__:job:146 - MT5 cycle: features=6 inserted=6 skipped=0
2025-08-19 14:11:54.803 | DEBUG    | __main__:main:680 - Idle tick.
2025-08-19 14:11:55.822 | DEBUG    | __main__:main:680 - Idle tick.
2025-08-19 14:11:56.856 | DEBUG    | __main__:main:680 - Idle tick.
2025-08-19 14:11:57.889 | DEBUG    | __main__:main:680 - Idle tick.
2025-08-19 14:11:58.877 | INFO     | __main__:job:146 - MT5 cycle: features=6 inserted=6 skipped=0
2025-08-19 14:11:58.905 | DEBUG    | __main__:main:680 - Idle tick.
2025-08-19 14:11:59.929 | DEBUG    | __main__:main:680 - Idle tick.
2025-08-19 14:12:00.963 | DEBUG    | __main__:main:680 - Idle tick.
2025-08-19 14:12:01.984 | DEBUG    | __main__:main:680 - Idle tick.
2025-08-19 14:12:03.022 | DEBUG    | __main__:main:680 - Idle tick.
2025-08-19 14:12:03.893 | DEBUG    | __main__:main:154 - OK (sin alertas).
2025-08-19 14:12:03.979 | INFO     | __main__:job:146 - MT5 cycle: features=6 inserted=6 skipped=0
2025-08-19 14:12:04.043 | DEBUG    | __main__:main:680 - Idle tick.
2025-08-19 14:12:05.082 | DEBUG    | __main__:main:680 - Idle tick.
2025-08-19 14:12:06.129 | DEBUG    | __main__:main:680 - Idle tick.
2025-08-19 14:12:07.161 | DEBUG    | __main__:main:680 - Idle tick.
2025-08-19 14:12:08.184 | DEBUG    | __main__:main:680 - Idle tick.
2025-08-19 14:12:09.075 | INFO     | __main__:job:146 - MT5 cycle: features=6 inserted=6 skipped=0
2025-08-19 14:12:09.207 | DEBUG    | __main__:main:680 - Idle tick.
2025-08-19 14:12:10.237 | DEBUG    | __main__:main:680 - Idle tick.
2025-08-19 14:12:11.271 | DEBUG    | __main__:main:680 - Idle tick.
2025-08-19 14:12:12.325 | DEBUG    | __main__:main:680 - Idle tick.
2025-08-19 14:12:13.354 | DEBUG    | __main__:main:680 - Idle tick.
2025-08-19 14:12:14.143 | INFO     | __main__:job:146 - MT5 cycle: features=6 inserted=6 skipped=0
2025-08-19 14:12:14.397 | DEBUG    | __main__:main:680 - Idle tick.
2025-08-19 14:12:15.427 | DEBUG    | __main__:main:680 - Idle tick.
2025-08-19 14:12:16.448 | DEBUG    | __main__:main:680 - Idle tick.
2025-08-19 14:12:17.484 | DEBUG    | __main__:main:680 - Idle tick.
2025-08-19 14:12:18.516 | DEBUG    | __main__:main:680 - Idle tick.
2025-08-19 14:12:19.194 | INFO     | __main__:job:146 - MT5 cycle: features=6 inserted=6 skipped=0
2025-08-19 14:12:19.549 | DEBUG    | __main__:main:680 - Idle tick.
2025-08-19 14:12:20.570 | DEBUG    | __main__:main:680 - Idle tick.
2025-08-19 14:12:21.606 | DEBUG    | __main__:main:680 - Idle tick.
2025-08-19 14:12:22.644 | DEBUG    | __main__:main:680 - Idle tick.
2025-08-19 14:12:23.658 | DEBUG    | __main__:main:680 - Idle tick.
2025-08-19 14:12:24.245 | INFO     | __main__:job:146 - MT5 cycle: features=6 inserted=6 skipped=0
2025-08-19 14:12:24.694 | DEBUG    | __main__:main:680 - Idle tick.
2025-08-19 14:12:25.730 | DEBUG    | __main__:main:680 - Idle tick.
2025-08-19 14:12:26.761 | DEBUG    | __main__:main:680 - Idle tick.
2025-08-19 14:12:27.778 | DEBUG    | __main__:main:680 - Idle tick.
2025-08-19 14:12:28.808 | DEBUG    | __main__:main:680 - Idle tick.
2025-08-19 14:12:29.293 | INFO     | __main__:job:146 - MT5 cycle: features=6 inserted=6 skipped=0
2025-08-19 14:12:29.843 | DEBUG    | __main__:main:680 - Idle tick.
2025-08-19 14:12:30.876 | DEBUG    | __main__:main:680 - Idle tick.
2025-08-19 14:12:31.905 | DEBUG    | __main__:main:680 - Idle tick.
2025-08-19 14:12:32.934 | DEBUG    | __main__:main:680 - Idle tick.
2025-08-19 14:12:33.953 | DEBUG    | __main__:main:680 - Idle tick.
2025-08-19 14:12:34.389 | INFO     | __main__:job:146 - MT5 cycle: features=6 inserted=6 skipped=0
2025-08-19 14:12:34.990 | DEBUG    | __main__:main:680 - Idle tick.
2025-08-19 14:12:36.022 | DEBUG    | __main__:main:680 - Idle tick.
2025-08-19 14:12:37.057 | DEBUG    | __main__:main:680 - Idle tick.
2025-08-19 14:12:38.087 | DEBUG    | __main__:main:680 - Idle tick.
2025-08-19 14:12:39.124 | DEBUG    | __main__:main:680 - Idle tick.
2025-08-19 14:12:39.454 | INFO     | __main__:job:146 - MT5 cycle: features=6 inserted=6 skipped=0
2025-08-19 14:12:40.171 | DEBUG    | __main__:main:680 - Idle tick.
2025-08-19 14:12:41.206 | DEBUG    | __main__:main:680 - Idle tick.
2025-08-19 14:12:42.227 | DEBUG    | __main__:main:680 - Idle tick.
2025-08-19 14:12:43.250 | DEBUG    | __main__:main:680 - Idle tick.
2025-08-19 14:12:44.272 | DEBUG    | __main__:main:680 - Idle tick.
2025-08-19 14:12:44.516 | INFO     | __main__:job:146 - MT5 cycle: features=6 inserted=6 skipped=0
2025-08-19 14:12:45.308 | DEBUG    | __main__:main:680 - Idle tick.
2025-08-19 14:12:46.335 | DEBUG    | __main__:main:680 - Idle tick.
2025-08-19 14:12:46.938 | INFO     | __main__:main:433 - VIX 15.699999809265137
2025-08-19 14:12:47.362 | DEBUG    | __main__:main:680 - Idle tick.
2025-08-19 14:12:48.377 | DEBUG    | __main__:main:680 - Idle tick.
2025-08-19 14:12:48.422 | INFO     | __main__:main:451 - DXY 98.2750015258789 (DX-Y.NYB)
2025-08-19 14:12:49.393 | DEBUG    | __main__:main:680 - Idle tick.
2025-08-19 14:12:49.560 | INFO     | __main__:job:146 - MT5 cycle: features=6 inserted=6 skipped=0
2025-08-19 14:12:50.410 | DEBUG    | __main__:main:680 - Idle tick.
2025-08-19 14:12:51.445 | DEBUG    | __main__:main:680 - Idle tick.
2025-08-19 14:12:52.481 | DEBUG    | __main__:main:680 - Idle tick.
2025-08-19 14:12:53.503 | DEBUG    | __main__:main:680 - Idle tick.
2025-08-19 14:12:54.519 | DEBUG    | __main__:main:680 - Idle tick.
2025-08-19 14:12:54.630 | INFO     | __main__:job:146 - MT5 cycle: features=6 inserted=6 skipped=0
2025-08-19 14:12:55.542 | DEBUG    | __main__:main:680 - Idle tick.
2025-08-19 14:12:56.562 | DEBUG    | __main__:main:680 - Idle tick.
2025-08-19 14:12:57.580 | DEBUG    | __main__:main:680 - Idle tick.
2025-08-19 14:12:58.613 | DEBUG    | __main__:main:680 - Idle tick.
2025-08-19 14:12:59.636 | DEBUG    | __main__:main:680 - Idle tick.
2025-08-19 14:12:59.717 | INFO     | __main__:job:146 - MT5 cycle: features=6 inserted=6 skipped=0
2025-08-19 14:13:00.659 | DEBUG    | __main__:main:680 - Idle tick.
2025-08-19 14:13:01.698 | DEBUG    | __main__:main:680 - Idle tick.
2025-08-19 14:13:02.718 | DEBUG    | __main__:main:680 - Idle tick.
2025-08-19 14:13:03.742 | DEBUG    | __main__:main:680 - Idle tick.
2025-08-19 14:13:03.941 | DEBUG    | __main__:main:154 - OK (sin alertas).
2025-08-19 14:13:04.762 | DEBUG    | __main__:main:680 - Idle tick.
2025-08-19 14:13:04.783 | INFO     | __main__:job:146 - MT5 cycle: features=6 inserted=6 skipped=0
2025-08-19 14:13:05.797 | DEBUG    | __main__:main:680 - Idle tick.
2025-08-19 14:13:06.833 | DEBUG    | __main__:main:680 - Idle tick.
2025-08-19 14:13:07.864 | DEBUG    | __main__:main:680 - Idle tick.
2025-08-19 14:13:08.899 | DEBUG    | __main__:main:680 - Idle tick.
2025-08-19 14:13:09.844 | INFO     | __main__:job:146 - MT5 cycle: features=6 inserted=6 skipped=0
2025-08-19 14:13:09.921 | DEBUG    | __main__:main:680 - Idle tick.
2025-08-19 14:13:10.962 | DEBUG    | __main__:main:680 - Idle tick.
2025-08-19 14:13:12.005 | DEBUG    | __main__:main:680 - Idle tick.
2025-08-19 14:13:13.025 | DEBUG    | __main__:main:680 - Idle tick.
2025-08-19 14:13:14.053 | DEBUG    | __main__:main:680 - Idle tick.
2025-08-19 14:13:14.913 | INFO     | __main__:job:146 - MT5 cycle: features=6 inserted=6 skipped=0
2025-08-19 14:13:15.087 | DEBUG    | __main__:main:680 - Idle tick.
2025-08-19 14:13:16.120 | DEBUG    | __main__:main:680 - Idle tick.
2025-08-19 14:13:17.141 | DEBUG    | __main__:main:680 - Idle tick.
2025-08-19 14:13:18.167 | DEBUG    | __main__:main:680 - Idle tick.
2025-08-19 14:13:19.195 | DEBUG    | __main__:main:680 - Idle tick.
2025-08-19 14:13:20.005 | INFO     | __main__:job:146 - MT5 cycle: features=6 inserted=6 skipped=0
2025-08-19 14:13:20.223 | DEBUG    | __main__:main:680 - Idle tick.
2025-08-19 14:13:21.250 | DEBUG    | __main__:main:680 - Idle tick.
2025-08-19 14:13:22.294 | DEBUG    | __main__:main:680 - Idle tick.
2025-08-19 14:13:23.357 | DEBUG    | __main__:main:680 - Idle tick.
2025-08-19 14:13:24.380 | DEBUG    | __main__:main:680 - Idle tick.
2025-08-19 14:13:25.062 | INFO     | __main__:job:146 - MT5 cycle: features=6 inserted=6 skipped=0
2025-08-19 14:13:25.425 | DEBUG    | __main__:main:680 - Idle tick.
2025-08-19 14:13:26.456 | DEBUG    | __main__:main:680 - Idle tick.
2025-08-19 14:13:27.489 | DEBUG    | __main__:main:680 - Idle tick.
2025-08-19 14:13:28.523 | DEBUG    | __main__:main:680 - Idle tick.
2025-08-19 14:13:29.558 | DEBUG    | __main__:main:680 - Idle tick.
2025-08-19 14:13:30.121 | INFO     | __main__:job:146 - MT5 cycle: features=6 inserted=6 skipped=0
2025-08-19 14:13:30.594 | DEBUG    | __main__:main:680 - Idle tick.
2025-08-19 14:13:31.629 | DEBUG    | __main__:main:680 - Idle tick.
2025-08-19 14:13:32.659 | DEBUG    | __main__:main:680 - Idle tick.
2025-08-19 14:13:33.683 | DEBUG    | __main__:main:680 - Idle tick.
2025-08-19 14:13:34.712 | DEBUG    | __main__:main:680 - Idle tick.
2025-08-19 14:13:35.174 | INFO     | __main__:job:146 - MT5 cycle: features=6 inserted=6 skipped=0
2025-08-19 14:13:35.735 | DEBUG    | __main__:main:680 - Idle tick.
2025-08-19 14:13:36.766 | DEBUG    | __main__:main:680 - Idle tick.
2025-08-19 14:13:37.796 | DEBUG    | __main__:main:680 - Idle tick.
2025-08-19 14:13:38.825 | DEBUG    | __main__:main:680 - Idle tick.
2025-08-19 14:13:39.849 | DEBUG    | __main__:main:680 - Idle tick.
2025-08-19 14:13:40.249 | INFO     | __main__:job:146 - MT5 cycle: features=6 inserted=6 skipped=0
2025-08-19 14:13:40.884 | DEBUG    | __main__:main:680 - Idle tick.
2025-08-19 14:13:41.921 | DEBUG    | __main__:main:680 - Idle tick.
2025-08-19 14:13:42.945 | DEBUG    | __main__:main:680 - Idle tick.
2025-08-19 14:13:43.972 | DEBUG    | __main__:main:680 - Idle tick.
2025-08-19 14:13:45.008 | DEBUG    | __main__:main:680 - Idle tick.
2025-08-19 14:13:45.315 | INFO     | __main__:job:146 - MT5 cycle: features=6 inserted=6 skipped=0
2025-08-19 14:13:46.068 | DEBUG    | __main__:main:680 - Idle tick.
2025-08-19 14:13:47.090 | DEBUG    | __main__:main:680 - Idle tick.
2025-08-19 14:13:47.999 | INFO     | __main__:main:433 - VIX 15.670000076293945
2025-08-19 14:13:48.120 | DEBUG    | __main__:main:680 - Idle tick.
2025-08-19 14:13:49.148 | DEBUG    | __main__:main:680 - Idle tick.
2025-08-19 14:13:49.736 | INFO     | __main__:main:451 - DXY 98.28199768066406 (DX-Y.NYB)
2025-08-19 14:13:50.178 | DEBUG    | __main__:main:680 - Idle tick.
2025-08-19 14:13:50.373 | INFO     | __main__:job:146 - MT5 cycle: features=6 inserted=6 skipped=0
2025-08-19 14:13:51.213 | DEBUG    | __main__:main:680 - Idle tick.
2025-08-19 14:13:52.239 | DEBUG    | __main__:main:680 - Idle tick.
2025-08-19 14:13:53.253 | DEBUG    | __main__:main:680 - Idle tick.
2025-08-19 14:13:54.282 | DEBUG    | __main__:main:680 - Idle tick.
2025-08-19 14:13:55.299 | DEBUG    | __main__:main:680 - Idle tick.
2025-08-19 14:13:55.424 | INFO     | __main__:job:146 - MT5 cycle: features=6 inserted=6 skipped=0
2025-08-19 14:13:56.326 | DEBUG    | __main__:main:680 - Idle tick.
2025-08-19 14:13:57.355 | DEBUG    | __main__:main:680 - Idle tick.
2025-08-19 14:13:58.373 | DEBUG    | __main__:main:680 - Idle tick.
2025-08-19 14:13:59.409 | DEBUG    | __main__:main:680 - Idle tick.
2025-08-19 14:14:00.451 | DEBUG    | __main__:get_latest_features:144 - Snapshot macro | rows=%d | ms=%d
2025-08-19 14:14:00.452 | INFO     | __main__:evaluate_tier:442 - Eval %s | can_open_new=%s rm=%.2f band=%s hb=%s scen=%d groups=%s missing=%d snap=%d | ms=%d
2025-08-19 14:14:00.461 | INFO     | __main__:insert_macro_state:188 - Insert macro_state | tier=%s rm=%.2f groups=%s prio=%d avoid=%d hb=%s | ms=%d
2025-08-19 14:14:00.462 | DEBUG    | __main__:main:628 - FAST ok | ms=%d
2025-08-19 14:14:00.463 | DEBUG    | __main__:main:684 - Loop ms=%d
2025-08-19 14:14:00.472 | INFO     | __main__:job:146 - MT5 cycle: features=6 inserted=6 skipped=0
2025-08-19 14:14:00.485 | DEBUG    | __main__:main:680 - Idle tick.
2025-08-19 14:14:01.505 | DEBUG    | __main__:main:680 - Idle tick.
2025-08-19 14:14:02.541 | DEBUG    | __main__:main:680 - Idle tick.
2025-08-19 14:14:03.575 | DEBUG    | __main__:main:680 - Idle tick.
2025-08-19 14:14:03.978 | DEBUG    | __main__:main:154 - OK (sin alertas).
2025-08-19 14:14:04.609 | DEBUG    | __main__:main:680 - Idle tick.
2025-08-19 14:14:05.508 | INFO     | __main__:job:146 - MT5 cycle: features=6 inserted=6 skipped=0
2025-08-19 14:14:05.626 | DEBUG    | __main__:main:680 - Idle tick.
2025-08-19 14:14:06.664 | DEBUG    | __main__:main:680 - Idle tick.
2025-08-19 14:14:07.694 | DEBUG    | __main__:main:680 - Idle tick.
2025-08-19 14:14:08.726 | DEBUG    | __main__:main:680 - Idle tick.
2025-08-19 14:14:09.740 | DEBUG    | __main__:main:680 - Idle tick.
2025-08-19 14:14:10.559 | INFO     | __main__:job:146 - MT5 cycle: features=6 inserted=6 skipped=0
2025-08-19 14:14:10.768 | DEBUG    | __main__:main:680 - Idle tick.
2025-08-19 14:14:11.802 | DEBUG    | __main__:main:680 - Idle tick.
2025-08-19 14:14:12.824 | DEBUG    | __main__:main:680 - Idle tick.
2025-08-19 14:14:13.859 | DEBUG    | __main__:main:680 - Idle tick.
2025-08-19 14:14:14.886 | DEBUG    | __main__:main:680 - Idle tick.
2025-08-19 14:14:15.607 | INFO     | __main__:job:146 - MT5 cycle: features=6 inserted=6 skipped=0
2025-08-19 14:14:15.926 | DEBUG    | __main__:main:680 - Idle tick.
2025-08-19 14:14:16.951 | DEBUG    | __main__:main:680 - Idle tick.
2025-08-19 14:14:17.976 | DEBUG    | __main__:main:680 - Idle tick.
2025-08-19 14:14:19.007 | DEBUG    | __main__:main:680 - Idle tick.
2025-08-19 14:14:20.040 | DEBUG    | __main__:main:680 - Idle tick.
2025-08-19 14:14:20.676 | INFO     | __main__:job:146 - MT5 cycle: features=6 inserted=6 skipped=0
2025-08-19 14:14:21.070 | DEBUG    | __main__:main:680 - Idle tick.
2025-08-19 14:14:22.101 | DEBUG    | __main__:main:680 - Idle tick.
2025-08-19 14:14:23.116 | DEBUG    | __main__:main:680 - Idle tick.
2025-08-19 14:14:24.134 | DEBUG    | __main__:main:680 - Idle tick.
2025-08-19 14:14:25.148 | DEBUG    | __main__:main:680 - Idle tick.
2025-08-19 14:14:25.712 | INFO     | __main__:job:146 - MT5 cycle: features=6 inserted=6 skipped=0
2025-08-19 14:14:26.169 | DEBUG    | __main__:main:680 - Idle tick.
2025-08-19 14:14:27.194 | DEBUG    | __main__:main:680 - Idle tick.
2025-08-19 14:14:28.227 | DEBUG    | __main__:main:680 - Idle tick.
2025-08-19 14:14:29.256 | DEBUG    | __main__:main:680 - Idle tick.
2025-08-19 14:14:30.284 | DEBUG    | __main__:main:680 - Idle tick.
2025-08-19 14:14:30.747 | INFO     | __main__:job:146 - MT5 cycle: features=6 inserted=6 skipped=0
2025-08-19 14:14:31.314 | DEBUG    | __main__:main:680 - Idle tick.
2025-08-19 14:14:32.329 | DEBUG    | __main__:main:680 - Idle tick.
2025-08-19 14:14:33.355 | DEBUG    | __main__:main:680 - Idle tick.
2025-08-19 14:14:34.380 | DEBUG    | __main__:main:680 - Idle tick.
2025-08-19 14:14:34.499 | INFO     | __main__:main:337 - MOVE 81.82330322265625
2025-08-19 14:14:35.416 | DEBUG    | __main__:main:680 - Idle tick.
2025-08-19 14:14:35.579 | INFO     | __main__:main:352 - GVZ 14.869999885559082
2025-08-19 14:14:35.796 | INFO     | __main__:job:146 - MT5 cycle: features=6 inserted=6 skipped=0
2025-08-19 14:14:36.437 | DEBUG    | __main__:main:680 - Idle tick.
2025-08-19 14:14:36.520 | INFO     | __main__:main:367 - OVX 34.060001373291016
2025-08-19 14:14:37.269 | INFO     | __main__:main:382 - VXN 19.149999618530273
2025-08-19 14:14:37.473 | DEBUG    | __main__:main:680 - Idle tick.
2025-08-19 14:14:38.504 | DEBUG    | __main__:main:680 - Idle tick.
2025-08-19 14:14:39.082 | INFO     | __main__:_upsert_simple_fred:227 - UST2Y 3.75 (FRED:DGS2)
2025-08-19 14:14:39.540 | DEBUG    | __main__:main:680 - Idle tick.
2025-08-19 14:14:40.365 | INFO     | __main__:_upsert_simple_fred:227 - UST30Y 4.92 (FRED:DGS30)
2025-08-19 14:14:40.571 | DEBUG    | __main__:main:680 - Idle tick.
2025-08-19 14:14:40.839 | INFO     | __main__:job:146 - MT5 cycle: features=6 inserted=6 skipped=0
2025-08-19 14:14:41.447 | INFO     | __main__:main:505 - UST10Y 4.33% (stored=0.0433) FRED
2025-08-19 14:14:41.605 | DEBUG    | __main__:main:680 - Idle tick.
2025-08-19 14:14:42.637 | DEBUG    | __main__:main:680 - Idle tick.
2025-08-19 14:14:43.668 | DEBUG    | __main__:main:680 - Idle tick.
2025-08-19 14:14:44.700 | DEBUG    | __main__:main:680 - Idle tick.
2025-08-19 14:14:45.714 | DEBUG    | __main__:main:680 - Idle tick.
2025-08-19 14:14:45.877 | INFO     | __main__:job:146 - MT5 cycle: features=6 inserted=6 skipped=0
2025-08-19 14:14:46.739 | DEBUG    | __main__:main:680 - Idle tick.
2025-08-19 14:14:46.891 | INFO     | __main__:main:678 - CALENDAR_BLOCK 0 | next=None
2025-08-19 14:14:46.900 | INFO     | __main__:main:716 - SPREAD_2S10S -3.7067
2025-08-19 14:14:47.609 | INFO     | __main__:main:873 - RELVOL_SPY_20D 0.69 (vol 48027480 / avg20 69259369)
2025-08-19 14:14:47.753 | DEBUG    | __main__:main:680 - Idle tick.
2025-08-19 14:14:48.210 | INFO     | __main__:main:873 - RELVOL_QQQ_20D 0.99 (vol 43106804 / avg20 43483590)
2025-08-19 14:14:48.753 | INFO     | __main__:main:873 - RELVOL_HYG_20D 0.52 (vol 16359782 / avg20 31719834)
2025-08-19 14:14:48.781 | DEBUG    | __main__:main:680 - Idle tick.
2025-08-19 14:14:49.396 | INFO     | __main__:main:873 - RELVOL_LQD_20D 0.82 (vol 21007462 / avg20 25669523)
2025-08-19 14:14:49.796 | DEBUG    | __main__:main:680 - Idle tick.
2025-08-19 14:14:50.810 | DEBUG    | __main__:main:680 - Idle tick.
2025-08-19 14:14:50.915 | INFO     | __main__:job:146 - MT5 cycle: features=6 inserted=6 skipped=0
2025-08-19 14:14:51.845 | DEBUG    | __main__:main:680 - Idle tick.
2025-08-19 14:14:52.688 | INFO     | __main__:main:433 - VIX 15.670000076293945
2025-08-19 14:14:52.878 | DEBUG    | __main__:main:680 - Idle tick.
2025-08-19 14:14:53.902 | DEBUG    | __main__:main:680 - Idle tick.
2025-08-19 14:14:54.060 | INFO     | __main__:main:451 - DXY 98.2760009765625 (DX-Y.NYB)
2025-08-19 14:14:54.939 | DEBUG    | __main__:main:680 - Idle tick.
2025-08-19 14:14:55.954 | DEBUG    | __main__:main:680 - Idle tick.
2025-08-19 14:14:55.964 | INFO     | __main__:job:146 - MT5 cycle: features=6 inserted=6 skipped=0
2025-08-19 14:14:56.976 | DEBUG    | __main__:main:680 - Idle tick.
2025-08-19 14:14:58.013 | DEBUG    | __main__:main:680 - Idle tick.
2025-08-19 14:14:59.040 | DEBUG    | __main__:main:680 - Idle tick.
2025-08-19 14:15:00.059 | DEBUG    | __main__:main:680 - Idle tick.
2025-08-19 14:15:01.014 | INFO     | __main__:job:146 - MT5 cycle: features=6 inserted=6 skipped=0
2025-08-19 14:15:01.084 | DEBUG    | __main__:main:680 - Idle tick.
2025-08-19 14:15:02.122 | DEBUG    | __main__:main:680 - Idle tick.
2025-08-19 14:15:03.145 | DEBUG    | __main__:main:680 - Idle tick.
2025-08-19 14:15:04.001 | DEBUG    | __main__:main:154 - OK (sin alertas).
2025-08-19 14:15:04.182 | DEBUG    | __main__:main:680 - Idle tick.
2025-08-19 14:15:05.216 | DEBUG    | __main__:main:680 - Idle tick.
2025-08-19 14:15:06.055 | INFO     | __main__:job:146 - MT5 cycle: features=6 inserted=6 skipped=0
2025-08-19 14:15:06.250 | DEBUG    | __main__:main:680 - Idle tick.
2025-08-19 14:15:07.285 | DEBUG    | __main__:main:680 - Idle tick.
2025-08-19 14:15:08.309 | DEBUG    | __main__:main:680 - Idle tick.
2025-08-19 14:15:09.342 | DEBUG    | __main__:main:680 - Idle tick.
2025-08-19 14:15:10.378 | DEBUG    | __main__:main:680 - Idle tick.
2025-08-19 14:15:11.092 | INFO     | __main__:job:146 - MT5 cycle: features=6 inserted=6 skipped=0
2025-08-19 14:15:11.391 | DEBUG    | __main__:main:680 - Idle tick.
2025-08-19 14:15:12.428 | DEBUG    | __main__:main:680 - Idle tick.
2025-08-19 14:15:13.455 | DEBUG    | __main__:main:680 - Idle tick.
2025-08-19 14:15:14.488 | DEBUG    | __main__:main:680 - Idle tick.
2025-08-19 14:15:15.517 | DEBUG    | __main__:main:680 - Idle tick.
2025-08-19 14:15:16.149 | INFO     | __main__:job:146 - MT5 cycle: features=6 inserted=6 skipped=0
2025-08-19 14:15:16.553 | DEBUG    | __main__:main:680 - Idle tick.
2025-08-19 14:15:17.589 | DEBUG    | __main__:main:680 - Idle tick.
2025-08-19 14:15:18.620 | DEBUG    | __main__:main:680 - Idle tick.
2025-08-19 14:15:19.648 | DEBUG    | __main__:main:680 - Idle tick.
2025-08-19 14:15:20.678 | DEBUG    | __main__:main:680 - Idle tick.
2025-08-19 14:15:21.186 | INFO     | __main__:job:146 - MT5 cycle: features=6 inserted=6 skipped=0
2025-08-19 14:15:21.707 | DEBUG    | __main__:main:680 - Idle tick.
2025-08-19 14:15:22.736 | DEBUG    | __main__:main:680 - Idle tick.
2025-08-19 14:15:23.754 | DEBUG    | __main__:main:680 - Idle tick.
2025-08-19 14:15:24.786 | DEBUG    | __main__:main:680 - Idle tick.
2025-08-19 14:15:25.815 | DEBUG    | __main__:main:680 - Idle tick.
2025-08-19 14:15:26.233 | INFO     | __main__:job:146 - MT5 cycle: features=6 inserted=6 skipped=0
2025-08-19 14:15:26.828 | DEBUG    | __main__:main:680 - Idle tick.
2025-08-19 14:15:27.865 | DEBUG    | __main__:main:680 - Idle tick.
2025-08-19 14:15:28.899 | DEBUG    | __main__:main:680 - Idle tick.
2025-08-19 14:15:29.931 | DEBUG    | __main__:main:680 - Idle tick.
2025-08-19 14:15:30.968 | DEBUG    | __main__:main:680 - Idle tick.
2025-08-19 14:15:31.288 | INFO     | __main__:job:146 - MT5 cycle: features=6 inserted=6 skipped=0
2025-08-19 14:15:31.999 | DEBUG    | __main__:main:680 - Idle tick.
2025-08-19 14:15:33.027 | DEBUG    | __main__:main:680 - Idle tick.
2025-08-19 14:15:34.053 | DEBUG    | __main__:main:680 - Idle tick.
2025-08-19 14:15:35.076 | DEBUG    | __main__:main:680 - Idle tick.
2025-08-19 14:15:36.091 | DEBUG    | __main__:main:680 - Idle tick.
2025-08-19 14:15:36.325 | INFO     | __main__:job:146 - MT5 cycle: features=6 inserted=6 skipped=0
2025-08-19 14:15:37.115 | DEBUG    | __main__:main:680 - Idle tick.
2025-08-19 14:15:38.138 | DEBUG    | __main__:main:680 - Idle tick.
2025-08-19 14:15:39.168 | DEBUG    | __main__:main:680 - Idle tick.
2025-08-19 14:15:40.204 | DEBUG    | __main__:main:680 - Idle tick.
2025-08-19 14:15:41.231 | DEBUG    | __main__:main:680 - Idle tick.
2025-08-19 14:15:41.375 | INFO     | __main__:job:146 - MT5 cycle: features=6 inserted=6 skipped=0
2025-08-19 14:15:42.259 | DEBUG    | __main__:main:680 - Idle tick.
2025-08-19 14:15:43.293 | DEBUG    | __main__:main:680 - Idle tick.
2025-08-19 14:15:44.315 | DEBUG    | __main__:main:680 - Idle tick.
2025-08-19 14:15:45.347 | DEBUG    | __main__:main:680 - Idle tick.
2025-08-19 14:15:46.362 | DEBUG    | __main__:main:680 - Idle tick.
2025-08-19 14:15:46.417 | INFO     | __main__:job:146 - MT5 cycle: features=6 inserted=6 skipped=0
2025-08-19 14:15:47.398 | DEBUG    | __main__:main:680 - Idle tick.
2025-08-19 14:15:48.424 | DEBUG    | __main__:main:680 - Idle tick.
2025-08-19 14:15:49.447 | DEBUG    | __main__:main:680 - Idle tick.
2025-08-19 14:15:50.471 | DEBUG    | __main__:main:680 - Idle tick.
2025-08-19 14:15:51.464 | INFO     | __main__:job:146 - MT5 cycle: features=6 inserted=6 skipped=0
2025-08-19 14:15:51.503 | DEBUG    | __main__:main:680 - Idle tick.
2025-08-19 14:15:52.521 | DEBUG    | __main__:main:680 - Idle tick.
2025-08-19 14:15:53.031 | INFO     | __main__:main:433 - VIX 15.75
2025-08-19 14:15:53.544 | DEBUG    | __main__:main:680 - Idle tick.
2025-08-19 14:15:54.096 | INFO     | __main__:main:451 - DXY 98.28199768066406 (DX-Y.NYB)
2025-08-19 14:15:54.584 | DEBUG    | __main__:main:680 - Idle tick.
2025-08-19 14:15:55.609 | DEBUG    | __main__:main:680 - Idle tick.
2025-08-19 14:15:56.507 | INFO     | __main__:job:146 - MT5 cycle: features=6 inserted=6 skipped=0
2025-08-19 14:15:56.622 | DEBUG    | __main__:main:680 - Idle tick.
2025-08-19 14:15:57.637 | DEBUG    | __main__:main:680 - Idle tick.
2025-08-19 14:15:58.668 | DEBUG    | __main__:main:680 - Idle tick.
2025-08-19 14:15:59.701 | DEBUG    | __main__:main:680 - Idle tick.
2025-08-19 14:16:00.727 | DEBUG    | __main__:main:680 - Idle tick.
2025-08-19 14:16:01.552 | INFO     | __main__:job:146 - MT5 cycle: features=6 inserted=6 skipped=0
2025-08-19 14:16:01.741 | DEBUG    | __main__:main:680 - Idle tick.
2025-08-19 14:16:02.781 | DEBUG    | __main__:main:680 - Idle tick.
2025-08-19 14:16:03.800 | DEBUG    | __main__:main:680 - Idle tick.
2025-08-19 14:16:04.046 | DEBUG    | __main__:main:154 - OK (sin alertas).
2025-08-19 14:16:04.824 | DEBUG    | __main__:main:680 - Idle tick.
2025-08-19 14:16:05.855 | DEBUG    | __main__:main:680 - Idle tick.
2025-08-19 14:16:06.596 | INFO     | __main__:job:146 - MT5 cycle: features=6 inserted=6 skipped=0
2025-08-19 14:16:06.877 | DEBUG    | __main__:main:680 - Idle tick.
2025-08-19 14:16:07.900 | DEBUG    | __main__:main:680 - Idle tick.
2025-08-19 14:16:08.923 | DEBUG    | __main__:main:680 - Idle tick.
2025-08-19 14:16:09.957 | DEBUG    | __main__:main:680 - Idle tick.
2025-08-19 14:16:10.976 | DEBUG    | __main__:main:680 - Idle tick.
2025-08-19 14:16:11.637 | INFO     | __main__:job:146 - MT5 cycle: features=6 inserted=6 skipped=0
2025-08-19 14:16:11.991 | DEBUG    | __main__:main:680 - Idle tick.
2025-08-19 14:16:13.014 | DEBUG    | __main__:main:680 - Idle tick.
2025-08-19 14:16:14.030 | DEBUG    | __main__:main:680 - Idle tick.
2025-08-19 14:16:15.044 | DEBUG    | __main__:main:680 - Idle tick.
2025-08-19 14:16:16.079 | DEBUG    | __main__:main:680 - Idle tick.
2025-08-19 14:16:16.676 | INFO     | __main__:job:146 - MT5 cycle: features=6 inserted=6 skipped=0
2025-08-19 14:16:17.112 | DEBUG    | __main__:main:680 - Idle tick.
2025-08-19 14:16:18.145 | DEBUG    | __main__:main:680 - Idle tick.
2025-08-19 14:16:19.177 | DEBUG    | __main__:main:680 - Idle tick.
2025-08-19 14:16:20.210 | DEBUG    | __main__:main:680 - Idle tick.
2025-08-19 14:16:21.234 | DEBUG    | __main__:main:680 - Idle tick.
2025-08-19 14:16:21.722 | INFO     | __main__:job:146 - MT5 cycle: features=6 inserted=6 skipped=0
2025-08-19 14:16:22.259 | DEBUG    | __main__:main:680 - Idle tick.
2025-08-19 14:16:23.285 | DEBUG    | __main__:main:680 - Idle tick.
2025-08-19 14:16:24.303 | DEBUG    | __main__:main:680 - Idle tick.
2025-08-19 14:16:25.321 | DEBUG    | __main__:main:680 - Idle tick.
2025-08-19 14:16:26.353 | DEBUG    | __main__:main:680 - Idle tick.
2025-08-19 14:16:26.763 | INFO     | __main__:job:146 - MT5 cycle: features=6 inserted=6 skipped=0
2025-08-19 14:16:27.369 | DEBUG    | __main__:main:680 - Idle tick.
2025-08-19 14:16:28.387 | DEBUG    | __main__:main:680 - Idle tick.
2025-08-19 14:16:29.404 | DEBUG    | __main__:main:680 - Idle tick.
2025-08-19 14:16:30.440 | DEBUG    | __main__:main:680 - Idle tick.
2025-08-19 14:16:31.456 | DEBUG    | __main__:main:680 - Idle tick.
2025-08-19 14:16:31.857 | INFO     | __main__:job:146 - MT5 cycle: features=6 inserted=6 skipped=0
2025-08-19 14:16:32.481 | DEBUG    | __main__:main:680 - Idle tick.
2025-08-19 14:16:33.518 | DEBUG    | __main__:main:680 - Idle tick.
2025-08-19 14:16:34.535 | DEBUG    | __main__:main:680 - Idle tick.
2025-08-19 14:16:35.570 | DEBUG    | __main__:main:680 - Idle tick.
2025-08-19 14:16:36.586 | DEBUG    | __main__:main:680 - Idle tick.
2025-08-19 14:16:36.900 | INFO     | __main__:job:146 - MT5 cycle: features=6 inserted=6 skipped=0
2025-08-19 14:16:37.609 | DEBUG    | __main__:main:680 - Idle tick.
2025-08-19 14:16:38.642 | DEBUG    | __main__:main:680 - Idle tick.
2025-08-19 14:16:39.675 | DEBUG    | __main__:main:680 - Idle tick.
2025-08-19 14:16:40.699 | DEBUG    | __main__:main:680 - Idle tick.
2025-08-19 14:16:41.738 | DEBUG    | __main__:main:680 - Idle tick.
2025-08-19 14:16:41.938 | INFO     | __main__:job:146 - MT5 cycle: features=6 inserted=6 skipped=0
2025-08-19 14:16:42.773 | DEBUG    | __main__:main:680 - Idle tick.
2025-08-19 14:16:43.807 | DEBUG    | __main__:main:680 - Idle tick.
2025-08-19 14:16:44.831 | DEBUG    | __main__:main:680 - Idle tick.
2025-08-19 14:16:45.847 | DEBUG    | __main__:main:680 - Idle tick.
2025-08-19 14:16:46.872 | DEBUG    | __main__:main:680 - Idle tick.
2025-08-19 14:16:46.984 | INFO     | __main__:job:146 - MT5 cycle: features=6 inserted=6 skipped=0
2025-08-19 14:16:47.907 | DEBUG    | __main__:main:680 - Idle tick.
2025-08-19 14:16:48.926 | DEBUG    | __main__:main:680 - Idle tick.
2025-08-19 14:16:49.944 | DEBUG    | __main__:main:680 - Idle tick.
2025-08-19 14:16:50.978 | DEBUG    | __main__:main:680 - Idle tick.
2025-08-19 14:16:52.014 | DEBUG    | __main__:main:680 - Idle tick.
2025-08-19 14:16:52.030 | INFO     | __main__:job:146 - MT5 cycle: features=6 inserted=6 skipped=0
2025-08-19 14:16:53.042 | DEBUG    | __main__:main:680 - Idle tick.
2025-08-19 14:16:53.520 | INFO     | __main__:main:433 - VIX 15.8100004196167
2025-08-19 14:16:54.064 | DEBUG    | __main__:main:680 - Idle tick.
2025-08-19 14:16:54.833 | INFO     | __main__:main:451 - DXY 98.28199768066406 (DX-Y.NYB)
2025-08-19 14:16:55.095 | DEBUG    | __main__:main:680 - Idle tick.
2025-08-19 14:16:56.125 | DEBUG    | __main__:main:680 - Idle tick.
2025-08-19 14:16:57.068 | INFO     | __main__:job:146 - MT5 cycle: features=6 inserted=6 skipped=0
2025-08-19 14:16:57.148 | DEBUG    | __main__:main:680 - Idle tick.
2025-08-19 14:16:58.181 | DEBUG    | __main__:main:680 - Idle tick.
2025-08-19 14:16:59.200 | DEBUG    | __main__:main:680 - Idle tick.
2025-08-19 14:17:00.231 | DEBUG    | __main__:main:680 - Idle tick.
2025-08-19 14:17:01.269 | DEBUG    | __main__:main:680 - Idle tick.
2025-08-19 14:17:02.208 | INFO     | __main__:job:146 - MT5 cycle: features=6 inserted=6 skipped=0
2025-08-19 14:17:02.299 | DEBUG    | __main__:main:680 - Idle tick.
2025-08-19 14:17:03.331 | DEBUG    | __main__:main:680 - Idle tick.
2025-08-19 14:17:04.093 | DEBUG    | __main__:main:154 - OK (sin alertas).
2025-08-19 14:17:04.356 | DEBUG    | __main__:main:680 - Idle tick.
2025-08-19 14:17:05.381 | DEBUG    | __main__:main:680 - Idle tick.
2025-08-19 14:17:06.413 | DEBUG    | __main__:main:680 - Idle tick.
2025-08-19 14:17:07.283 | INFO     | __main__:job:146 - MT5 cycle: features=6 inserted=6 skipped=0
2025-08-19 14:17:07.447 | DEBUG    | __main__:main:680 - Idle tick.
2025-08-19 14:17:08.476 | DEBUG    | __main__:main:680 - Idle tick.
2025-08-19 14:17:09.500 | DEBUG    | __main__:main:680 - Idle tick.
2025-08-19 14:17:10.527 | DEBUG    | __main__:main:680 - Idle tick.
2025-08-19 14:17:11.557 | DEBUG    | __main__:main:680 - Idle tick.
2025-08-19 14:17:12.366 | INFO     | __main__:job:146 - MT5 cycle: features=6 inserted=6 skipped=0
2025-08-19 14:17:12.579 | DEBUG    | __main__:main:680 - Idle tick.
2025-08-19 14:17:13.625 | DEBUG    | __main__:main:680 - Idle tick.
2025-08-19 14:17:14.666 | DEBUG    | __main__:main:680 - Idle tick.
2025-08-19 14:17:15.694 | DEBUG    | __main__:main:680 - Idle tick.
2025-08-19 14:17:16.741 | DEBUG    | __main__:main:680 - Idle tick.
2025-08-19 14:17:17.443 | INFO     | __main__:job:146 - MT5 cycle: features=6 inserted=6 skipped=0
2025-08-19 14:17:17.789 | DEBUG    | __main__:main:680 - Idle tick.
2025-08-19 14:17:18.812 | DEBUG    | __main__:main:680 - Idle tick.
2025-08-19 14:17:19.841 | DEBUG    | __main__:main:680 - Idle tick.
2025-08-19 14:17:20.865 | DEBUG    | __main__:main:680 - Idle tick.
2025-08-19 14:17:21.898 | DEBUG    | __main__:main:680 - Idle tick.
2025-08-19 14:17:22.772 | INFO     | __main__:job:146 - MT5 cycle: features=6 inserted=6 skipped=0
2025-08-19 14:17:22.935 | DEBUG    | __main__:main:680 - Idle tick.
2025-08-19 14:17:23.961 | DEBUG    | __main__:main:680 - Idle tick.
2025-08-19 14:17:24.991 | DEBUG    | __main__:main:680 - Idle tick.
2025-08-19 14:17:26.019 | DEBUG    | __main__:main:680 - Idle tick.
2025-08-19 14:17:27.060 | DEBUG    | __main__:main:680 - Idle tick.
2025-08-19 14:17:27.874 | INFO     | __main__:job:146 - MT5 cycle: features=6 inserted=6 skipped=0
2025-08-19 14:17:28.090 | DEBUG    | __main__:main:680 - Idle tick.
2025-08-19 14:17:29.122 | DEBUG    | __main__:main:680 - Idle tick.
2025-08-19 14:17:30.167 | DEBUG    | __main__:main:680 - Idle tick.
2025-08-19 14:17:31.206 | DEBUG    | __main__:main:680 - Idle tick.
2025-08-19 14:17:32.241 | DEBUG    | __main__:main:680 - Idle tick.
2025-08-19 14:17:32.934 | INFO     | __main__:job:146 - MT5 cycle: features=6 inserted=6 skipped=0
2025-08-19 14:17:33.265 | DEBUG    | __main__:main:680 - Idle tick.
2025-08-19 14:17:34.288 | DEBUG    | __main__:main:680 - Idle tick.
2025-08-19 14:17:35.327 | DEBUG    | __main__:main:680 - Idle tick.
2025-08-19 14:17:36.359 | DEBUG    | __main__:main:680 - Idle tick.
2025-08-19 14:17:37.383 | DEBUG    | __main__:main:680 - Idle tick.
2025-08-19 14:17:37.975 | INFO     | __main__:job:146 - MT5 cycle: features=6 inserted=6 skipped=0
2025-08-19 14:17:38.407 | DEBUG    | __main__:main:680 - Idle tick.
2025-08-19 14:17:39.443 | DEBUG    | __main__:main:680 - Idle tick.
2025-08-19 14:17:40.480 | DEBUG    | __main__:main:680 - Idle tick.
2025-08-19 14:17:41.511 | DEBUG    | __main__:main:680 - Idle tick.
2025-08-19 14:17:42.541 | DEBUG    | __main__:main:680 - Idle tick.
2025-08-19 14:17:43.016 | INFO     | __main__:job:146 - MT5 cycle: features=6 inserted=6 skipped=0
2025-08-19 14:17:43.577 | DEBUG    | __main__:main:680 - Idle tick.
2025-08-19 14:17:44.611 | DEBUG    | __main__:main:680 - Idle tick.
2025-08-19 14:17:45.648 | DEBUG    | __main__:main:680 - Idle tick.
2025-08-19 14:17:46.686 | DEBUG    | __main__:main:680 - Idle tick.
2025-08-19 14:17:47.720 | DEBUG    | __main__:main:680 - Idle tick.
2025-08-19 14:17:48.069 | INFO     | __main__:job:146 - MT5 cycle: features=6 inserted=6 skipped=0
2025-08-19 14:17:48.754 | DEBUG    | __main__:main:680 - Idle tick.
2025-08-19 14:17:49.783 | DEBUG    | __main__:main:680 - Idle tick.
2025-08-19 14:17:50.807 | DEBUG    | __main__:main:680 - Idle tick.
2025-08-19 14:17:51.842 | DEBUG    | __main__:main:680 - Idle tick.
2025-08-19 14:17:52.877 | DEBUG    | __main__:main:680 - Idle tick.
2025-08-19 14:17:53.117 | INFO     | __main__:job:146 - MT5 cycle: features=6 inserted=6 skipped=0
2025-08-19 14:17:53.907 | DEBUG    | __main__:main:680 - Idle tick.
2025-08-19 14:17:54.085 | INFO     | __main__:main:433 - VIX 15.829999923706055
2025-08-19 14:17:54.922 | DEBUG    | __main__:main:680 - Idle tick.
2025-08-19 14:17:55.386 | INFO     | __main__:main:451 - DXY 98.28099822998047 (DX-Y.NYB)
2025-08-19 14:17:55.938 | DEBUG    | __main__:main:680 - Idle tick.
2025-08-19 14:17:56.974 | DEBUG    | __main__:main:680 - Idle tick.
2025-08-19 14:17:58.002 | DEBUG    | __main__:main:680 - Idle tick.
2025-08-19 14:17:58.159 | INFO     | __main__:job:146 - MT5 cycle: features=6 inserted=6 skipped=0
2025-08-19 14:17:59.018 | DEBUG    | __main__:main:680 - Idle tick.
2025-08-19 14:18:00.051 | DEBUG    | __main__:main:680 - Idle tick.
2025-08-19 14:18:01.090 | DEBUG    | __main__:main:680 - Idle tick.
2025-08-19 14:18:02.104 | DEBUG    | __main__:main:680 - Idle tick.
2025-08-19 14:18:03.125 | DEBUG    | __main__:main:680 - Idle tick.
2025-08-19 14:18:03.208 | INFO     | __main__:job:146 - MT5 cycle: features=6 inserted=6 skipped=0
2025-08-19 14:18:04.134 | DEBUG    | __main__:main:154 - OK (sin alertas).
2025-08-19 14:18:04.155 | DEBUG    | __main__:main:680 - Idle tick.
2025-08-19 14:18:05.184 | DEBUG    | __main__:main:680 - Idle tick.
2025-08-19 14:18:06.213 | DEBUG    | __main__:main:680 - Idle tick.
2025-08-19 14:18:07.244 | DEBUG    | __main__:main:680 - Idle tick.
2025-08-19 14:18:08.252 | INFO     | __main__:job:146 - MT5 cycle: features=6 inserted=6 skipped=0
2025-08-19 14:18:08.259 | DEBUG    | __main__:main:680 - Idle tick.
2025-08-19 14:18:09.284 | DEBUG    | __main__:main:680 - Idle tick.
2025-08-19 14:18:10.312 | DEBUG    | __main__:main:680 - Idle tick.
2025-08-19 14:18:11.345 | DEBUG    | __main__:main:680 - Idle tick.
2025-08-19 14:18:12.359 | DEBUG    | __main__:main:680 - Idle tick.
2025-08-19 14:18:13.288 | INFO     | __main__:job:146 - MT5 cycle: features=6 inserted=6 skipped=0
2025-08-19 14:18:13.382 | DEBUG    | __main__:main:680 - Idle tick.
2025-08-19 14:18:14.415 | DEBUG    | __main__:main:680 - Idle tick.
2025-08-19 14:18:15.431 | DEBUG    | __main__:main:680 - Idle tick.
2025-08-19 14:18:16.463 | DEBUG    | __main__:main:680 - Idle tick.
2025-08-19 14:18:17.501 | DEBUG    | __main__:main:680 - Idle tick.
2025-08-19 14:18:18.327 | INFO     | __main__:job:146 - MT5 cycle: features=6 inserted=6 skipped=0
2025-08-19 14:18:18.516 | DEBUG    | __main__:main:680 - Idle tick.
2025-08-19 14:18:19.565 | DEBUG    | __main__:main:680 - Idle tick.
2025-08-19 14:18:20.594 | DEBUG    | __main__:main:680 - Idle tick.
2025-08-19 14:18:21.629 | DEBUG    | __main__:main:680 - Idle tick.
2025-08-19 14:18:22.643 | DEBUG    | __main__:main:680 - Idle tick.
2025-08-19 14:18:23.384 | INFO     | __main__:job:146 - MT5 cycle: features=6 inserted=6 skipped=0
2025-08-19 14:18:23.666 | DEBUG    | __main__:main:680 - Idle tick.
2025-08-19 14:18:24.692 | DEBUG    | __main__:main:680 - Idle tick.
2025-08-19 14:18:25.718 | DEBUG    | __main__:main:680 - Idle tick.
2025-08-19 14:18:26.748 | DEBUG    | __main__:main:680 - Idle tick.
2025-08-19 14:18:27.781 | DEBUG    | __main__:main:680 - Idle tick.
2025-08-19 14:18:28.426 | INFO     | __main__:job:146 - MT5 cycle: features=6 inserted=6 skipped=0
2025-08-19 14:18:28.805 | DEBUG    | __main__:main:680 - Idle tick.
2025-08-19 14:18:29.835 | DEBUG    | __main__:main:680 - Idle tick.
2025-08-19 14:18:30.868 | DEBUG    | __main__:main:680 - Idle tick.
2025-08-19 14:18:31.908 | DEBUG    | __main__:main:680 - Idle tick.
2025-08-19 14:18:32.932 | DEBUG    | __main__:main:680 - Idle tick.
2025-08-19 14:18:33.467 | INFO     | __main__:job:146 - MT5 cycle: features=6 inserted=6 skipped=0
2025-08-19 14:18:33.960 | DEBUG    | __main__:main:680 - Idle tick.
2025-08-19 14:18:34.993 | DEBUG    | __main__:main:680 - Idle tick.
2025-08-19 14:18:36.015 | DEBUG    | __main__:main:680 - Idle tick.
2025-08-19 14:18:37.049 | DEBUG    | __main__:main:680 - Idle tick.
2025-08-19 14:18:38.082 | DEBUG    | __main__:main:680 - Idle tick.
2025-08-19 14:18:38.512 | INFO     | __main__:job:146 - MT5 cycle: features=6 inserted=6 skipped=0
2025-08-19 14:18:39.101 | DEBUG    | __main__:main:680 - Idle tick.
2025-08-19 14:18:40.127 | DEBUG    | __main__:main:680 - Idle tick.
2025-08-19 14:18:41.160 | DEBUG    | __main__:main:680 - Idle tick.
2025-08-19 14:18:42.198 | DEBUG    | __main__:main:680 - Idle tick.
2025-08-19 14:18:43.220 | DEBUG    | __main__:main:680 - Idle tick.
2025-08-19 14:18:43.564 | INFO     | __main__:job:146 - MT5 cycle: features=6 inserted=6 skipped=0
2025-08-19 14:18:44.237 | DEBUG    | __main__:main:680 - Idle tick.
2025-08-19 14:18:45.255 | DEBUG    | __main__:main:680 - Idle tick.
2025-08-19 14:18:46.271 | DEBUG    | __main__:main:680 - Idle tick.
2025-08-19 14:18:47.287 | DEBUG    | __main__:main:680 - Idle tick.
2025-08-19 14:18:48.328 | DEBUG    | __main__:main:680 - Idle tick.
2025-08-19 14:18:48.608 | INFO     | __main__:job:146 - MT5 cycle: features=6 inserted=6 skipped=0
2025-08-19 14:18:49.363 | DEBUG    | __main__:main:680 - Idle tick.
2025-08-19 14:18:50.387 | DEBUG    | __main__:main:680 - Idle tick.
2025-08-19 14:18:51.413 | DEBUG    | __main__:main:680 - Idle tick.
2025-08-19 14:18:52.431 | DEBUG    | __main__:main:680 - Idle tick.
2025-08-19 14:18:53.475 | DEBUG    | __main__:main:680 - Idle tick.
2025-08-19 14:18:53.669 | INFO     | __main__:job:146 - MT5 cycle: features=6 inserted=6 skipped=0
2025-08-19 14:18:54.506 | DEBUG    | __main__:main:680 - Idle tick.
2025-08-19 14:18:54.635 | INFO     | __main__:main:433 - VIX 15.829999923706055
2025-08-19 14:18:55.531 | DEBUG    | __main__:main:680 - Idle tick.
2025-08-19 14:18:56.422 | INFO     | __main__:main:451 - DXY 98.28199768066406 (DX-Y.NYB)
2025-08-19 14:18:56.565 | DEBUG    | __main__:main:680 - Idle tick.
2025-08-19 14:18:57.600 | DEBUG    | __main__:main:680 - Idle tick.
2025-08-19 14:18:58.640 | DEBUG    | __main__:main:680 - Idle tick.
2025-08-19 14:18:58.742 | INFO     | __main__:job:146 - MT5 cycle: features=6 inserted=6 skipped=0
2025-08-19 14:18:59.680 | DEBUG    | __main__:main:680 - Idle tick.
2025-08-19 14:19:00.713 | DEBUG    | __main__:get_latest_features:144 - Snapshot macro | rows=%d | ms=%d
2025-08-19 14:19:00.714 | INFO     | __main__:evaluate_tier:442 - Eval %s | can_open_new=%s rm=%.2f band=%s hb=%s scen=%d groups=%s missing=%d snap=%d | ms=%d
2025-08-19 14:19:00.725 | INFO     | __main__:insert_macro_state:188 - Insert macro_state | tier=%s rm=%.2f groups=%s prio=%d avoid=%d hb=%s | ms=%d
2025-08-19 14:19:00.726 | DEBUG    | __main__:main:628 - FAST ok | ms=%d
2025-08-19 14:19:00.727 | DEBUG    | __main__:main:684 - Loop ms=%d
2025-08-19 14:19:00.748 | DEBUG    | __main__:main:680 - Idle tick.
2025-08-19 14:19:01.781 | DEBUG    | __main__:main:680 - Idle tick.
2025-08-19 14:19:02.817 | DEBUG    | __main__:main:680 - Idle tick.
2025-08-19 14:19:03.795 | INFO     | __main__:job:146 - MT5 cycle: features=6 inserted=6 skipped=0
2025-08-19 14:19:03.837 | DEBUG    | __main__:main:680 - Idle tick.
2025-08-19 14:19:04.164 | DEBUG    | __main__:main:154 - OK (sin alertas).
2025-08-19 14:19:04.854 | DEBUG    | __main__:main:680 - Idle tick.
2025-08-19 14:19:05.888 | DEBUG    | __main__:main:680 - Idle tick.
2025-08-19 14:19:06.902 | DEBUG    | __main__:main:680 - Idle tick.
2025-08-19 14:19:07.938 | DEBUG    | __main__:main:680 - Idle tick.
2025-08-19 14:19:08.942 | INFO     | __main__:job:146 - MT5 cycle: features=6 inserted=6 skipped=0
2025-08-19 14:19:08.962 | DEBUG    | __main__:main:680 - Idle tick.
2025-08-19 14:19:09.983 | DEBUG    | __main__:main:680 - Idle tick.
2025-08-19 14:19:11.007 | DEBUG    | __main__:main:680 - Idle tick.
2025-08-19 14:19:12.032 | DEBUG    | __main__:main:680 - Idle tick.
2025-08-19 14:19:13.072 | DEBUG    | __main__:main:680 - Idle tick.
2025-08-19 14:19:14.004 | INFO     | __main__:job:146 - MT5 cycle: features=6 inserted=6 skipped=0
2025-08-19 14:19:14.108 | DEBUG    | __main__:main:680 - Idle tick.
2025-08-19 14:19:15.146 | DEBUG    | __main__:main:680 - Idle tick.
2025-08-19 14:19:16.185 | DEBUG    | __main__:main:680 - Idle tick.
2025-08-19 14:19:17.226 | DEBUG    | __main__:main:680 - Idle tick.
2025-08-19 14:19:18.270 | DEBUG    | __main__:main:680 - Idle tick.
2025-08-19 14:19:19.069 | INFO     | __main__:job:146 - MT5 cycle: features=6 inserted=6 skipped=0
2025-08-19 14:19:19.300 | DEBUG    | __main__:main:680 - Idle tick.
2025-08-19 14:19:20.325 | DEBUG    | __main__:main:680 - Idle tick.
2025-08-19 14:19:21.356 | DEBUG    | __main__:main:680 - Idle tick.
2025-08-19 14:19:22.377 | DEBUG    | __main__:main:680 - Idle tick.
2025-08-19 14:19:23.417 | DEBUG    | __main__:main:680 - Idle tick.
2025-08-19 14:19:24.148 | INFO     | __main__:job:146 - MT5 cycle: features=6 inserted=6 skipped=0
2025-08-19 14:19:24.460 | DEBUG    | __main__:main:680 - Idle tick.
2025-08-19 14:19:25.501 | DEBUG    | __main__:main:680 - Idle tick.
2025-08-19 14:19:26.537 | DEBUG    | __main__:main:680 - Idle tick.
2025-08-19 14:19:27.572 | DEBUG    | __main__:main:680 - Idle tick.
2025-08-19 14:19:28.597 | DEBUG    | __main__:main:680 - Idle tick.
2025-08-19 14:19:29.222 | INFO     | __main__:job:146 - MT5 cycle: features=6 inserted=6 skipped=0
2025-08-19 14:19:29.634 | DEBUG    | __main__:main:680 - Idle tick.
2025-08-19 14:19:30.673 | DEBUG    | __main__:main:680 - Idle tick.
2025-08-19 14:19:31.693 | DEBUG    | __main__:main:680 - Idle tick.
2025-08-19 14:19:32.720 | DEBUG    | __main__:main:680 - Idle tick.
2025-08-19 14:19:33.237 | INFO     | __main__:main:397 - SKEW 153.9499969482422
2025-08-19 14:19:33.749 | DEBUG    | __main__:main:680 - Idle tick.
2025-08-19 14:19:33.766 | INFO     | __main__:_upsert_yahoo_price:244 - COPPER 4.426000118255615
2025-08-19 14:19:34.305 | INFO     | __main__:job:146 - MT5 cycle: features=6 inserted=6 skipped=0
2025-08-19 14:19:34.312 | INFO     | __main__:_upsert_yahoo_price:244 - GOLD_FUT 3360.800048828125
2025-08-19 14:19:34.793 | DEBUG    | __main__:main:680 - Idle tick.
2025-08-19 14:19:35.740 | INFO     | __main__:_upsert_yahoo_price:244 - HYG 80.39099884033203
2025-08-19 14:19:35.817 | DEBUG    | __main__:main:680 - Idle tick.
2025-08-19 14:19:36.247 | INFO     | __main__:_upsert_yahoo_price:244 - LQD 109.74539947509766
2025-08-19 14:19:36.838 | DEBUG    | __main__:main:680 - Idle tick.
2025-08-19 14:19:37.100 | INFO     | __main__:main:573 - CRYPTO F&G 56.0 (Greed)
2025-08-19 14:19:37.105 | INFO     | __main__:main:748 - HYG_LQD_RATIO 0.732522722818769
2025-08-19 14:19:37.111 | INFO     | __main__:main:780 - COPPER_GOLD_RATIO 0.001316948361685163
2025-08-19 14:19:37.865 | DEBUG    | __main__:main:680 - Idle tick.
2025-08-19 14:19:38.892 | DEBUG    | __main__:main:680 - Idle tick.
2025-08-19 14:19:39.384 | INFO     | __main__:job:146 - MT5 cycle: features=6 inserted=6 skipped=0
2025-08-19 14:19:39.928 | DEBUG    | __main__:main:680 - Idle tick.
2025-08-19 14:19:40.958 | DEBUG    | __main__:main:680 - Idle tick.
2025-08-19 14:19:41.993 | DEBUG    | __main__:main:680 - Idle tick.
2025-08-19 14:19:42.588 | INFO     | __main__:main:850 - ADV-DEC 6.0 (A:28 D:22 U:0)
2025-08-19 14:19:43.013 | DEBUG    | __main__:main:680 - Idle tick.
2025-08-19 14:19:44.047 | DEBUG    | __main__:main:680 - Idle tick.
2025-08-19 14:19:44.456 | INFO     | __main__:job:146 - MT5 cycle: features=6 inserted=6 skipped=0
2025-08-19 14:19:45.077 | DEBUG    | __main__:main:680 - Idle tick.
2025-08-19 14:19:46.100 | DEBUG    | __main__:main:680 - Idle tick.
2025-08-19 14:19:47.122 | DEBUG    | __main__:main:680 - Idle tick.
2025-08-19 14:19:47.920 | INFO     | __main__:main:894 - FNG_STOCKS 52.0 via https://edition.cnn.com/markets/fear-and-greed
2025-08-19 14:19:48.142 | DEBUG    | __main__:main:680 - Idle tick.
2025-08-19 14:19:49.169 | DEBUG    | __main__:main:680 - Idle tick.
2025-08-19 14:19:49.518 | INFO     | __main__:job:146 - MT5 cycle: features=6 inserted=6 skipped=0
2025-08-19 14:19:50.187 | DEBUG    | __main__:main:680 - Idle tick.
2025-08-19 14:19:51.206 | DEBUG    | __main__:main:680 - Idle tick.
2025-08-19 14:19:51.814 | INFO     | __main__:main:337 - MOVE 81.82330322265625
2025-08-19 14:19:52.221 | DEBUG    | __main__:main:680 - Idle tick.
2025-08-19 14:19:52.422 | INFO     | __main__:main:352 - GVZ 14.859999656677246
2025-08-19 14:19:53.249 | DEBUG    | __main__:main:680 - Idle tick.
2025-08-19 14:19:53.482 | INFO     | __main__:main:367 - OVX 34.04999923706055
2025-08-19 14:19:54.268 | DEBUG    | __main__:main:680 - Idle tick.
2025-08-19 14:19:54.584 | INFO     | __main__:job:146 - MT5 cycle: features=6 inserted=6 skipped=0
2025-08-19 14:19:54.864 | INFO     | __main__:main:382 - VXN 19.34000015258789
2025-08-19 14:19:55.304 | DEBUG    | __main__:main:680 - Idle tick.
2025-08-19 14:19:56.329 | DEBUG    | __main__:main:680 - Idle tick.
2025-08-19 14:19:57.355 | DEBUG    | __main__:main:680 - Idle tick.
2025-08-19 14:19:58.400 | DEBUG    | __main__:main:680 - Idle tick.
2025-08-19 14:19:58.769 | INFO     | __main__:_upsert_simple_fred:227 - UST2Y 3.75 (FRED:DGS2)
2025-08-19 14:19:59.433 | DEBUG    | __main__:main:680 - Idle tick.
2025-08-19 14:19:59.544 | INFO     | __main__:_upsert_simple_fred:227 - UST30Y 4.92 (FRED:DGS30)
2025-08-19 14:19:59.665 | INFO     | __main__:job:146 - MT5 cycle: features=6 inserted=6 skipped=0
2025-08-19 14:20:00.452 | DEBUG    | __main__:main:680 - Idle tick.
2025-08-19 14:20:00.690 | INFO     | __main__:main:505 - UST10Y 4.33% (stored=0.0433) FRED
2025-08-19 14:20:01.482 | DEBUG    | __main__:main:680 - Idle tick.
2025-08-19 14:20:02.509 | DEBUG    | __main__:main:680 - Idle tick.
2025-08-19 14:20:03.553 | DEBUG    | __main__:main:680 - Idle tick.
2025-08-19 14:20:04.203 | DEBUG    | __main__:main:154 - OK (sin alertas).
2025-08-19 14:20:04.439 | INFO     | __main__:main:678 - CALENDAR_BLOCK 0 | next=None
2025-08-19 14:20:04.450 | INFO     | __main__:main:716 - SPREAD_2S10S -3.7067
2025-08-19 14:20:04.591 | DEBUG    | __main__:main:680 - Idle tick.
2025-08-19 14:20:04.754 | INFO     | __main__:job:146 - MT5 cycle: features=6 inserted=6 skipped=0
2025-08-19 14:20:04.824 | INFO     | __main__:main:873 - RELVOL_SPY_20D 0.70 (vol 48760694 / avg20 69296030)
2025-08-19 14:20:05.097 | INFO     | __main__:main:873 - RELVOL_QQQ_20D 1.00 (vol 43574747 / avg20 43506987)
2025-08-19 14:20:05.383 | INFO     | __main__:main:873 - RELVOL_HYG_20D 0.52 (vol 16380010 / avg20 31720846)
2025-08-19 14:20:05.617 | DEBUG    | __main__:main:680 - Idle tick.
2025-08-19 14:20:05.715 | INFO     | __main__:main:873 - RELVOL_LQD_20D 0.82 (vol 21036924 / avg20 25670996)
2025-08-19 14:20:06.639 | DEBUG    | __main__:main:680 - Idle tick.
2025-08-19 14:20:07.675 | DEBUG    | __main__:main:680 - Idle tick.
2025-08-19 14:20:08.786 | DEBUG    | __main__:main:680 - Idle tick.
2025-08-19 14:20:08.948 | INFO     | __main__:main:433 - VIX 15.789999961853027
2025-08-19 14:20:09.817 | DEBUG    | __main__:main:680 - Idle tick.
2025-08-19 14:20:09.927 | INFO     | __main__:job:146 - MT5 cycle: features=6 inserted=6 skipped=0
2025-08-19 14:20:10.111 | INFO     | __main__:main:451 - DXY 98.28800201416016 (DX-Y.NYB)
2025-08-19 14:20:10.842 | DEBUG    | __main__:main:680 - Idle tick.
2025-08-19 14:20:11.863 | DEBUG    | __main__:main:680 - Idle tick.
2025-08-19 14:20:12.896 | DEBUG    | __main__:main:680 - Idle tick.
2025-08-19 14:20:13.927 | DEBUG    | __main__:main:680 - Idle tick.
2025-08-19 14:20:14.953 | DEBUG    | __main__:main:680 - Idle tick.
2025-08-19 14:20:15.006 | INFO     | __main__:job:146 - MT5 cycle: features=6 inserted=6 skipped=0
2025-08-19 14:20:15.978 | DEBUG    | __main__:main:680 - Idle tick.
2025-08-19 14:20:17.011 | DEBUG    | __main__:main:680 - Idle tick.
2025-08-19 14:20:18.043 | DEBUG    | __main__:main:680 - Idle tick.
2025-08-19 14:20:19.111 | DEBUG    | __main__:main:680 - Idle tick.
2025-08-19 14:20:20.191 | DEBUG    | __main__:main:680 - Idle tick.
2025-08-19 14:20:20.289 | INFO     | __main__:job:146 - MT5 cycle: features=6 inserted=6 skipped=0
2025-08-19 14:20:21.280 | DEBUG    | __main__:main:680 - Idle tick.
2025-08-19 14:20:22.371 | DEBUG    | __main__:main:680 - Idle tick.
2025-08-19 14:20:23.403 | DEBUG    | __main__:main:680 - Idle tick.
2025-08-19 14:20:24.457 | DEBUG    | __main__:main:680 - Idle tick.
2025-08-19 14:20:25.452 | INFO     | __main__:job:146 - MT5 cycle: features=6 inserted=6 skipped=0
2025-08-19 14:20:25.530 | DEBUG    | __main__:main:680 - Idle tick.
2025-08-19 14:20:26.557 | DEBUG    | __main__:main:680 - Idle tick.
2025-08-19 14:20:27.591 | DEBUG    | __main__:main:680 - Idle tick.
2025-08-19 14:20:28.622 | DEBUG    | __main__:main:680 - Idle tick.
2025-08-19 14:20:29.659 | DEBUG    | __main__:main:680 - Idle tick.
2025-08-19 14:20:30.589 | INFO     | __main__:job:146 - MT5 cycle: features=6 inserted=6 skipped=0
2025-08-19 14:20:30.690 | DEBUG    | __main__:main:680 - Idle tick.
2025-08-19 14:20:31.721 | DEBUG    | __main__:main:680 - Idle tick.
2025-08-19 14:20:32.747 | DEBUG    | __main__:main:680 - Idle tick.
2025-08-19 14:20:33.773 | DEBUG    | __main__:main:680 - Idle tick.
2025-08-19 14:20:34.801 | DEBUG    | __main__:main:680 - Idle tick.
2025-08-19 14:20:35.827 | INFO     | __main__:job:146 - MT5 cycle: features=6 inserted=6 skipped=0
2025-08-19 14:20:35.840 | DEBUG    | __main__:main:680 - Idle tick.
2025-08-19 14:20:36.869 | DEBUG    | __main__:main:680 - Idle tick.
2025-08-19 14:20:37.903 | DEBUG    | __main__:main:680 - Idle tick.
2025-08-19 14:20:38.934 | DEBUG    | __main__:main:680 - Idle tick.
2025-08-19 14:20:39.986 | DEBUG    | __main__:main:680 - Idle tick.
2025-08-19 14:20:40.968 | INFO     | __main__:job:146 - MT5 cycle: features=6 inserted=6 skipped=0
2025-08-19 14:20:41.017 | DEBUG    | __main__:main:680 - Idle tick.
2025-08-19 14:20:42.055 | DEBUG    | __main__:main:680 - Idle tick.
2025-08-19 14:20:43.091 | DEBUG    | __main__:main:680 - Idle tick.
2025-08-19 14:20:44.153 | DEBUG    | __main__:main:680 - Idle tick.
2025-08-19 14:20:45.190 | DEBUG    | __main__:main:680 - Idle tick.
2025-08-19 14:20:46.141 | INFO     | __main__:job:146 - MT5 cycle: features=6 inserted=6 skipped=0
2025-08-19 14:20:46.231 | DEBUG    | __main__:main:680 - Idle tick.
2025-08-19 14:20:47.269 | DEBUG    | __main__:main:680 - Idle tick.
2025-08-19 14:20:48.311 | DEBUG    | __main__:main:680 - Idle tick.
2025-08-19 14:20:49.338 | DEBUG    | __main__:main:680 - Idle tick.
2025-08-19 14:20:50.369 | DEBUG    | __main__:main:680 - Idle tick.
2025-08-19 14:20:51.228 | INFO     | __main__:job:146 - MT5 cycle: features=6 inserted=6 skipped=0
2025-08-19 14:20:51.398 | DEBUG    | __main__:main:680 - Idle tick.
2025-08-19 14:20:52.426 | DEBUG    | __main__:main:680 - Idle tick.
2025-08-19 14:20:53.454 | DEBUG    | __main__:main:680 - Idle tick.
2025-08-19 14:20:54.486 | DEBUG    | __main__:main:680 - Idle tick.
2025-08-19 14:20:55.523 | DEBUG    | __main__:main:680 - Idle tick.
2025-08-19 14:20:56.297 | INFO     | __main__:job:146 - MT5 cycle: features=6 inserted=6 skipped=0
2025-08-19 14:20:56.553 | DEBUG    | __main__:main:680 - Idle tick.
2025-08-19 14:20:57.578 | DEBUG    | __main__:main:680 - Idle tick.
2025-08-19 14:20:58.605 | DEBUG    | __main__:main:680 - Idle tick.
2025-08-19 14:20:59.633 | DEBUG    | __main__:main:680 - Idle tick.
2025-08-19 14:21:00.664 | DEBUG    | __main__:main:680 - Idle tick.
2025-08-19 14:21:01.413 | INFO     | __main__:job:146 - MT5 cycle: features=6 inserted=6 skipped=0
2025-08-19 14:21:01.691 | DEBUG    | __main__:main:680 - Idle tick.
2025-08-19 14:21:02.716 | DEBUG    | __main__:main:680 - Idle tick.
2025-08-19 14:21:03.744 | DEBUG    | __main__:main:680 - Idle tick.
2025-08-19 14:21:04.250 | DEBUG    | __main__:main:154 - OK (sin alertas).
2025-08-19 14:21:04.771 | DEBUG    | __main__:main:680 - Idle tick.
2025-08-19 14:21:05.799 | DEBUG    | __main__:main:680 - Idle tick.
2025-08-19 14:21:06.531 | INFO     | __main__:job:146 - MT5 cycle: features=6 inserted=6 skipped=0
2025-08-19 14:21:06.844 | DEBUG    | __main__:main:680 - Idle tick.
2025-08-19 14:21:07.892 | DEBUG    | __main__:main:680 - Idle tick.
2025-08-19 14:21:08.761 | INFO     | __main__:main:433 - VIX 15.800000190734863
2025-08-19 14:21:08.929 | DEBUG    | __main__:main:680 - Idle tick.
2025-08-19 14:21:09.157 | INFO     | __main__:main:451 - DXY 98.28900146484375 (DX-Y.NYB)
2025-08-19 14:21:09.958 | DEBUG    | __main__:main:680 - Idle tick.
2025-08-19 14:21:10.987 | DEBUG    | __main__:main:680 - Idle tick.
2025-08-19 14:21:11.626 | INFO     | __main__:job:146 - MT5 cycle: features=6 inserted=6 skipped=0
2025-08-19 14:21:12.016 | DEBUG    | __main__:main:680 - Idle tick.
2025-08-19 14:21:13.047 | DEBUG    | __main__:main:680 - Idle tick.
2025-08-19 14:21:14.074 | DEBUG    | __main__:main:680 - Idle tick.
2025-08-19 14:21:15.107 | DEBUG    | __main__:main:680 - Idle tick.
2025-08-19 14:21:16.134 | DEBUG    | __main__:main:680 - Idle tick.
2025-08-19 14:21:16.716 | INFO     | __main__:job:146 - MT5 cycle: features=6 inserted=6 skipped=0
2025-08-19 14:21:17.169 | DEBUG    | __main__:main:680 - Idle tick.
2025-08-19 14:21:18.213 | DEBUG    | __main__:main:680 - Idle tick.
2025-08-19 14:21:19.247 | DEBUG    | __main__:main:680 - Idle tick.
2025-08-19 14:21:20.390 | DEBUG    | __main__:main:680 - Idle tick.
2025-08-19 14:21:21.450 | DEBUG    | __main__:main:680 - Idle tick.
2025-08-19 14:21:21.932 | INFO     | __main__:job:146 - MT5 cycle: features=6 inserted=6 skipped=0
2025-08-19 14:21:22.484 | DEBUG    | __main__:main:680 - Idle tick.
2025-08-19 14:21:23.530 | DEBUG    | __main__:main:680 - Idle tick.
2025-08-19 14:21:24.639 | DEBUG    | __main__:main:680 - Idle tick.
2025-08-19 14:21:25.679 | DEBUG    | __main__:main:680 - Idle tick.
2025-08-19 14:21:26.713 | DEBUG    | __main__:main:680 - Idle tick.
2025-08-19 14:21:27.111 | INFO     | __main__:job:146 - MT5 cycle: features=6 inserted=6 skipped=0
2025-08-19 14:21:27.751 | DEBUG    | __main__:main:680 - Idle tick.
2025-08-19 14:21:28.792 | DEBUG    | __main__:main:680 - Idle tick.
2025-08-19 14:21:29.833 | DEBUG    | __main__:main:680 - Idle tick.
2025-08-19 14:21:30.859 | DEBUG    | __main__:main:680 - Idle tick.
2025-08-19 14:21:31.893 | DEBUG    | __main__:main:680 - Idle tick.
2025-08-19 14:21:32.244 | INFO     | __main__:job:146 - MT5 cycle: features=6 inserted=6 skipped=0
2025-08-19 14:21:32.925 | DEBUG    | __main__:main:680 - Idle tick.
2025-08-19 14:21:33.959 | DEBUG    | __main__:main:680 - Idle tick.
2025-08-19 14:21:34.988 | DEBUG    | __main__:main:680 - Idle tick.
2025-08-19 14:21:36.034 | DEBUG    | __main__:main:680 - Idle tick.
2025-08-19 14:21:37.071 | DEBUG    | __main__:main:680 - Idle tick.
2025-08-19 14:21:37.429 | INFO     | __main__:job:146 - MT5 cycle: features=6 inserted=6 skipped=0
2025-08-19 14:21:38.110 | DEBUG    | __main__:main:680 - Idle tick.
2025-08-19 14:21:39.138 | DEBUG    | __main__:main:680 - Idle tick.
2025-08-19 14:21:40.184 | DEBUG    | __main__:main:680 - Idle tick.
2025-08-19 14:21:41.214 | DEBUG    | __main__:main:680 - Idle tick.
2025-08-19 14:21:42.239 | DEBUG    | __main__:main:680 - Idle tick.
2025-08-19 14:21:42.520 | INFO     | __main__:job:146 - MT5 cycle: features=6 inserted=6 skipped=0
2025-08-19 14:21:43.277 | DEBUG    | __main__:main:680 - Idle tick.
2025-08-19 14:21:44.302 | DEBUG    | __main__:main:680 - Idle tick.
2025-08-19 14:21:45.327 | DEBUG    | __main__:main:680 - Idle tick.
2025-08-19 14:21:46.351 | DEBUG    | __main__:main:680 - Idle tick.
2025-08-19 14:21:47.387 | DEBUG    | __main__:main:680 - Idle tick.
2025-08-19 14:21:47.631 | INFO     | __main__:job:146 - MT5 cycle: features=6 inserted=6 skipped=0
2025-08-19 14:21:48.449 | DEBUG    | __main__:main:680 - Idle tick.
2025-08-19 14:21:49.470 | DEBUG    | __main__:main:680 - Idle tick.
2025-08-19 14:21:50.499 | DEBUG    | __main__:main:680 - Idle tick.
2025-08-19 14:21:51.533 | DEBUG    | __main__:main:680 - Idle tick.
2025-08-19 14:21:52.560 | DEBUG    | __main__:main:680 - Idle tick.
2025-08-19 14:21:52.705 | INFO     | __main__:job:146 - MT5 cycle: features=6 inserted=6 skipped=0
2025-08-19 14:21:53.596 | DEBUG    | __main__:main:680 - Idle tick.
2025-08-19 14:21:54.615 | DEBUG    | __main__:main:680 - Idle tick.
2025-08-19 14:21:55.636 | DEBUG    | __main__:main:680 - Idle tick.
2025-08-19 14:21:56.659 | DEBUG    | __main__:main:680 - Idle tick.
2025-08-19 14:21:57.689 | DEBUG    | __main__:main:680 - Idle tick.
2025-08-19 14:21:57.796 | INFO     | __main__:job:146 - MT5 cycle: features=6 inserted=6 skipped=0
2025-08-19 14:21:58.735 | DEBUG    | __main__:main:680 - Idle tick.
2025-08-19 14:21:59.751 | DEBUG    | __main__:main:680 - Idle tick.
2025-08-19 14:22:00.775 | DEBUG    | __main__:main:680 - Idle tick.
2025-08-19 14:22:01.795 | DEBUG    | __main__:main:680 - Idle tick.
2025-08-19 14:22:02.817 | DEBUG    | __main__:main:680 - Idle tick.
2025-08-19 14:22:02.863 | INFO     | __main__:job:146 - MT5 cycle: features=6 inserted=6 skipped=0
2025-08-19 14:22:03.846 | DEBUG    | __main__:main:680 - Idle tick.
2025-08-19 14:22:04.304 | DEBUG    | __main__:main:154 - OK (sin alertas).
2025-08-19 14:22:04.878 | DEBUG    | __main__:main:680 - Idle tick.
2025-08-19 14:22:05.919 | DEBUG    | __main__:main:680 - Idle tick.
2025-08-19 14:22:06.953 | DEBUG    | __main__:main:680 - Idle tick.
2025-08-19 14:22:07.918 | INFO     | __main__:job:146 - MT5 cycle: features=6 inserted=6 skipped=0
2025-08-19 14:22:07.976 | DEBUG    | __main__:main:680 - Idle tick.
2025-08-19 14:22:09.012 | DEBUG    | __main__:main:680 - Idle tick.
2025-08-19 14:22:09.648 | INFO     | __main__:main:433 - VIX 15.829999923706055
2025-08-19 14:22:09.959 | INFO     | __main__:main:451 - DXY 98.28800201416016 (DX-Y.NYB)
2025-08-19 14:22:10.032 | DEBUG    | __main__:main:680 - Idle tick.
2025-08-19 14:22:11.056 | DEBUG    | __main__:main:680 - Idle tick.
2025-08-19 14:22:12.081 | DEBUG    | __main__:main:680 - Idle tick.
2025-08-19 14:22:12.996 | INFO     | __main__:job:146 - MT5 cycle: features=6 inserted=6 skipped=0
2025-08-19 14:22:13.105 | DEBUG    | __main__:main:680 - Idle tick.
2025-08-19 14:22:14.128 | DEBUG    | __main__:main:680 - Idle tick.
2025-08-19 14:22:15.154 | DEBUG    | __main__:main:680 - Idle tick.
2025-08-19 14:22:16.176 | DEBUG    | __main__:main:680 - Idle tick.
2025-08-19 14:22:17.207 | DEBUG    | __main__:main:680 - Idle tick.
2025-08-19 14:22:18.090 | INFO     | __main__:job:146 - MT5 cycle: features=6 inserted=6 skipped=0
2025-08-19 14:22:18.227 | DEBUG    | __main__:main:680 - Idle tick.
2025-08-19 14:22:19.272 | DEBUG    | __main__:main:680 - Idle tick.
2025-08-19 14:22:20.302 | DEBUG    | __main__:main:680 - Idle tick.
2025-08-19 14:22:21.329 | DEBUG    | __main__:main:680 - Idle tick.
2025-08-19 14:22:22.439 | DEBUG    | __main__:main:680 - Idle tick.
2025-08-19 14:22:23.266 | INFO     | __main__:job:146 - MT5 cycle: features=6 inserted=6 skipped=0
2025-08-19 14:22:23.477 | DEBUG    | __main__:main:680 - Idle tick.
2025-08-19 14:22:24.502 | DEBUG    | __main__:main:680 - Idle tick.
2025-08-19 14:22:25.529 | DEBUG    | __main__:main:680 - Idle tick.
2025-08-19 14:22:26.565 | DEBUG    | __main__:main:680 - Idle tick.
2025-08-19 14:22:27.605 | DEBUG    | __main__:main:680 - Idle tick.
2025-08-19 14:22:28.364 | INFO     | __main__:job:146 - MT5 cycle: features=6 inserted=6 skipped=0
2025-08-19 14:22:28.636 | DEBUG    | __main__:main:680 - Idle tick.
2025-08-19 14:22:29.675 | DEBUG    | __main__:main:680 - Idle tick.
2025-08-19 14:22:30.691 | DEBUG    | __main__:main:680 - Idle tick.
2025-08-19 14:22:31.722 | DEBUG    | __main__:main:680 - Idle tick.
2025-08-19 14:22:32.754 | DEBUG    | __main__:main:680 - Idle tick.
2025-08-19 14:22:33.403 | INFO     | __main__:job:146 - MT5 cycle: features=6 inserted=6 skipped=0
2025-08-19 14:22:33.778 | DEBUG    | __main__:main:680 - Idle tick.
2025-08-19 14:22:34.806 | DEBUG    | __main__:main:680 - Idle tick.
2025-08-19 14:22:35.835 | DEBUG    | __main__:main:680 - Idle tick.
2025-08-19 14:22:36.862 | DEBUG    | __main__:main:680 - Idle tick.
2025-08-19 14:22:37.888 | DEBUG    | __main__:main:680 - Idle tick.
2025-08-19 14:22:38.447 | INFO     | __main__:job:146 - MT5 cycle: features=6 inserted=6 skipped=0
2025-08-19 14:22:38.917 | DEBUG    | __main__:main:680 - Idle tick.
2025-08-19 14:22:39.938 | DEBUG    | __main__:main:680 - Idle tick.
2025-08-19 14:22:40.965 | DEBUG    | __main__:main:680 - Idle tick.
2025-08-19 14:22:41.989 | DEBUG    | __main__:main:680 - Idle tick.
2025-08-19 14:22:43.022 | DEBUG    | __main__:main:680 - Idle tick.
2025-08-19 14:22:43.504 | INFO     | __main__:job:146 - MT5 cycle: features=6 inserted=6 skipped=0
2025-08-19 14:22:44.037 | DEBUG    | __main__:main:680 - Idle tick.
2025-08-19 14:22:45.066 | DEBUG    | __main__:main:680 - Idle tick.
2025-08-19 14:22:46.099 | DEBUG    | __main__:main:680 - Idle tick.
2025-08-19 14:22:47.131 | DEBUG    | __main__:main:680 - Idle tick.
2025-08-19 14:22:48.175 | DEBUG    | __main__:main:680 - Idle tick.
2025-08-19 14:22:48.551 | INFO     | __main__:job:146 - MT5 cycle: features=6 inserted=6 skipped=0
2025-08-19 14:22:49.205 | DEBUG    | __main__:main:680 - Idle tick.
2025-08-19 14:22:50.224 | DEBUG    | __main__:main:680 - Idle tick.
2025-08-19 14:22:51.258 | DEBUG    | __main__:main:680 - Idle tick.
2025-08-19 14:22:52.274 | DEBUG    | __main__:main:680 - Idle tick.
2025-08-19 14:22:53.302 | DEBUG    | __main__:main:680 - Idle tick.
2025-08-19 14:22:53.592 | INFO     | __main__:job:146 - MT5 cycle: features=6 inserted=6 skipped=0
2025-08-19 14:22:54.323 | DEBUG    | __main__:main:680 - Idle tick.
2025-08-19 14:22:55.364 | DEBUG    | __main__:main:680 - Idle tick.
2025-08-19 14:22:56.399 | DEBUG    | __main__:main:680 - Idle tick.
2025-08-19 14:22:57.436 | DEBUG    | __main__:main:680 - Idle tick.
2025-08-19 14:22:58.472 | DEBUG    | __main__:main:680 - Idle tick.
2025-08-19 14:22:58.645 | INFO     | __main__:job:146 - MT5 cycle: features=6 inserted=6 skipped=0
2025-08-19 14:22:59.513 | DEBUG    | __main__:main:680 - Idle tick.
2025-08-19 14:23:00.537 | DEBUG    | __main__:main:680 - Idle tick.
2025-08-19 14:23:01.572 | DEBUG    | __main__:main:680 - Idle tick.
2025-08-19 14:23:02.597 | DEBUG    | __main__:main:680 - Idle tick.
2025-08-19 14:23:03.614 | DEBUG    | __main__:main:680 - Idle tick.
2025-08-19 14:23:03.690 | INFO     | __main__:job:146 - MT5 cycle: features=6 inserted=6 skipped=0
2025-08-19 14:23:04.353 | DEBUG    | __main__:main:154 - OK (sin alertas).
2025-08-19 14:23:04.641 | DEBUG    | __main__:main:680 - Idle tick.
2025-08-19 14:23:05.661 | DEBUG    | __main__:main:680 - Idle tick.
2025-08-19 14:23:06.676 | DEBUG    | __main__:main:680 - Idle tick.
2025-08-19 14:23:07.703 | DEBUG    | __main__:main:680 - Idle tick.
2025-08-19 14:23:08.728 | DEBUG    | __main__:main:680 - Idle tick.
2025-08-19 14:23:08.745 | INFO     | __main__:job:146 - MT5 cycle: features=6 inserted=6 skipped=0
2025-08-19 14:23:09.761 | DEBUG    | __main__:main:680 - Idle tick.
2025-08-19 14:23:10.289 | INFO     | __main__:main:433 - VIX 15.800000190734863
2025-08-19 14:23:10.602 | INFO     | __main__:main:451 - DXY 98.28199768066406 (DX-Y.NYB)
2025-08-19 14:23:10.783 | DEBUG    | __main__:main:680 - Idle tick.
2025-08-19 14:23:11.820 | DEBUG    | __main__:main:680 - Idle tick.
2025-08-19 14:23:12.844 | DEBUG    | __main__:main:680 - Idle tick.
2025-08-19 14:23:13.790 | INFO     | __main__:job:146 - MT5 cycle: features=6 inserted=6 skipped=0
2025-08-19 14:23:13.879 | DEBUG    | __main__:main:680 - Idle tick.
2025-08-19 14:23:14.917 | DEBUG    | __main__:main:680 - Idle tick.
2025-08-19 14:23:15.938 | DEBUG    | __main__:main:680 - Idle tick.
2025-08-19 14:23:16.970 | DEBUG    | __main__:main:680 - Idle tick.
2025-08-19 14:23:18.002 | DEBUG    | __main__:main:680 - Idle tick.
2025-08-19 14:23:18.849 | INFO     | __main__:job:146 - MT5 cycle: features=6 inserted=6 skipped=0
2025-08-19 14:23:19.040 | DEBUG    | __main__:main:680 - Idle tick.
2025-08-19 14:23:20.058 | DEBUG    | __main__:main:680 - Idle tick.
2025-08-19 14:23:21.091 | DEBUG    | __main__:main:680 - Idle tick.
2025-08-19 14:23:22.114 | DEBUG    | __main__:main:680 - Idle tick.
2025-08-19 14:23:23.128 | DEBUG    | __main__:main:680 - Idle tick.
2025-08-19 14:23:23.885 | INFO     | __main__:job:146 - MT5 cycle: features=6 inserted=6 skipped=0
2025-08-19 14:23:24.164 | DEBUG    | __main__:main:680 - Idle tick.
2025-08-19 14:23:25.182 | DEBUG    | __main__:main:680 - Idle tick.
2025-08-19 14:23:26.208 | DEBUG    | __main__:main:680 - Idle tick.
2025-08-19 14:23:27.247 | DEBUG    | __main__:main:680 - Idle tick.
2025-08-19 14:23:28.282 | DEBUG    | __main__:main:680 - Idle tick.
2025-08-19 14:23:28.924 | INFO     | __main__:job:146 - MT5 cycle: features=6 inserted=6 skipped=0
2025-08-19 14:23:29.296 | DEBUG    | __main__:main:680 - Idle tick.
2025-08-19 14:23:30.330 | DEBUG    | __main__:main:680 - Idle tick.
2025-08-19 14:23:31.365 | DEBUG    | __main__:main:680 - Idle tick.
2025-08-19 14:23:32.388 | DEBUG    | __main__:main:680 - Idle tick.
2025-08-19 14:23:33.422 | DEBUG    | __main__:main:680 - Idle tick.
2025-08-19 14:23:33.975 | INFO     | __main__:job:146 - MT5 cycle: features=6 inserted=6 skipped=0
2025-08-19 14:23:34.461 | DEBUG    | __main__:main:680 - Idle tick.
2025-08-19 14:23:35.486 | DEBUG    | __main__:main:680 - Idle tick.
2025-08-19 14:23:36.520 | DEBUG    | __main__:main:680 - Idle tick.
2025-08-19 14:23:37.549 | DEBUG    | __main__:main:680 - Idle tick.
2025-08-19 14:23:38.579 | DEBUG    | __main__:main:680 - Idle tick.
2025-08-19 14:23:39.019 | INFO     | __main__:job:146 - MT5 cycle: features=6 inserted=6 skipped=0
2025-08-19 14:23:39.612 | DEBUG    | __main__:main:680 - Idle tick.
2025-08-19 14:23:40.652 | DEBUG    | __main__:main:680 - Idle tick.
2025-08-19 14:23:41.688 | DEBUG    | __main__:main:680 - Idle tick.
2025-08-19 14:23:42.710 | DEBUG    | __main__:main:680 - Idle tick.
2025-08-19 14:23:43.734 | DEBUG    | __main__:main:680 - Idle tick.
2025-08-19 14:23:44.058 | INFO     | __main__:job:146 - MT5 cycle: features=6 inserted=6 skipped=0
2025-08-19 14:23:44.749 | DEBUG    | __main__:main:680 - Idle tick.
2025-08-19 14:23:45.783 | DEBUG    | __main__:main:680 - Idle tick.
2025-08-19 14:23:46.808 | DEBUG    | __main__:main:680 - Idle tick.
2025-08-19 14:23:47.839 | DEBUG    | __main__:main:680 - Idle tick.
2025-08-19 14:23:48.865 | DEBUG    | __main__:main:680 - Idle tick.
2025-08-19 14:23:49.101 | INFO     | __main__:job:146 - MT5 cycle: features=6 inserted=6 skipped=0
2025-08-19 14:23:49.879 | DEBUG    | __main__:main:680 - Idle tick.
2025-08-19 14:23:50.894 | DEBUG    | __main__:main:680 - Idle tick.
2025-08-19 14:23:51.913 | DEBUG    | __main__:main:680 - Idle tick.
2025-08-19 14:23:52.944 | DEBUG    | __main__:main:680 - Idle tick.
2025-08-19 14:23:53.974 | DEBUG    | __main__:main:680 - Idle tick.
2025-08-19 14:23:54.179 | INFO     | __main__:job:146 - MT5 cycle: features=6 inserted=6 skipped=0
2025-08-19 14:23:54.999 | DEBUG    | __main__:main:680 - Idle tick.
2025-08-19 14:23:56.019 | DEBUG    | __main__:main:680 - Idle tick.
2025-08-19 14:23:57.054 | DEBUG    | __main__:main:680 - Idle tick.
2025-08-19 14:23:58.076 | DEBUG    | __main__:main:680 - Idle tick.
2025-08-19 14:23:59.099 | DEBUG    | __main__:main:680 - Idle tick.
2025-08-19 14:23:59.221 | INFO     | __main__:job:146 - MT5 cycle: features=6 inserted=6 skipped=0
2025-08-19 14:24:00.124 | DEBUG    | __main__:main:680 - Idle tick.
2025-08-19 14:24:01.162 | DEBUG    | __main__:get_latest_features:144 - Snapshot macro | rows=%d | ms=%d
2025-08-19 14:24:01.163 | INFO     | __main__:evaluate_tier:442 - Eval %s | can_open_new=%s rm=%.2f band=%s hb=%s scen=%d groups=%s missing=%d snap=%d | ms=%d
2025-08-19 14:24:01.183 | INFO     | __main__:insert_macro_state:188 - Insert macro_state | tier=%s rm=%.2f groups=%s prio=%d avoid=%d hb=%s | ms=%d
2025-08-19 14:24:01.183 | DEBUG    | __main__:main:628 - FAST ok | ms=%d
2025-08-19 14:24:01.185 | DEBUG    | __main__:main:684 - Loop ms=%d
2025-08-19 14:24:01.219 | DEBUG    | __main__:main:680 - Idle tick.
2025-08-19 14:24:02.250 | DEBUG    | __main__:main:680 - Idle tick.
2025-08-19 14:24:03.277 | DEBUG    | __main__:main:680 - Idle tick.
2025-08-19 14:24:04.300 | INFO     | __main__:job:146 - MT5 cycle: features=6 inserted=6 skipped=0
2025-08-19 14:24:04.304 | DEBUG    | __main__:main:680 - Idle tick.
2025-08-19 14:24:04.391 | DEBUG    | __main__:main:154 - OK (sin alertas).
2025-08-19 14:24:05.341 | DEBUG    | __main__:main:680 - Idle tick.
2025-08-19 14:24:06.375 | DEBUG    | __main__:main:680 - Idle tick.
2025-08-19 14:24:07.418 | DEBUG    | __main__:main:680 - Idle tick.
2025-08-19 14:24:08.440 | DEBUG    | __main__:main:680 - Idle tick.
2025-08-19 14:24:09.353 | INFO     | __main__:job:146 - MT5 cycle: features=6 inserted=6 skipped=0
2025-08-19 14:24:09.477 | DEBUG    | __main__:main:680 - Idle tick.
2025-08-19 14:24:10.502 | DEBUG    | __main__:main:680 - Idle tick.
2025-08-19 14:24:10.948 | INFO     | __main__:main:433 - VIX 15.770000457763672
2025-08-19 14:24:11.273 | INFO     | __main__:main:451 - DXY 98.28600311279297 (DX-Y.NYB)
2025-08-19 14:24:11.529 | DEBUG    | __main__:main:680 - Idle tick.
2025-08-19 14:24:12.558 | DEBUG    | __main__:main:680 - Idle tick.
2025-08-19 14:24:13.597 | DEBUG    | __main__:main:680 - Idle tick.
2025-08-19 14:24:14.393 | INFO     | __main__:job:146 - MT5 cycle: features=6 inserted=6 skipped=0
2025-08-19 14:24:14.611 | DEBUG    | __main__:main:680 - Idle tick.
2025-08-19 14:24:15.631 | DEBUG    | __main__:main:680 - Idle tick.
2025-08-19 14:24:16.651 | DEBUG    | __main__:main:680 - Idle tick.
2025-08-19 14:24:17.678 | DEBUG    | __main__:main:680 - Idle tick.
2025-08-19 14:24:18.715 | DEBUG    | __main__:main:680 - Idle tick.
2025-08-19 14:24:19.463 | INFO     | __main__:job:146 - MT5 cycle: features=6 inserted=6 skipped=0
2025-08-19 14:24:19.753 | DEBUG    | __main__:main:680 - Idle tick.
2025-08-19 14:24:20.789 | DEBUG    | __main__:main:680 - Idle tick.
2025-08-19 14:24:21.815 | DEBUG    | __main__:main:680 - Idle tick.
2025-08-19 14:24:22.849 | DEBUG    | __main__:main:680 - Idle tick.
2025-08-19 14:24:23.889 | DEBUG    | __main__:main:680 - Idle tick.
2025-08-19 14:24:24.522 | INFO     | __main__:job:146 - MT5 cycle: features=6 inserted=6 skipped=0
2025-08-19 14:24:24.916 | DEBUG    | __main__:main:680 - Idle tick.
2025-08-19 14:24:25.954 | DEBUG    | __main__:main:680 - Idle tick.
2025-08-19 14:24:26.993 | DEBUG    | __main__:main:680 - Idle tick.
2025-08-19 14:24:28.023 | DEBUG    | __main__:main:680 - Idle tick.
2025-08-19 14:24:29.057 | DEBUG    | __main__:main:680 - Idle tick.
2025-08-19 14:24:29.586 | INFO     | __main__:job:146 - MT5 cycle: features=6 inserted=6 skipped=0
2025-08-19 14:24:30.093 | DEBUG    | __main__:main:680 - Idle tick.
2025-08-19 14:24:31.128 | DEBUG    | __main__:main:680 - Idle tick.
2025-08-19 14:24:32.162 | DEBUG    | __main__:main:680 - Idle tick.
2025-08-19 14:24:33.187 | DEBUG    | __main__:main:680 - Idle tick.
2025-08-19 14:24:34.205 | DEBUG    | __main__:main:680 - Idle tick.
2025-08-19 14:24:34.630 | INFO     | __main__:job:146 - MT5 cycle: features=6 inserted=6 skipped=0
2025-08-19 14:24:35.244 | DEBUG    | __main__:main:680 - Idle tick.
2025-08-19 14:24:36.278 | DEBUG    | __main__:main:680 - Idle tick.
2025-08-19 14:24:37.315 | DEBUG    | __main__:main:680 - Idle tick.
2025-08-19 14:24:38.357 | DEBUG    | __main__:main:680 - Idle tick.
2025-08-19 14:24:39.387 | DEBUG    | __main__:main:680 - Idle tick.
2025-08-19 14:24:39.674 | INFO     | __main__:job:146 - MT5 cycle: features=6 inserted=6 skipped=0
2025-08-19 14:24:40.432 | DEBUG    | __main__:main:680 - Idle tick.
2025-08-19 14:24:41.470 | DEBUG    | __main__:main:680 - Idle tick.
2025-08-19 14:24:42.503 | DEBUG    | __main__:main:680 - Idle tick.
2025-08-19 14:24:43.536 | DEBUG    | __main__:main:680 - Idle tick.
2025-08-19 14:24:44.573 | DEBUG    | __main__:main:680 - Idle tick.
2025-08-19 14:24:44.750 | INFO     | __main__:job:146 - MT5 cycle: features=6 inserted=6 skipped=0
2025-08-19 14:24:45.611 | DEBUG    | __main__:main:680 - Idle tick.
2025-08-19 14:24:46.651 | DEBUG    | __main__:main:680 - Idle tick.
2025-08-19 14:24:47.689 | DEBUG    | __main__:main:680 - Idle tick.
2025-08-19 14:24:48.720 | DEBUG    | __main__:main:680 - Idle tick.
2025-08-19 14:24:49.757 | DEBUG    | __main__:main:680 - Idle tick.
2025-08-19 14:24:49.807 | INFO     | __main__:job:146 - MT5 cycle: features=6 inserted=6 skipped=0
2025-08-19 14:24:50.792 | DEBUG    | __main__:main:680 - Idle tick.
2025-08-19 14:24:51.614 | INFO     | __main__:main:337 - MOVE 81.82330322265625
2025-08-19 14:24:51.822 | DEBUG    | __main__:main:680 - Idle tick.
2025-08-19 14:24:51.941 | INFO     | __main__:main:352 - GVZ 14.850000381469727
2025-08-19 14:24:52.253 | INFO     | __main__:main:367 - OVX 34.02000045776367
2025-08-19 14:24:52.595 | INFO     | __main__:main:382 - VXN 19.3799991607666
2025-08-19 14:24:52.861 | DEBUG    | __main__:main:680 - Idle tick.
2025-08-19 14:24:53.054 | INFO     | __main__:_upsert_simple_fred:227 - UST2Y 3.75 (FRED:DGS2)
2025-08-19 14:24:53.358 | INFO     | __main__:_upsert_simple_fred:227 - UST30Y 4.92 (FRED:DGS30)
2025-08-19 14:24:53.836 | INFO     | __main__:main:505 - UST10Y 4.33% (stored=0.0433) FRED
2025-08-19 14:24:53.900 | DEBUG    | __main__:main:680 - Idle tick.
2025-08-19 14:24:54.868 | INFO     | __main__:job:146 - MT5 cycle: features=6 inserted=6 skipped=0
2025-08-19 14:24:54.918 | DEBUG    | __main__:main:680 - Idle tick.
2025-08-19 14:24:55.952 | DEBUG    | __main__:main:680 - Idle tick.
2025-08-19 14:24:56.633 | INFO     | __main__:main:678 - CALENDAR_BLOCK 0 | next=None
2025-08-19 14:24:56.642 | INFO     | __main__:main:716 - SPREAD_2S10S -3.7067
2025-08-19 14:24:56.832 | INFO     | __main__:main:873 - RELVOL_SPY_20D 0.72 (vol 49601197 / avg20 69338055)
2025-08-19 14:24:56.970 | DEBUG    | __main__:main:680 - Idle tick.
2025-08-19 14:24:57.008 | INFO     | __main__:main:873 - RELVOL_QQQ_20D 1.01 (vol 43965481 / avg20 43526524)
2025-08-19 14:24:57.187 | INFO     | __main__:main:873 - RELVOL_HYG_20D 0.53 (vol 16921184 / avg20 31747904)
2025-08-19 14:24:57.445 | INFO     | __main__:main:873 - RELVOL_LQD_20D 0.82 (vol 21083880 / avg20 25673344)
2025-08-19 14:24:57.998 | DEBUG    | __main__:main:680 - Idle tick.
2025-08-19 14:24:59.035 | DEBUG    | __main__:main:680 - Idle tick.
2025-08-19 14:24:59.925 | INFO     | __main__:job:146 - MT5 cycle: features=6 inserted=6 skipped=0
2025-08-19 14:25:00.072 | DEBUG    | __main__:main:680 - Idle tick.
2025-08-19 14:25:01.089 | DEBUG    | __main__:main:680 - Idle tick.
2025-08-19 14:25:02.121 | DEBUG    | __main__:main:680 - Idle tick.
2025-08-19 14:25:03.139 | DEBUG    | __main__:main:680 - Idle tick.
2025-08-19 14:25:04.172 | DEBUG    | __main__:main:680 - Idle tick.
2025-08-19 14:25:04.419 | DEBUG    | __main__:main:154 - OK (sin alertas).
2025-08-19 14:25:04.974 | INFO     | __main__:job:146 - MT5 cycle: features=6 inserted=6 skipped=0
2025-08-19 14:25:05.200 | DEBUG    | __main__:main:680 - Idle tick.
2025-08-19 14:25:06.240 | DEBUG    | __main__:main:680 - Idle tick.
2025-08-19 14:25:07.279 | DEBUG    | __main__:main:680 - Idle tick.
2025-08-19 14:25:08.316 | DEBUG    | __main__:main:680 - Idle tick.
2025-08-19 14:25:09.347 | DEBUG    | __main__:main:680 - Idle tick.
2025-08-19 14:25:10.025 | INFO     | __main__:job:146 - MT5 cycle: features=6 inserted=6 skipped=0
2025-08-19 14:25:10.383 | DEBUG    | __main__:main:680 - Idle tick.
2025-08-19 14:25:11.419 | DEBUG    | __main__:main:680 - Idle tick.
2025-08-19 14:25:11.765 | INFO     | __main__:main:433 - VIX 15.800000190734863
2025-08-19 14:25:12.107 | INFO     | __main__:main:451 - DXY 98.27999877929688 (DX-Y.NYB)
2025-08-19 14:25:12.446 | DEBUG    | __main__:main:680 - Idle tick.
2025-08-19 14:25:13.476 | DEBUG    | __main__:main:680 - Idle tick.
2025-08-19 14:25:14.515 | DEBUG    | __main__:main:680 - Idle tick.
2025-08-19 14:25:15.102 | INFO     | __main__:job:146 - MT5 cycle: features=6 inserted=6 skipped=0
2025-08-19 14:25:15.552 | DEBUG    | __main__:main:680 - Idle tick.
2025-08-19 14:25:16.591 | DEBUG    | __main__:main:680 - Idle tick.
2025-08-19 14:25:17.628 | DEBUG    | __main__:main:680 - Idle tick.
2025-08-19 14:25:18.691 | DEBUG    | __main__:main:680 - Idle tick.
2025-08-19 14:25:19.721 | DEBUG    | __main__:main:680 - Idle tick.
2025-08-19 14:25:20.189 | INFO     | __main__:job:146 - MT5 cycle: features=6 inserted=6 skipped=0
2025-08-19 14:25:20.742 | DEBUG    | __main__:main:680 - Idle tick.
2025-08-19 14:25:21.782 | DEBUG    | __main__:main:680 - Idle tick.
2025-08-19 14:25:22.804 | DEBUG    | __main__:main:680 - Idle tick.
2025-08-19 14:25:23.830 | DEBUG    | __main__:main:680 - Idle tick.
2025-08-19 14:25:24.858 | DEBUG    | __main__:main:680 - Idle tick.
2025-08-19 14:25:25.259 | INFO     | __main__:job:146 - MT5 cycle: features=6 inserted=6 skipped=0
2025-08-19 14:25:25.897 | DEBUG    | __main__:main:680 - Idle tick.
2025-08-19 14:25:26.937 | DEBUG    | __main__:main:680 - Idle tick.
2025-08-19 14:25:27.972 | DEBUG    | __main__:main:680 - Idle tick.
2025-08-19 14:25:29.010 | DEBUG    | __main__:main:680 - Idle tick.
2025-08-19 14:25:30.047 | DEBUG    | __main__:main:680 - Idle tick.
2025-08-19 14:25:30.361 | INFO     | __main__:job:146 - MT5 cycle: features=6 inserted=6 skipped=0
2025-08-19 14:25:31.085 | DEBUG    | __main__:main:680 - Idle tick.
2025-08-19 14:25:32.124 | DEBUG    | __main__:main:680 - Idle tick.
2025-08-19 14:25:33.144 | DEBUG    | __main__:main:680 - Idle tick.
2025-08-19 14:25:34.180 | DEBUG    | __main__:main:680 - Idle tick.
2025-08-19 14:25:35.221 | DEBUG    | __main__:main:680 - Idle tick.
2025-08-19 14:25:35.438 | INFO     | __main__:job:146 - MT5 cycle: features=6 inserted=6 skipped=0
2025-08-19 14:25:36.255 | DEBUG    | __main__:main:680 - Idle tick.
2025-08-19 14:25:37.273 | DEBUG    | __main__:main:680 - Idle tick.
2025-08-19 14:25:38.302 | DEBUG    | __main__:main:680 - Idle tick.
2025-08-19 14:25:39.342 | DEBUG    | __main__:main:680 - Idle tick.
2025-08-19 14:25:40.381 | DEBUG    | __main__:main:680 - Idle tick.
2025-08-19 14:25:40.511 | INFO     | __main__:job:146 - MT5 cycle: features=6 inserted=6 skipped=0
2025-08-19 14:25:41.413 | DEBUG    | __main__:main:680 - Idle tick.
2025-08-19 14:25:42.450 | DEBUG    | __main__:main:680 - Idle tick.
2025-08-19 14:25:43.489 | DEBUG    | __main__:main:680 - Idle tick.
2025-08-19 14:25:44.530 | DEBUG    | __main__:main:680 - Idle tick.
2025-08-19 14:25:45.551 | INFO     | __main__:job:146 - MT5 cycle: features=6 inserted=6 skipped=0
2025-08-19 14:25:45.556 | DEBUG    | __main__:main:680 - Idle tick.
2025-08-19 14:25:46.585 | DEBUG    | __main__:main:680 - Idle tick.
2025-08-19 14:25:47.623 | DEBUG    | __main__:main:680 - Idle tick.
2025-08-19 14:25:48.658 | DEBUG    | __main__:main:680 - Idle tick.
2025-08-19 14:25:49.691 | DEBUG    | __main__:main:680 - Idle tick.
2025-08-19 14:25:50.612 | INFO     | __main__:job:146 - MT5 cycle: features=6 inserted=6 skipped=0
2025-08-19 14:25:50.727 | DEBUG    | __main__:main:680 - Idle tick.
2025-08-19 14:25:51.757 | DEBUG    | __main__:main:680 - Idle tick.
2025-08-19 14:25:52.793 | DEBUG    | __main__:main:680 - Idle tick.
2025-08-19 14:25:53.831 | DEBUG    | __main__:main:680 - Idle tick.
2025-08-19 14:25:54.855 | DEBUG    | __main__:main:680 - Idle tick.
2025-08-19 14:25:55.664 | INFO     | __main__:job:146 - MT5 cycle: features=6 inserted=6 skipped=0
2025-08-19 14:25:55.882 | DEBUG    | __main__:main:680 - Idle tick.
2025-08-19 14:25:56.901 | DEBUG    | __main__:main:680 - Idle tick.
2025-08-19 14:25:57.937 | DEBUG    | __main__:main:680 - Idle tick.
2025-08-19 14:25:58.960 | DEBUG    | __main__:main:680 - Idle tick.
2025-08-19 14:25:59.999 | DEBUG    | __main__:main:680 - Idle tick.
2025-08-19 14:26:00.704 | INFO     | __main__:job:146 - MT5 cycle: features=6 inserted=6 skipped=0
2025-08-19 14:26:01.030 | DEBUG    | __main__:main:680 - Idle tick.
2025-08-19 14:26:02.058 | DEBUG    | __main__:main:680 - Idle tick.
2025-08-19 14:26:03.093 | DEBUG    | __main__:main:680 - Idle tick.
2025-08-19 14:26:04.121 | DEBUG    | __main__:main:680 - Idle tick.
2025-08-19 14:26:04.466 | DEBUG    | __main__:main:154 - OK (sin alertas).
2025-08-19 14:26:05.156 | DEBUG    | __main__:main:680 - Idle tick.
2025-08-19 14:26:05.768 | INFO     | __main__:job:146 - MT5 cycle: features=6 inserted=6 skipped=0
2025-08-19 14:26:06.189 | DEBUG    | __main__:main:680 - Idle tick.
2025-08-19 14:26:07.221 | DEBUG    | __main__:main:680 - Idle tick.
2025-08-19 14:26:08.249 | DEBUG    | __main__:main:680 - Idle tick.
2025-08-19 14:26:09.289 | DEBUG    | __main__:main:680 - Idle tick.
2025-08-19 14:26:10.329 | DEBUG    | __main__:main:680 - Idle tick.
2025-08-19 14:26:10.830 | INFO     | __main__:job:146 - MT5 cycle: features=6 inserted=6 skipped=0
2025-08-19 14:26:11.366 | DEBUG    | __main__:main:680 - Idle tick.
2025-08-19 14:26:12.398 | DEBUG    | __main__:main:680 - Idle tick.
2025-08-19 14:26:12.659 | INFO     | __main__:main:433 - VIX 15.789999961853027
2025-08-19 14:26:13.421 | DEBUG    | __main__:main:680 - Idle tick.
2025-08-19 14:26:13.795 | INFO     | __main__:main:451 - DXY 98.28099822998047 (DX-Y.NYB)
2025-08-19 14:26:14.444 | DEBUG    | __main__:main:680 - Idle tick.
2025-08-19 14:26:15.470 | DEBUG    | __main__:main:680 - Idle tick.
2025-08-19 14:26:15.892 | INFO     | __main__:job:146 - MT5 cycle: features=6 inserted=6 skipped=0
2025-08-19 14:26:16.497 | DEBUG    | __main__:main:680 - Idle tick.
2025-08-19 14:26:17.514 | DEBUG    | __main__:main:680 - Idle tick.
2025-08-19 14:26:18.548 | DEBUG    | __main__:main:680 - Idle tick.
2025-08-19 14:26:19.569 | DEBUG    | __main__:main:680 - Idle tick.
2025-08-19 14:26:20.587 | DEBUG    | __main__:main:680 - Idle tick.
2025-08-19 14:26:20.952 | INFO     | __main__:job:146 - MT5 cycle: features=6 inserted=6 skipped=0
2025-08-19 14:26:21.603 | DEBUG    | __main__:main:680 - Idle tick.
2025-08-19 14:26:22.638 | DEBUG    | __main__:main:680 - Idle tick.
2025-08-19 14:26:23.661 | DEBUG    | __main__:main:680 - Idle tick.
2025-08-19 14:26:24.687 | DEBUG    | __main__:main:680 - Idle tick.
2025-08-19 14:26:25.706 | DEBUG    | __main__:main:680 - Idle tick.
2025-08-19 14:26:26.071 | INFO     | __main__:job:146 - MT5 cycle: features=6 inserted=6 skipped=0
2025-08-19 14:26:26.744 | DEBUG    | __main__:main:680 - Idle tick.
2025-08-19 14:26:27.760 | DEBUG    | __main__:main:680 - Idle tick.
2025-08-19 14:26:28.784 | DEBUG    | __main__:main:680 - Idle tick.
2025-08-19 14:26:29.819 | DEBUG    | __main__:main:680 - Idle tick.
2025-08-19 14:26:30.837 | DEBUG    | __main__:main:680 - Idle tick.
2025-08-19 14:26:31.157 | INFO     | __main__:job:146 - MT5 cycle: features=6 inserted=6 skipped=0
2025-08-19 14:26:31.873 | DEBUG    | __main__:main:680 - Idle tick.
2025-08-19 14:26:32.889 | DEBUG    | __main__:main:680 - Idle tick.
2025-08-19 14:26:33.939 | DEBUG    | __main__:main:680 - Idle tick.
2025-08-19 14:26:34.967 | DEBUG    | __main__:main:680 - Idle tick.
2025-08-19 14:26:35.987 | DEBUG    | __main__:main:680 - Idle tick.
2025-08-19 14:26:36.221 | INFO     | __main__:job:146 - MT5 cycle: features=6 inserted=6 skipped=0
2025-08-19 14:26:37.017 | DEBUG    | __main__:main:680 - Idle tick.
2025-08-19 14:26:38.039 | DEBUG    | __main__:main:680 - Idle tick.
2025-08-19 14:26:39.073 | DEBUG    | __main__:main:680 - Idle tick.
2025-08-19 14:26:40.108 | DEBUG    | __main__:main:680 - Idle tick.
2025-08-19 14:26:41.135 | DEBUG    | __main__:main:680 - Idle tick.
2025-08-19 14:26:41.273 | INFO     | __main__:job:146 - MT5 cycle: features=6 inserted=6 skipped=0
2025-08-19 14:26:42.174 | DEBUG    | __main__:main:680 - Idle tick.
2025-08-19 14:26:43.196 | DEBUG    | __main__:main:680 - Idle tick.
2025-08-19 14:26:44.218 | DEBUG    | __main__:main:680 - Idle tick.
2025-08-19 14:26:45.243 | DEBUG    | __main__:main:680 - Idle tick.
2025-08-19 14:26:46.266 | DEBUG    | __main__:main:680 - Idle tick.
2025-08-19 14:26:46.352 | INFO     | __main__:job:146 - MT5 cycle: features=6 inserted=6 skipped=0
2025-08-19 14:26:47.294 | DEBUG    | __main__:main:680 - Idle tick.
2025-08-19 14:26:48.332 | DEBUG    | __main__:main:680 - Idle tick.
2025-08-19 14:26:49.371 | DEBUG    | __main__:main:680 - Idle tick.
2025-08-19 14:26:50.406 | DEBUG    | __main__:main:680 - Idle tick.
2025-08-19 14:26:51.407 | INFO     | __main__:job:146 - MT5 cycle: features=6 inserted=6 skipped=0
2025-08-19 14:26:51.421 | DEBUG    | __main__:main:680 - Idle tick.
2025-08-19 14:26:52.467 | DEBUG    | __main__:main:680 - Idle tick.
2025-08-19 14:26:53.497 | DEBUG    | __main__:main:680 - Idle tick.
2025-08-19 14:26:54.534 | DEBUG    | __main__:main:680 - Idle tick.
2025-08-19 14:26:55.570 | DEBUG    | __main__:main:680 - Idle tick.
2025-08-19 14:26:56.498 | INFO     | __main__:job:146 - MT5 cycle: features=6 inserted=6 skipped=0
2025-08-19 14:26:56.590 | DEBUG    | __main__:main:680 - Idle tick.
2025-08-19 14:26:57.617 | DEBUG    | __main__:main:680 - Idle tick.
2025-08-19 14:26:58.651 | DEBUG    | __main__:main:680 - Idle tick.
2025-08-19 14:26:59.690 | DEBUG    | __main__:main:680 - Idle tick.
2025-08-19 14:27:00.708 | DEBUG    | __main__:main:680 - Idle tick.
2025-08-19 14:27:01.554 | INFO     | __main__:job:146 - MT5 cycle: features=6 inserted=6 skipped=0
2025-08-19 14:27:01.747 | DEBUG    | __main__:main:680 - Idle tick.
2025-08-19 14:27:02.785 | DEBUG    | __main__:main:680 - Idle tick.
2025-08-19 14:27:03.814 | DEBUG    | __main__:main:680 - Idle tick.
2025-08-19 14:27:04.502 | DEBUG    | __main__:main:154 - OK (sin alertas).
2025-08-19 14:27:04.855 | DEBUG    | __main__:main:680 - Idle tick.
2025-08-19 14:27:05.882 | DEBUG    | __main__:main:680 - Idle tick.
2025-08-19 14:27:06.613 | INFO     | __main__:job:146 - MT5 cycle: features=6 inserted=6 skipped=0
2025-08-19 14:27:06.926 | DEBUG    | __main__:main:680 - Idle tick.
2025-08-19 14:27:07.963 | DEBUG    | __main__:main:680 - Idle tick.
2025-08-19 14:27:08.995 | DEBUG    | __main__:main:680 - Idle tick.
2025-08-19 14:27:10.012 | DEBUG    | __main__:main:680 - Idle tick.
2025-08-19 14:27:11.040 | DEBUG    | __main__:main:680 - Idle tick.
2025-08-19 14:27:11.673 | INFO     | __main__:job:146 - MT5 cycle: features=6 inserted=6 skipped=0
2025-08-19 14:27:12.080 | DEBUG    | __main__:main:680 - Idle tick.
2025-08-19 14:27:13.114 | DEBUG    | __main__:main:680 - Idle tick.
2025-08-19 14:27:14.139 | INFO     | __main__:main:433 - VIX 15.779999732971191
2025-08-19 14:27:14.150 | DEBUG    | __main__:main:680 - Idle tick.
2025-08-19 14:27:14.543 | INFO     | __main__:main:451 - DXY 98.27899932861328 (DX-Y.NYB)
2025-08-19 14:27:15.192 | DEBUG    | __main__:main:680 - Idle tick.
2025-08-19 14:27:16.231 | DEBUG    | __main__:main:680 - Idle tick.
2025-08-19 14:27:16.734 | INFO     | __main__:job:146 - MT5 cycle: features=6 inserted=6 skipped=0
2025-08-19 14:27:17.263 | DEBUG    | __main__:main:680 - Idle tick.
2025-08-19 14:27:18.306 | DEBUG    | __main__:main:680 - Idle tick.
2025-08-19 14:27:19.344 | DEBUG    | __main__:main:680 - Idle tick.
2025-08-19 14:27:20.367 | DEBUG    | __main__:main:680 - Idle tick.
2025-08-19 14:27:21.397 | DEBUG    | __main__:main:680 - Idle tick.
2025-08-19 14:27:21.786 | INFO     | __main__:job:146 - MT5 cycle: features=6 inserted=6 skipped=0
2025-08-19 14:27:22.438 | DEBUG    | __main__:main:680 - Idle tick.
2025-08-19 14:27:23.458 | DEBUG    | __main__:main:680 - Idle tick.
2025-08-19 14:27:24.485 | DEBUG    | __main__:main:680 - Idle tick.
2025-08-19 14:27:25.526 | DEBUG    | __main__:main:680 - Idle tick.
2025-08-19 14:27:26.562 | DEBUG    | __main__:main:680 - Idle tick.
2025-08-19 14:27:26.869 | INFO     | __main__:job:146 - MT5 cycle: features=6 inserted=6 skipped=0
2025-08-19 14:27:27.597 | DEBUG    | __main__:main:680 - Idle tick.
2025-08-19 14:27:28.638 | DEBUG    | __main__:main:680 - Idle tick.
2025-08-19 14:27:29.657 | DEBUG    | __main__:main:680 - Idle tick.
2025-08-19 14:27:30.691 | DEBUG    | __main__:main:680 - Idle tick.
2025-08-19 14:27:31.711 | DEBUG    | __main__:main:680 - Idle tick.
2025-08-19 14:27:31.916 | INFO     | __main__:job:146 - MT5 cycle: features=6 inserted=6 skipped=0
2025-08-19 14:27:32.742 | DEBUG    | __main__:main:680 - Idle tick.
2025-08-19 14:27:33.769 | DEBUG    | __main__:main:680 - Idle tick.
2025-08-19 14:27:34.795 | DEBUG    | __main__:main:680 - Idle tick.
2025-08-19 14:27:35.833 | DEBUG    | __main__:main:680 - Idle tick.
2025-08-19 14:27:36.868 | DEBUG    | __main__:main:680 - Idle tick.
2025-08-19 14:27:37.008 | INFO     | __main__:job:146 - MT5 cycle: features=6 inserted=6 skipped=0
2025-08-19 14:27:37.908 | DEBUG    | __main__:main:680 - Idle tick.
2025-08-19 14:27:38.929 | DEBUG    | __main__:main:680 - Idle tick.
2025-08-19 14:27:39.976 | DEBUG    | __main__:main:680 - Idle tick.
2025-08-19 14:27:41.010 | DEBUG    | __main__:main:680 - Idle tick.
2025-08-19 14:27:42.031 | DEBUG    | __main__:main:680 - Idle tick.
2025-08-19 14:27:42.079 | INFO     | __main__:job:146 - MT5 cycle: features=6 inserted=6 skipped=0
2025-08-19 14:27:43.058 | DEBUG    | __main__:main:680 - Idle tick.
2025-08-19 14:27:44.092 | DEBUG    | __main__:main:680 - Idle tick.
2025-08-19 14:27:45.124 | DEBUG    | __main__:main:680 - Idle tick.
2025-08-19 14:27:46.143 | DEBUG    | __main__:main:680 - Idle tick.
2025-08-19 14:27:47.154 | INFO     | __main__:job:146 - MT5 cycle: features=6 inserted=6 skipped=0
2025-08-19 14:27:47.160 | DEBUG    | __main__:main:680 - Idle tick.
2025-08-19 14:27:48.188 | DEBUG    | __main__:main:680 - Idle tick.
2025-08-19 14:27:49.228 | DEBUG    | __main__:main:680 - Idle tick.
2025-08-19 14:27:50.253 | DEBUG    | __main__:main:680 - Idle tick.
2025-08-19 14:27:51.289 | DEBUG    | __main__:main:680 - Idle tick.
2025-08-19 14:27:52.207 | INFO     | __main__:job:146 - MT5 cycle: features=6 inserted=6 skipped=0
2025-08-19 14:27:52.326 | DEBUG    | __main__:main:680 - Idle tick.
2025-08-19 14:27:53.361 | DEBUG    | __main__:main:680 - Idle tick.
2025-08-19 14:27:54.390 | DEBUG    | __main__:main:680 - Idle tick.
2025-08-19 14:27:55.429 | DEBUG    | __main__:main:680 - Idle tick.
2025-08-19 14:27:56.468 | DEBUG    | __main__:main:680 - Idle tick.
2025-08-19 14:27:57.275 | INFO     | __main__:job:146 - MT5 cycle: features=6 inserted=6 skipped=0
2025-08-19 14:27:57.504 | DEBUG    | __main__:main:680 - Idle tick.
2025-08-19 14:27:58.529 | DEBUG    | __main__:main:680 - Idle tick.
2025-08-19 14:27:59.571 | DEBUG    | __main__:main:680 - Idle tick.
2025-08-19 14:28:00.604 | DEBUG    | __main__:main:680 - Idle tick.
2025-08-19 14:28:01.644 | DEBUG    | __main__:main:680 - Idle tick.
2025-08-19 14:28:02.364 | INFO     | __main__:job:146 - MT5 cycle: features=6 inserted=6 skipped=0
2025-08-19 14:28:02.688 | DEBUG    | __main__:main:680 - Idle tick.
2025-08-19 14:28:03.739 | DEBUG    | __main__:main:680 - Idle tick.
2025-08-19 14:28:04.562 | DEBUG    | __main__:main:154 - OK (sin alertas).
2025-08-19 14:28:04.794 | DEBUG    | __main__:main:680 - Idle tick.
2025-08-19 14:28:05.841 | DEBUG    | __main__:main:680 - Idle tick.
2025-08-19 14:28:06.876 | DEBUG    | __main__:main:680 - Idle tick.
2025-08-19 14:28:07.479 | INFO     | __main__:job:146 - MT5 cycle: features=6 inserted=6 skipped=0
2025-08-19 14:28:07.900 | DEBUG    | __main__:main:680 - Idle tick.
2025-08-19 14:28:08.941 | DEBUG    | __main__:main:680 - Idle tick.
2025-08-19 14:28:09.974 | DEBUG    | __main__:main:680 - Idle tick.
2025-08-19 14:28:11.009 | DEBUG    | __main__:main:680 - Idle tick.
2025-08-19 14:28:12.036 | DEBUG    | __main__:main:680 - Idle tick.
2025-08-19 14:28:12.557 | INFO     | __main__:job:146 - MT5 cycle: features=6 inserted=6 skipped=0
2025-08-19 14:28:13.058 | DEBUG    | __main__:main:680 - Idle tick.
2025-08-19 14:28:14.091 | DEBUG    | __main__:main:680 - Idle tick.
2025-08-19 14:28:15.114 | INFO     | __main__:main:433 - VIX 15.779999732971191
2025-08-19 14:28:15.123 | DEBUG    | __main__:main:680 - Idle tick.
2025-08-19 14:28:15.775 | INFO     | __main__:main:451 - DXY 98.27999877929688 (DX-Y.NYB)
2025-08-19 14:28:16.156 | DEBUG    | __main__:main:680 - Idle tick.
2025-08-19 14:28:17.200 | DEBUG    | __main__:main:680 - Idle tick.
2025-08-19 14:28:17.654 | INFO     | __main__:job:146 - MT5 cycle: features=6 inserted=6 skipped=0
2025-08-19 14:28:18.223 | DEBUG    | __main__:main:680 - Idle tick.
2025-08-19 14:28:19.256 | DEBUG    | __main__:main:680 - Idle tick.
2025-08-19 14:28:20.302 | DEBUG    | __main__:main:680 - Idle tick.
2025-08-19 14:28:21.374 | DEBUG    | __main__:main:680 - Idle tick.
2025-08-19 14:28:22.414 | DEBUG    | __main__:main:680 - Idle tick.
2025-08-19 14:28:22.741 | INFO     | __main__:job:146 - MT5 cycle: features=6 inserted=6 skipped=0
2025-08-19 14:28:23.440 | DEBUG    | __main__:main:680 - Idle tick.
2025-08-19 14:28:24.469 | DEBUG    | __main__:main:680 - Idle tick.
2025-08-19 14:28:25.599 | DEBUG    | __main__:main:680 - Idle tick.
2025-08-19 14:28:26.643 | DEBUG    | __main__:main:680 - Idle tick.
2025-08-19 14:28:27.671 | DEBUG    | __main__:main:680 - Idle tick.
2025-08-19 14:28:27.863 | INFO     | __main__:job:146 - MT5 cycle: features=6 inserted=6 skipped=0
2025-08-19 14:28:28.749 | DEBUG    | __main__:main:680 - Idle tick.
2025-08-19 14:28:29.789 | DEBUG    | __main__:main:680 - Idle tick.
2025-08-19 14:28:30.817 | DEBUG    | __main__:main:680 - Idle tick.
2025-08-19 14:28:31.847 | DEBUG    | __main__:main:680 - Idle tick.
2025-08-19 14:28:32.879 | DEBUG    | __main__:main:680 - Idle tick.
2025-08-19 14:28:32.987 | INFO     | __main__:job:146 - MT5 cycle: features=6 inserted=6 skipped=0
2025-08-19 14:28:33.922 | DEBUG    | __main__:main:680 - Idle tick.
2025-08-19 14:28:34.952 | DEBUG    | __main__:main:680 - Idle tick.
2025-08-19 14:28:35.988 | DEBUG    | __main__:main:680 - Idle tick.
2025-08-19 14:28:37.023 | DEBUG    | __main__:main:680 - Idle tick.
2025-08-19 14:28:38.052 | DEBUG    | __main__:main:680 - Idle tick.
2025-08-19 14:28:38.073 | INFO     | __main__:job:146 - MT5 cycle: features=6 inserted=6 skipped=0
2025-08-19 14:28:39.082 | DEBUG    | __main__:main:680 - Idle tick.
2025-08-19 14:28:40.103 | DEBUG    | __main__:main:680 - Idle tick.
2025-08-19 14:28:41.148 | DEBUG    | __main__:main:680 - Idle tick.
2025-08-19 14:28:42.167 | DEBUG    | __main__:main:680 - Idle tick.
2025-08-19 14:28:43.169 | INFO     | __main__:job:146 - MT5 cycle: features=6 inserted=6 skipped=0
2025-08-19 14:28:43.200 | DEBUG    | __main__:main:680 - Idle tick.
2025-08-19 14:28:44.233 | DEBUG    | __main__:main:680 - Idle tick.
2025-08-19 14:28:45.272 | DEBUG    | __main__:main:680 - Idle tick.
2025-08-19 14:28:46.298 | DEBUG    | __main__:main:680 - Idle tick.
2025-08-19 14:28:47.334 | DEBUG    | __main__:main:680 - Idle tick.
2025-08-19 14:28:48.268 | INFO     | __main__:job:146 - MT5 cycle: features=6 inserted=6 skipped=0
2025-08-19 14:28:48.352 | DEBUG    | __main__:main:680 - Idle tick.
2025-08-19 14:28:49.383 | DEBUG    | __main__:main:680 - Idle tick.
2025-08-19 14:28:50.430 | DEBUG    | __main__:main:680 - Idle tick.
2025-08-19 14:28:51.464 | DEBUG    | __main__:main:680 - Idle tick.
2025-08-19 14:28:52.485 | DEBUG    | __main__:main:680 - Idle tick.
2025-08-19 14:28:53.342 | INFO     | __main__:job:146 - MT5 cycle: features=6 inserted=6 skipped=0
2025-08-19 14:28:53.514 | DEBUG    | __main__:main:680 - Idle tick.
2025-08-19 14:28:54.563 | DEBUG    | __main__:main:680 - Idle tick.
2025-08-19 14:28:55.583 | DEBUG    | __main__:main:680 - Idle tick.
2025-08-19 14:28:56.614 | DEBUG    | __main__:main:680 - Idle tick.
2025-08-19 14:28:57.648 | DEBUG    | __main__:main:680 - Idle tick.
2025-08-19 14:28:58.409 | INFO     | __main__:job:146 - MT5 cycle: features=6 inserted=6 skipped=0
2025-08-19 14:28:58.683 | DEBUG    | __main__:main:680 - Idle tick.
2025-08-19 14:28:59.729 | DEBUG    | __main__:main:680 - Idle tick.
2025-08-19 14:29:00.747 | DEBUG    | __main__:main:680 - Idle tick.
2025-08-19 14:29:01.796 | DEBUG    | __main__:get_latest_features:144 - Snapshot macro | rows=%d | ms=%d
2025-08-19 14:29:01.797 | INFO     | __main__:evaluate_tier:442 - Eval %s | can_open_new=%s rm=%.2f band=%s hb=%s scen=%d groups=%s missing=%d snap=%d | ms=%d
2025-08-19 14:29:01.806 | INFO     | __main__:insert_macro_state:188 - Insert macro_state | tier=%s rm=%.2f groups=%s prio=%d avoid=%d hb=%s | ms=%d
2025-08-19 14:29:01.811 | DEBUG    | __main__:main:628 - FAST ok | ms=%d
2025-08-19 14:29:01.812 | DEBUG    | __main__:main:684 - Loop ms=%d
2025-08-19 14:29:01.830 | DEBUG    | __main__:main:680 - Idle tick.
2025-08-19 14:29:02.866 | DEBUG    | __main__:main:680 - Idle tick.
2025-08-19 14:29:03.508 | INFO     | __main__:job:146 - MT5 cycle: features=6 inserted=6 skipped=0
2025-08-19 14:29:03.894 | DEBUG    | __main__:main:680 - Idle tick.
2025-08-19 14:29:04.619 | DEBUG    | __main__:main:154 - OK (sin alertas).
2025-08-19 14:29:04.924 | DEBUG    | __main__:main:680 - Idle tick.
2025-08-19 14:29:05.961 | DEBUG    | __main__:main:680 - Idle tick.
2025-08-19 14:29:07.002 | DEBUG    | __main__:main:680 - Idle tick.
2025-08-19 14:29:08.040 | DEBUG    | __main__:main:680 - Idle tick.
2025-08-19 14:29:08.561 | INFO     | __main__:job:146 - MT5 cycle: features=6 inserted=6 skipped=0
2025-08-19 14:29:09.066 | DEBUG    | __main__:main:680 - Idle tick.
2025-08-19 14:29:10.088 | DEBUG    | __main__:main:680 - Idle tick.
2025-08-19 14:29:11.114 | DEBUG    | __main__:main:680 - Idle tick.
2025-08-19 14:29:12.141 | DEBUG    | __main__:main:680 - Idle tick.
2025-08-19 14:29:13.170 | DEBUG    | __main__:main:680 - Idle tick.
2025-08-19 14:29:13.613 | INFO     | __main__:job:146 - MT5 cycle: features=6 inserted=6 skipped=0
2025-08-19 14:29:14.254 | DEBUG    | __main__:main:680 - Idle tick.
2025-08-19 14:29:15.293 | DEBUG    | __main__:main:680 - Idle tick.
2025-08-19 14:29:16.105 | INFO     | __main__:main:433 - VIX 15.789999961853027
2025-08-19 14:29:16.324 | DEBUG    | __main__:main:680 - Idle tick.
2025-08-19 14:29:16.445 | INFO     | __main__:main:451 - DXY 98.27799987792969 (DX-Y.NYB)
2025-08-19 14:29:17.345 | DEBUG    | __main__:main:680 - Idle tick.
2025-08-19 14:29:18.380 | DEBUG    | __main__:main:680 - Idle tick.
2025-08-19 14:29:18.682 | INFO     | __main__:job:146 - MT5 cycle: features=6 inserted=6 skipped=0
2025-08-19 14:29:19.425 | DEBUG    | __main__:main:680 - Idle tick.
2025-08-19 14:29:20.457 | DEBUG    | __main__:main:680 - Idle tick.
2025-08-19 14:29:21.476 | DEBUG    | __main__:main:680 - Idle tick.
2025-08-19 14:29:22.509 | DEBUG    | __main__:main:680 - Idle tick.
2025-08-19 14:29:23.542 | DEBUG    | __main__:main:680 - Idle tick.
2025-08-19 14:29:23.730 | INFO     | __main__:job:146 - MT5 cycle: features=6 inserted=6 skipped=0
2025-08-19 14:29:24.637 | DEBUG    | __main__:main:680 - Idle tick.
2025-08-19 14:29:25.653 | DEBUG    | __main__:main:680 - Idle tick.
2025-08-19 14:29:26.693 | DEBUG    | __main__:main:680 - Idle tick.
2025-08-19 14:29:27.730 | DEBUG    | __main__:main:680 - Idle tick.
2025-08-19 14:29:28.748 | DEBUG    | __main__:main:680 - Idle tick.
2025-08-19 14:29:28.781 | INFO     | __main__:job:146 - MT5 cycle: features=6 inserted=6 skipped=0
2025-08-19 14:29:29.802 | DEBUG    | __main__:main:680 - Idle tick.
2025-08-19 14:29:30.837 | DEBUG    | __main__:main:680 - Idle tick.
2025-08-19 14:29:31.853 | DEBUG    | __main__:main:680 - Idle tick.
2025-08-19 14:29:32.881 | DEBUG    | __main__:main:680 - Idle tick.
2025-08-19 14:29:33.839 | INFO     | __main__:job:146 - MT5 cycle: features=6 inserted=6 skipped=0
2025-08-19 14:29:33.919 | DEBUG    | __main__:main:680 - Idle tick.
2025-08-19 14:29:34.942 | DEBUG    | __main__:main:680 - Idle tick.
2025-08-19 14:29:35.974 | DEBUG    | __main__:main:680 - Idle tick.
2025-08-19 14:29:37.015 | DEBUG    | __main__:main:680 - Idle tick.
2025-08-19 14:29:38.034 | DEBUG    | __main__:main:680 - Idle tick.
2025-08-19 14:29:38.892 | INFO     | __main__:job:146 - MT5 cycle: features=6 inserted=6 skipped=0
2025-08-19 14:29:39.055 | DEBUG    | __main__:main:680 - Idle tick.
2025-08-19 14:29:40.073 | DEBUG    | __main__:main:680 - Idle tick.
2025-08-19 14:29:41.104 | DEBUG    | __main__:main:680 - Idle tick.
2025-08-19 14:29:42.124 | DEBUG    | __main__:main:680 - Idle tick.
2025-08-19 14:29:43.141 | DEBUG    | __main__:main:680 - Idle tick.
2025-08-19 14:29:43.959 | INFO     | __main__:job:146 - MT5 cycle: features=6 inserted=6 skipped=0
2025-08-19 14:29:44.175 | DEBUG    | __main__:main:680 - Idle tick.
2025-08-19 14:29:45.213 | DEBUG    | __main__:main:680 - Idle tick.
2025-08-19 14:29:46.245 | DEBUG    | __main__:main:680 - Idle tick.
2025-08-19 14:29:47.285 | DEBUG    | __main__:main:680 - Idle tick.
2025-08-19 14:29:48.301 | DEBUG    | __main__:main:680 - Idle tick.
2025-08-19 14:29:49.029 | INFO     | __main__:job:146 - MT5 cycle: features=6 inserted=6 skipped=0
2025-08-19 14:29:49.342 | DEBUG    | __main__:main:680 - Idle tick.
2025-08-19 14:29:50.365 | DEBUG    | __main__:main:680 - Idle tick.
2025-08-19 14:29:51.382 | DEBUG    | __main__:main:680 - Idle tick.
2025-08-19 14:29:52.420 | DEBUG    | __main__:main:680 - Idle tick.
2025-08-19 14:29:52.752 | INFO     | __main__:main:337 - MOVE 81.82330322265625
2025-08-19 14:29:53.059 | INFO     | __main__:main:352 - GVZ 14.859999656677246
2025-08-19 14:29:53.385 | INFO     | __main__:main:367 - OVX 34.0099983215332
2025-08-19 14:29:53.456 | DEBUG    | __main__:main:680 - Idle tick.
2025-08-19 14:29:53.712 | INFO     | __main__:main:382 - VXN 19.3700008392334
2025-08-19 14:29:54.080 | INFO     | __main__:job:146 - MT5 cycle: features=6 inserted=6 skipped=0
2025-08-19 14:29:54.232 | INFO     | __main__:_upsert_simple_fred:227 - UST2Y 3.75 (FRED:DGS2)
2025-08-19 14:29:54.495 | DEBUG    | __main__:main:680 - Idle tick.
2025-08-19 14:29:54.548 | INFO     | __main__:_upsert_simple_fred:227 - UST30Y 4.92 (FRED:DGS30)
2025-08-19 14:29:55.010 | INFO     | __main__:main:505 - UST10Y 4.33% (stored=0.0433) FRED
2025-08-19 14:29:55.533 | DEBUG    | __main__:main:680 - Idle tick.
2025-08-19 14:29:56.562 | DEBUG    | __main__:main:680 - Idle tick.
2025-08-19 14:29:57.598 | DEBUG    | __main__:main:680 - Idle tick.
2025-08-19 14:29:58.144 | INFO     | __main__:main:678 - CALENDAR_BLOCK 0 | next=None
2025-08-19 14:29:58.150 | INFO     | __main__:main:716 - SPREAD_2S10S -3.7067
2025-08-19 14:29:58.386 | INFO     | __main__:main:873 - RELVOL_SPY_20D 0.73 (vol 50370686 / avg20 69376529)
2025-08-19 14:29:58.587 | INFO     | __main__:main:873 - RELVOL_QQQ_20D 1.02 (vol 44428518 / avg20 43549676)
2025-08-19 14:29:58.633 | DEBUG    | __main__:main:680 - Idle tick.
2025-08-19 14:29:58.765 | INFO     | __main__:main:873 - RELVOL_HYG_20D 0.54 (vol 17080337 / avg20 31755862)
2025-08-19 14:29:58.963 | INFO     | __main__:main:873 - RELVOL_LQD_20D 0.82 (vol 21122860 / avg20 25675293)
2025-08-19 14:29:59.125 | INFO     | __main__:job:146 - MT5 cycle: features=6 inserted=6 skipped=0
2025-08-19 14:29:59.652 | DEBUG    | __main__:main:680 - Idle tick.
2025-08-19 14:30:00.673 | DEBUG    | __main__:main:680 - Idle tick.
2025-08-19 14:30:01.699 | DEBUG    | __main__:main:680 - Idle tick.
2025-08-19 14:30:02.736 | DEBUG    | __main__:main:680 - Idle tick.
2025-08-19 14:30:03.776 | DEBUG    | __main__:main:680 - Idle tick.
2025-08-19 14:30:04.177 | INFO     | __main__:job:146 - MT5 cycle: features=6 inserted=6 skipped=0
2025-08-19 14:30:04.660 | DEBUG    | __main__:main:154 - OK (sin alertas).
2025-08-19 14:30:04.813 | DEBUG    | __main__:main:680 - Idle tick.
2025-08-19 14:30:05.837 | DEBUG    | __main__:main:680 - Idle tick.
2025-08-19 14:30:06.873 | DEBUG    | __main__:main:680 - Idle tick.
2025-08-19 14:30:07.904 | DEBUG    | __main__:main:680 - Idle tick.
2025-08-19 14:30:08.945 | DEBUG    | __main__:main:680 - Idle tick.
2025-08-19 14:30:09.249 | INFO     | __main__:job:146 - MT5 cycle: features=6 inserted=6 skipped=0
2025-08-19 14:30:09.965 | DEBUG    | __main__:main:680 - Idle tick.
2025-08-19 14:30:10.995 | DEBUG    | __main__:main:680 - Idle tick.
2025-08-19 14:30:12.016 | DEBUG    | __main__:main:680 - Idle tick.
2025-08-19 14:30:13.057 | DEBUG    | __main__:main:680 - Idle tick.
2025-08-19 14:30:14.085 | DEBUG    | __main__:main:680 - Idle tick.
2025-08-19 14:30:14.310 | INFO     | __main__:job:146 - MT5 cycle: features=6 inserted=6 skipped=0
2025-08-19 14:30:15.103 | DEBUG    | __main__:main:680 - Idle tick.
2025-08-19 14:30:16.133 | DEBUG    | __main__:main:680 - Idle tick.
2025-08-19 14:30:17.149 | DEBUG    | __main__:main:680 - Idle tick.
2025-08-19 14:30:17.282 | INFO     | __main__:main:433 - VIX 15.800000190734863
2025-08-19 14:30:17.633 | INFO     | __main__:main:451 - DXY 98.2750015258789 (DX-Y.NYB)
2025-08-19 14:30:18.177 | DEBUG    | __main__:main:680 - Idle tick.
2025-08-19 14:30:19.208 | DEBUG    | __main__:main:680 - Idle tick.
2025-08-19 14:30:19.363 | INFO     | __main__:job:146 - MT5 cycle: features=6 inserted=6 skipped=0
2025-08-19 14:30:20.232 | DEBUG    | __main__:main:680 - Idle tick.
2025-08-19 14:30:21.272 | DEBUG    | __main__:main:680 - Idle tick.
2025-08-19 14:30:22.302 | DEBUG    | __main__:main:680 - Idle tick.
2025-08-19 14:30:23.343 | DEBUG    | __main__:main:680 - Idle tick.
2025-08-19 14:30:24.380 | DEBUG    | __main__:main:680 - Idle tick.
2025-08-19 14:30:24.412 | INFO     | __main__:job:146 - MT5 cycle: features=6 inserted=6 skipped=0
2025-08-19 14:30:25.420 | DEBUG    | __main__:main:680 - Idle tick.
2025-08-19 14:30:26.441 | DEBUG    | __main__:main:680 - Idle tick.
2025-08-19 14:30:27.477 | DEBUG    | __main__:main:680 - Idle tick.
2025-08-19 14:30:28.502 | DEBUG    | __main__:main:680 - Idle tick.
2025-08-19 14:30:29.478 | INFO     | __main__:job:146 - MT5 cycle: features=6 inserted=6 skipped=0
2025-08-19 14:30:29.525 | DEBUG    | __main__:main:680 - Idle tick.
2025-08-19 14:30:30.555 | DEBUG    | __main__:main:680 - Idle tick.
2025-08-19 14:30:31.588 | DEBUG    | __main__:main:680 - Idle tick.
2025-08-19 14:30:32.623 | DEBUG    | __main__:main:680 - Idle tick.
2025-08-19 14:30:33.641 | DEBUG    | __main__:main:680 - Idle tick.
2025-08-19 14:30:34.530 | INFO     | __main__:job:146 - MT5 cycle: features=6 inserted=6 skipped=0
2025-08-19 14:30:34.658 | DEBUG    | __main__:main:680 - Idle tick.
2025-08-19 14:30:35.694 | DEBUG    | __main__:main:680 - Idle tick.
2025-08-19 14:30:36.730 | DEBUG    | __main__:main:680 - Idle tick.
2025-08-19 14:30:37.763 | DEBUG    | __main__:main:680 - Idle tick.
2025-08-19 14:30:38.801 | DEBUG    | __main__:main:680 - Idle tick.
2025-08-19 14:30:39.648 | INFO     | __main__:job:146 - MT5 cycle: features=6 inserted=6 skipped=0
2025-08-19 14:30:39.818 | DEBUG    | __main__:main:680 - Idle tick.
2025-08-19 14:30:40.857 | DEBUG    | __main__:main:680 - Idle tick.
2025-08-19 14:30:41.889 | DEBUG    | __main__:main:680 - Idle tick.
2025-08-19 14:30:42.931 | DEBUG    | __main__:main:680 - Idle tick.
2025-08-19 14:30:43.968 | DEBUG    | __main__:main:680 - Idle tick.
2025-08-19 14:30:44.717 | INFO     | __main__:job:146 - MT5 cycle: features=6 inserted=6 skipped=0
2025-08-19 14:30:44.986 | DEBUG    | __main__:main:680 - Idle tick.
2025-08-19 14:30:46.026 | DEBUG    | __main__:main:680 - Idle tick.
2025-08-19 14:30:47.060 | DEBUG    | __main__:main:680 - Idle tick.
2025-08-19 14:30:48.094 | DEBUG    | __main__:main:680 - Idle tick.
2025-08-19 14:30:49.117 | DEBUG    | __main__:main:680 - Idle tick.
2025-08-19 14:30:49.826 | INFO     | __main__:job:146 - MT5 cycle: features=6 inserted=6 skipped=0
2025-08-19 14:30:50.138 | DEBUG    | __main__:main:680 - Idle tick.
2025-08-19 14:30:51.178 | DEBUG    | __main__:main:680 - Idle tick.
2025-08-19 14:30:52.213 | DEBUG    | __main__:main:680 - Idle tick.
2025-08-19 14:30:53.232 | DEBUG    | __main__:main:680 - Idle tick.
2025-08-19 14:30:54.261 | DEBUG    | __main__:main:680 - Idle tick.
2025-08-19 14:30:54.895 | INFO     | __main__:job:146 - MT5 cycle: features=6 inserted=6 skipped=0
2025-08-19 14:30:55.279 | DEBUG    | __main__:main:680 - Idle tick.
2025-08-19 14:30:56.321 | DEBUG    | __main__:main:680 - Idle tick.
2025-08-19 14:30:57.357 | DEBUG    | __main__:main:680 - Idle tick.
2025-08-19 14:30:58.375 | DEBUG    | __main__:main:680 - Idle tick.
2025-08-19 14:30:59.404 | DEBUG    | __main__:main:680 - Idle tick.
2025-08-19 14:30:59.959 | INFO     | __main__:job:146 - MT5 cycle: features=6 inserted=6 skipped=0
2025-08-19 14:31:00.429 | DEBUG    | __main__:main:680 - Idle tick.
2025-08-19 14:31:01.452 | DEBUG    | __main__:main:680 - Idle tick.
2025-08-19 14:31:02.477 | DEBUG    | __main__:main:680 - Idle tick.
2025-08-19 14:31:03.503 | DEBUG    | __main__:main:680 - Idle tick.
2025-08-19 14:31:04.541 | DEBUG    | __main__:main:680 - Idle tick.
2025-08-19 14:31:04.709 | DEBUG    | __main__:main:154 - OK (sin alertas).
2025-08-19 14:31:05.045 | INFO     | __main__:job:146 - MT5 cycle: features=6 inserted=6 skipped=0
2025-08-19 14:31:05.565 | DEBUG    | __main__:main:680 - Idle tick.
2025-08-19 14:31:06.596 | DEBUG    | __main__:main:680 - Idle tick.
2025-08-19 14:31:07.632 | DEBUG    | __main__:main:680 - Idle tick.
2025-08-19 14:31:08.666 | DEBUG    | __main__:main:680 - Idle tick.
2025-08-19 14:31:09.703 | DEBUG    | __main__:main:680 - Idle tick.
2025-08-19 14:31:10.111 | INFO     | __main__:job:146 - MT5 cycle: features=6 inserted=6 skipped=0
2025-08-19 14:31:10.728 | DEBUG    | __main__:main:680 - Idle tick.
2025-08-19 14:31:11.763 | DEBUG    | __main__:main:680 - Idle tick.
2025-08-19 14:31:12.789 | DEBUG    | __main__:main:680 - Idle tick.
2025-08-19 14:31:13.824 | DEBUG    | __main__:main:680 - Idle tick.
2025-08-19 14:31:14.850 | DEBUG    | __main__:main:680 - Idle tick.
2025-08-19 14:31:15.193 | INFO     | __main__:job:146 - MT5 cycle: features=6 inserted=6 skipped=0
2025-08-19 14:31:15.886 | DEBUG    | __main__:main:680 - Idle tick.
2025-08-19 14:31:16.914 | DEBUG    | __main__:main:680 - Idle tick.
2025-08-19 14:31:17.936 | DEBUG    | __main__:main:680 - Idle tick.
2025-08-19 14:31:18.008 | INFO     | __main__:main:433 - VIX 15.800000190734863
2025-08-19 14:31:18.306 | INFO     | __main__:main:451 - DXY 98.2750015258789 (DX-Y.NYB)
2025-08-19 14:31:18.976 | DEBUG    | __main__:main:680 - Idle tick.
2025-08-19 14:31:20.009 | DEBUG    | __main__:main:680 - Idle tick.
2025-08-19 14:31:20.242 | INFO     | __main__:job:146 - MT5 cycle: features=6 inserted=6 skipped=0
2025-08-19 14:31:21.037 | DEBUG    | __main__:main:680 - Idle tick.
2025-08-19 14:31:22.071 | DEBUG    | __main__:main:680 - Idle tick.
2025-08-19 14:31:23.096 | DEBUG    | __main__:main:680 - Idle tick.
2025-08-19 14:31:24.135 | DEBUG    | __main__:main:680 - Idle tick.
2025-08-19 14:31:25.174 | DEBUG    | __main__:main:680 - Idle tick.
2025-08-19 14:31:25.306 | INFO     | __main__:job:146 - MT5 cycle: features=6 inserted=6 skipped=0
2025-08-19 14:31:26.217 | DEBUG    | __main__:main:680 - Idle tick.
2025-08-19 14:31:27.232 | DEBUG    | __main__:main:680 - Idle tick.
2025-08-19 14:31:28.260 | DEBUG    | __main__:main:680 - Idle tick.
2025-08-19 14:31:29.301 | DEBUG    | __main__:main:680 - Idle tick.
2025-08-19 14:31:30.333 | DEBUG    | __main__:main:680 - Idle tick.
2025-08-19 14:31:30.357 | INFO     | __main__:job:146 - MT5 cycle: features=6 inserted=6 skipped=0
2025-08-19 14:31:31.347 | DEBUG    | __main__:main:680 - Idle tick.
2025-08-19 14:31:32.376 | DEBUG    | __main__:main:680 - Idle tick.
2025-08-19 14:31:33.405 | DEBUG    | __main__:main:680 - Idle tick.
2025-08-19 14:31:34.432 | DEBUG    | __main__:main:680 - Idle tick.
2025-08-19 14:31:35.424 | INFO     | __main__:job:146 - MT5 cycle: features=6 inserted=6 skipped=0
2025-08-19 14:31:35.470 | DEBUG    | __main__:main:680 - Idle tick.
2025-08-19 14:31:36.503 | DEBUG    | __main__:main:680 - Idle tick.
2025-08-19 14:31:37.540 | DEBUG    | __main__:main:680 - Idle tick.
2025-08-19 14:31:38.578 | DEBUG    | __main__:main:680 - Idle tick.
2025-08-19 14:31:39.597 | DEBUG    | __main__:main:680 - Idle tick.
2025-08-19 14:31:40.493 | INFO     | __main__:job:146 - MT5 cycle: features=6 inserted=6 skipped=0
2025-08-19 14:31:40.627 | DEBUG    | __main__:main:680 - Idle tick.
2025-08-19 14:31:41.667 | DEBUG    | __main__:main:680 - Idle tick.
2025-08-19 14:31:42.702 | DEBUG    | __main__:main:680 - Idle tick.
2025-08-19 14:31:43.725 | DEBUG    | __main__:main:680 - Idle tick.
2025-08-19 14:31:44.745 | DEBUG    | __main__:main:680 - Idle tick.
2025-08-19 14:31:45.557 | INFO     | __main__:job:146 - MT5 cycle: features=6 inserted=6 skipped=0
2025-08-19 14:31:45.777 | DEBUG    | __main__:main:680 - Idle tick.
2025-08-19 14:31:46.815 | DEBUG    | __main__:main:680 - Idle tick.
2025-08-19 14:31:47.837 | DEBUG    | __main__:main:680 - Idle tick.
2025-08-19 14:31:48.854 | DEBUG    | __main__:main:680 - Idle tick.
2025-08-19 14:31:49.887 | DEBUG    | __main__:main:680 - Idle tick.
2025-08-19 14:31:50.606 | INFO     | __main__:job:146 - MT5 cycle: features=6 inserted=6 skipped=0
2025-08-19 14:31:50.928 | DEBUG    | __main__:main:680 - Idle tick.
2025-08-19 14:31:51.963 | DEBUG    | __main__:main:680 - Idle tick.
2025-08-19 14:31:52.985 | DEBUG    | __main__:main:680 - Idle tick.
2025-08-19 14:31:54.017 | DEBUG    | __main__:main:680 - Idle tick.
2025-08-19 14:31:55.035 | DEBUG    | __main__:main:680 - Idle tick.
2025-08-19 14:31:55.658 | INFO     | __main__:job:146 - MT5 cycle: features=6 inserted=6 skipped=0
2025-08-19 14:31:56.055 | DEBUG    | __main__:main:680 - Idle tick.
2025-08-19 14:31:57.091 | DEBUG    | __main__:main:680 - Idle tick.
2025-08-19 14:31:58.129 | DEBUG    | __main__:main:680 - Idle tick.
2025-08-19 14:31:59.148 | DEBUG    | __main__:main:680 - Idle tick.
2025-08-19 14:32:00.186 | DEBUG    | __main__:main:680 - Idle tick.
2025-08-19 14:32:00.697 | INFO     | __main__:job:146 - MT5 cycle: features=6 inserted=6 skipped=0
2025-08-19 14:32:01.201 | DEBUG    | __main__:main:680 - Idle tick.
2025-08-19 14:32:02.238 | DEBUG    | __main__:main:680 - Idle tick.
2025-08-19 14:32:03.269 | DEBUG    | __main__:main:680 - Idle tick.
2025-08-19 14:32:04.296 | DEBUG    | __main__:main:680 - Idle tick.
2025-08-19 14:32:04.755 | DEBUG    | __main__:main:154 - OK (sin alertas).
2025-08-19 14:32:05.316 | DEBUG    | __main__:main:680 - Idle tick.
2025-08-19 14:32:05.756 | INFO     | __main__:job:146 - MT5 cycle: features=6 inserted=6 skipped=0
2025-08-19 14:32:06.357 | DEBUG    | __main__:main:680 - Idle tick.
2025-08-19 14:32:07.372 | DEBUG    | __main__:main:680 - Idle tick.
2025-08-19 14:32:08.390 | DEBUG    | __main__:main:680 - Idle tick.
2025-08-19 14:32:09.407 | DEBUG    | __main__:main:680 - Idle tick.
2025-08-19 14:32:10.426 | DEBUG    | __main__:main:680 - Idle tick.
2025-08-19 14:32:10.816 | INFO     | __main__:job:146 - MT5 cycle: features=6 inserted=6 skipped=0
2025-08-19 14:32:11.464 | DEBUG    | __main__:main:680 - Idle tick.
2025-08-19 14:32:12.486 | DEBUG    | __main__:main:680 - Idle tick.
2025-08-19 14:32:13.511 | DEBUG    | __main__:main:680 - Idle tick.
2025-08-19 14:32:14.545 | DEBUG    | __main__:main:680 - Idle tick.
2025-08-19 14:32:15.583 | DEBUG    | __main__:main:680 - Idle tick.
2025-08-19 14:32:15.886 | INFO     | __main__:job:146 - MT5 cycle: features=6 inserted=6 skipped=0
2025-08-19 14:32:16.619 | DEBUG    | __main__:main:680 - Idle tick.
2025-08-19 14:32:17.658 | DEBUG    | __main__:main:680 - Idle tick.
2025-08-19 14:32:18.643 | INFO     | __main__:main:433 - VIX 15.8100004196167
2025-08-19 14:32:18.692 | DEBUG    | __main__:main:680 - Idle tick.
2025-08-19 14:32:19.023 | INFO     | __main__:main:451 - DXY 98.27200317382812 (DX-Y.NYB)
2025-08-19 14:32:19.715 | DEBUG    | __main__:main:680 - Idle tick.
2025-08-19 14:32:20.748 | DEBUG    | __main__:main:680 - Idle tick.
2025-08-19 14:32:20.971 | INFO     | __main__:job:146 - MT5 cycle: features=6 inserted=6 skipped=0
2025-08-19 14:32:21.777 | DEBUG    | __main__:main:680 - Idle tick.
2025-08-19 14:32:22.813 | DEBUG    | __main__:main:680 - Idle tick.
2025-08-19 14:32:23.847 | DEBUG    | __main__:main:680 - Idle tick.
2025-08-19 14:32:24.864 | DEBUG    | __main__:main:680 - Idle tick.
2025-08-19 14:32:25.897 | DEBUG    | __main__:main:680 - Idle tick.
2025-08-19 14:32:26.062 | INFO     | __main__:job:146 - MT5 cycle: features=6 inserted=6 skipped=0
2025-08-19 14:32:26.922 | DEBUG    | __main__:main:680 - Idle tick.
2025-08-19 14:32:27.946 | DEBUG    | __main__:main:680 - Idle tick.
2025-08-19 14:32:28.984 | DEBUG    | __main__:main:680 - Idle tick.
2025-08-19 14:32:30.024 | DEBUG    | __main__:main:680 - Idle tick.
2025-08-19 14:32:31.051 | DEBUG    | __main__:main:680 - Idle tick.
2025-08-19 14:32:31.102 | INFO     | __main__:job:146 - MT5 cycle: features=6 inserted=6 skipped=0
2025-08-19 14:32:32.089 | DEBUG    | __main__:main:680 - Idle tick.
2025-08-19 14:32:33.110 | DEBUG    | __main__:main:680 - Idle tick.
2025-08-19 14:32:34.129 | DEBUG    | __main__:main:680 - Idle tick.
2025-08-19 14:32:35.164 | DEBUG    | __main__:main:680 - Idle tick.
2025-08-19 14:32:36.167 | INFO     | __main__:job:146 - MT5 cycle: features=6 inserted=6 skipped=0
2025-08-19 14:32:36.190 | DEBUG    | __main__:main:680 - Idle tick.
2025-08-19 14:32:37.229 | DEBUG    | __main__:main:680 - Idle tick.
2025-08-19 14:32:38.248 | DEBUG    | __main__:main:680 - Idle tick.
2025-08-19 14:32:39.275 | DEBUG    | __main__:main:680 - Idle tick.
2025-08-19 14:32:40.308 | DEBUG    | __main__:main:680 - Idle tick.
2025-08-19 14:32:41.249 | INFO     | __main__:job:146 - MT5 cycle: features=6 inserted=6 skipped=0
2025-08-19 14:32:41.326 | DEBUG    | __main__:main:680 - Idle tick.
2025-08-19 14:32:42.355 | DEBUG    | __main__:main:680 - Idle tick.
2025-08-19 14:32:43.390 | DEBUG    | __main__:main:680 - Idle tick.
2025-08-19 14:32:44.418 | DEBUG    | __main__:main:680 - Idle tick.
2025-08-19 14:32:45.457 | DEBUG    | __main__:main:680 - Idle tick.
2025-08-19 14:32:46.309 | INFO     | __main__:job:146 - MT5 cycle: features=6 inserted=6 skipped=0
2025-08-19 14:32:46.488 | DEBUG    | __main__:main:680 - Idle tick.
2025-08-19 14:32:47.521 | DEBUG    | __main__:main:680 - Idle tick.
2025-08-19 14:32:48.549 | DEBUG    | __main__:main:680 - Idle tick.
2025-08-19 14:32:49.569 | DEBUG    | __main__:main:680 - Idle tick.
2025-08-19 14:32:50.597 | DEBUG    | __main__:main:680 - Idle tick.
2025-08-19 14:32:51.358 | INFO     | __main__:job:146 - MT5 cycle: features=6 inserted=6 skipped=0
2025-08-19 14:32:51.633 | DEBUG    | __main__:main:680 - Idle tick.
2025-08-19 14:32:52.656 | DEBUG    | __main__:main:680 - Idle tick.
2025-08-19 14:32:53.693 | DEBUG    | __main__:main:680 - Idle tick.
2025-08-19 14:32:54.725 | DEBUG    | __main__:main:680 - Idle tick.
2025-08-19 14:32:55.763 | DEBUG    | __main__:main:680 - Idle tick.
2025-08-19 14:32:56.423 | INFO     | __main__:job:146 - MT5 cycle: features=6 inserted=6 skipped=0
2025-08-19 14:32:56.806 | DEBUG    | __main__:main:680 - Idle tick.
2025-08-19 14:32:57.848 | DEBUG    | __main__:main:680 - Idle tick.
2025-08-19 14:32:58.885 | DEBUG    | __main__:main:680 - Idle tick.
2025-08-19 14:32:59.910 | DEBUG    | __main__:main:680 - Idle tick.
2025-08-19 14:33:00.938 | DEBUG    | __main__:main:680 - Idle tick.
2025-08-19 14:33:01.494 | INFO     | __main__:job:146 - MT5 cycle: features=6 inserted=6 skipped=0
2025-08-19 14:33:01.972 | DEBUG    | __main__:main:680 - Idle tick.
2025-08-19 14:33:03.008 | DEBUG    | __main__:main:680 - Idle tick.
2025-08-19 14:33:04.027 | DEBUG    | __main__:main:680 - Idle tick.
2025-08-19 14:33:04.821 | DEBUG    | __main__:main:154 - OK (sin alertas).
2025-08-19 14:33:05.059 | DEBUG    | __main__:main:680 - Idle tick.
2025-08-19 14:33:06.077 | DEBUG    | __main__:main:680 - Idle tick.
2025-08-19 14:33:06.563 | INFO     | __main__:job:146 - MT5 cycle: features=6 inserted=6 skipped=0
2025-08-19 14:33:07.117 | DEBUG    | __main__:main:680 - Idle tick.
2025-08-19 14:33:08.157 | DEBUG    | __main__:main:680 - Idle tick.
2025-08-19 14:33:09.187 | DEBUG    | __main__:main:680 - Idle tick.
2025-08-19 14:33:10.213 | DEBUG    | __main__:main:680 - Idle tick.
2025-08-19 14:33:11.244 | DEBUG    | __main__:main:680 - Idle tick.
2025-08-19 14:33:11.609 | INFO     | __main__:job:146 - MT5 cycle: features=6 inserted=6 skipped=0
2025-08-19 14:33:12.284 | DEBUG    | __main__:main:680 - Idle tick.
2025-08-19 14:33:13.326 | DEBUG    | __main__:main:680 - Idle tick.
2025-08-19 14:33:14.365 | DEBUG    | __main__:main:680 - Idle tick.
2025-08-19 14:33:15.405 | DEBUG    | __main__:main:680 - Idle tick.
2025-08-19 14:33:16.444 | DEBUG    | __main__:main:680 - Idle tick.
2025-08-19 14:33:16.690 | INFO     | __main__:job:146 - MT5 cycle: features=6 inserted=6 skipped=0
2025-08-19 14:33:17.470 | DEBUG    | __main__:main:680 - Idle tick.
2025-08-19 14:33:18.503 | DEBUG    | __main__:main:680 - Idle tick.
2025-08-19 14:33:19.333 | INFO     | __main__:main:433 - VIX 15.8100004196167
2025-08-19 14:33:19.543 | DEBUG    | __main__:main:680 - Idle tick.
2025-08-19 14:33:19.914 | INFO     | __main__:main:451 - DXY 98.27799987792969 (DX-Y.NYB)
2025-08-19 14:33:20.579 | DEBUG    | __main__:main:680 - Idle tick.
2025-08-19 14:33:21.606 | DEBUG    | __main__:main:680 - Idle tick.
2025-08-19 14:33:21.740 | INFO     | __main__:job:146 - MT5 cycle: features=6 inserted=6 skipped=0
2025-08-19 14:33:22.640 | DEBUG    | __main__:main:680 - Idle tick.
2025-08-19 14:33:23.680 | DEBUG    | __main__:main:680 - Idle tick.
2025-08-19 14:33:24.714 | DEBUG    | __main__:main:680 - Idle tick.
2025-08-19 14:33:25.753 | DEBUG    | __main__:main:680 - Idle tick.
2025-08-19 14:33:26.784 | DEBUG    | __main__:main:680 - Idle tick.
2025-08-19 14:33:26.800 | INFO     | __main__:job:146 - MT5 cycle: features=6 inserted=6 skipped=0
2025-08-19 14:33:27.823 | DEBUG    | __main__:main:680 - Idle tick.
2025-08-19 14:33:28.864 | DEBUG    | __main__:main:680 - Idle tick.
2025-08-19 14:33:29.886 | DEBUG    | __main__:main:680 - Idle tick.
2025-08-19 14:33:30.907 | DEBUG    | __main__:main:680 - Idle tick.
2025-08-19 14:33:31.971 | DEBUG    | __main__:main:680 - Idle tick.
2025-08-19 14:33:31.994 | INFO     | __main__:job:146 - MT5 cycle: features=6 inserted=6 skipped=0
2025-08-19 14:33:33.005 | DEBUG    | __main__:main:680 - Idle tick.
2025-08-19 14:33:34.027 | DEBUG    | __main__:main:680 - Idle tick.
2025-08-19 14:33:35.060 | DEBUG    | __main__:main:680 - Idle tick.
2025-08-19 14:33:36.100 | DEBUG    | __main__:main:680 - Idle tick.
2025-08-19 14:33:37.079 | INFO     | __main__:job:146 - MT5 cycle: features=6 inserted=6 skipped=0
2025-08-19 14:33:37.140 | DEBUG    | __main__:main:680 - Idle tick.
2025-08-19 14:33:38.166 | DEBUG    | __main__:main:680 - Idle tick.
2025-08-19 14:33:39.201 | DEBUG    | __main__:main:680 - Idle tick.
2025-08-19 14:33:40.237 | DEBUG    | __main__:main:680 - Idle tick.
2025-08-19 14:33:41.281 | DEBUG    | __main__:main:680 - Idle tick.
2025-08-19 14:33:42.158 | INFO     | __main__:job:146 - MT5 cycle: features=6 inserted=6 skipped=0
2025-08-19 14:33:42.324 | DEBUG    | __main__:main:680 - Idle tick.
2025-08-19 14:33:43.340 | DEBUG    | __main__:main:680 - Idle tick.
2025-08-19 14:33:44.359 | DEBUG    | __main__:main:680 - Idle tick.
2025-08-19 14:33:45.393 | DEBUG    | __main__:main:680 - Idle tick.
2025-08-19 14:33:46.417 | DEBUG    | __main__:main:680 - Idle tick.
2025-08-19 14:33:47.222 | INFO     | __main__:job:146 - MT5 cycle: features=6 inserted=6 skipped=0
2025-08-19 14:33:47.449 | DEBUG    | __main__:main:680 - Idle tick.
2025-08-19 14:33:48.484 | DEBUG    | __main__:main:680 - Idle tick.
2025-08-19 14:33:49.534 | DEBUG    | __main__:main:680 - Idle tick.
2025-08-19 14:33:50.562 | DEBUG    | __main__:main:680 - Idle tick.
2025-08-19 14:33:51.593 | DEBUG    | __main__:main:680 - Idle tick.
2025-08-19 14:33:52.291 | INFO     | __main__:job:146 - MT5 cycle: features=6 inserted=6 skipped=0
2025-08-19 14:33:52.616 | DEBUG    | __main__:main:680 - Idle tick.
2025-08-19 14:33:53.656 | DEBUG    | __main__:main:680 - Idle tick.
2025-08-19 14:33:54.696 | DEBUG    | __main__:main:680 - Idle tick.
2025-08-19 14:33:55.728 | DEBUG    | __main__:main:680 - Idle tick.
2025-08-19 14:33:56.769 | DEBUG    | __main__:get_latest_features:144 - Snapshot macro | rows=%d | ms=%d
2025-08-19 14:33:56.769 | INFO     | __main__:evaluate_tier:442 - Eval %s | can_open_new=%s rm=%.2f band=%s hb=%s scen=%d groups=%s missing=%d snap=%d | ms=%d
2025-08-19 14:33:56.789 | INFO     | __main__:insert_macro_state:188 - Insert macro_state | tier=%s rm=%.2f groups=%s prio=%d avoid=%d hb=%s | ms=%d
2025-08-19 14:33:56.791 | INFO     | __main__:fuse_states:547 - FUSE | allow=%s risk=%s -> can_open_new=%s rm=%.2f groups=%s prio=%d avoid=%d
2025-08-19 14:33:56.798 | INFO     | __main__:insert_macro_state:188 - Insert macro_state | tier=%s rm=%.2f groups=%s prio=%d avoid=%d hb=%s | ms=%d
2025-08-19 14:33:56.799 | DEBUG    | __main__:main:667 - SLOW(+FUSED) ok | ms=%d
2025-08-19 14:33:56.799 | DEBUG    | __main__:main:684 - Loop ms=%d
2025-08-19 14:33:56.823 | DEBUG    | __main__:main:680 - Idle tick.
2025-08-19 14:33:57.348 | INFO     | __main__:job:146 - MT5 cycle: features=6 inserted=6 skipped=0
2025-08-19 14:33:57.846 | DEBUG    | __main__:main:680 - Idle tick.
2025-08-19 14:33:58.880 | DEBUG    | __main__:main:680 - Idle tick.
2025-08-19 14:33:59.916 | DEBUG    | __main__:main:680 - Idle tick.
2025-08-19 14:34:00.943 | DEBUG    | __main__:main:680 - Idle tick.
2025-08-19 14:34:01.985 | DEBUG    | __main__:get_latest_features:144 - Snapshot macro | rows=%d | ms=%d
2025-08-19 14:34:01.985 | INFO     | __main__:evaluate_tier:442 - Eval %s | can_open_new=%s rm=%.2f band=%s hb=%s scen=%d groups=%s missing=%d snap=%d | ms=%d
2025-08-19 14:34:01.988 | INFO     | __main__:insert_macro_state:188 - Insert macro_state | tier=%s rm=%.2f groups=%s prio=%d avoid=%d hb=%s | ms=%d
2025-08-19 14:34:01.989 | DEBUG    | __main__:main:628 - FAST ok | ms=%d
2025-08-19 14:34:01.989 | DEBUG    | __main__:main:684 - Loop ms=%d
2025-08-19 14:34:02.023 | DEBUG    | __main__:main:680 - Idle tick.
2025-08-19 14:34:02.408 | INFO     | __main__:job:146 - MT5 cycle: features=6 inserted=6 skipped=0
2025-08-19 14:34:03.050 | DEBUG    | __main__:main:680 - Idle tick.
2025-08-19 14:34:04.078 | DEBUG    | __main__:main:680 - Idle tick.
2025-08-19 14:34:04.880 | DEBUG    | __main__:main:154 - OK (sin alertas).
2025-08-19 14:34:05.111 | DEBUG    | __main__:main:680 - Idle tick.
2025-08-19 14:34:06.146 | DEBUG    | __main__:main:680 - Idle tick.
2025-08-19 14:34:07.182 | DEBUG    | __main__:main:680 - Idle tick.
2025-08-19 14:34:07.502 | INFO     | __main__:job:146 - MT5 cycle: features=6 inserted=6 skipped=0
2025-08-19 14:34:08.217 | DEBUG    | __main__:main:680 - Idle tick.
2025-08-19 14:34:09.252 | DEBUG    | __main__:main:680 - Idle tick.
2025-08-19 14:34:10.277 | DEBUG    | __main__:main:680 - Idle tick.
2025-08-19 14:34:11.308 | DEBUG    | __main__:main:680 - Idle tick.
2025-08-19 14:34:12.345 | DEBUG    | __main__:main:680 - Idle tick.
2025-08-19 14:34:12.555 | INFO     | __main__:job:146 - MT5 cycle: features=6 inserted=6 skipped=0
2025-08-19 14:34:13.368 | DEBUG    | __main__:main:680 - Idle tick.
2025-08-19 14:34:14.393 | DEBUG    | __main__:main:680 - Idle tick.
2025-08-19 14:34:17.609 | INFO     | __main__:job:146 - MT5 cycle: features=6 inserted=6 skipped=0
2025-08-19 14:34:20.293 | INFO     | __main__:main:433 - VIX 15.789999961853027
2025-08-19 14:34:20.630 | INFO     | __main__:main:451 - DXY 98.27799987792969 (DX-Y.NYB)
2025-08-19 14:34:22.654 | INFO     | __main__:job:146 - MT5 cycle: features=6 inserted=6 skipped=0
2025-08-19 14:34:27.713 | INFO     | __main__:job:146 - MT5 cycle: features=6 inserted=6 skipped=0
2025-08-19 14:34:32.760 | INFO     | __main__:job:146 - MT5 cycle: features=6 inserted=6 skipped=0
2025-08-19 14:34:33.147 | INFO     | __main__:main:397 - SKEW 153.9499969482422
2025-08-19 14:34:33.550 | INFO     | __main__:_upsert_yahoo_price:244 - COPPER 4.427000045776367
2025-08-19 14:34:34.158 | INFO     | __main__:_upsert_yahoo_price:244 - GOLD_FUT 3360.60009765625
2025-08-19 14:34:34.481 | INFO     | __main__:_upsert_yahoo_price:244 - HYG 80.3949966430664
2025-08-19 14:34:35.450 | INFO     | __main__:_upsert_yahoo_price:244 - LQD 109.76000213623047
2025-08-19 14:34:36.216 | INFO     | __main__:main:573 - CRYPTO F&G 56.0 (Greed)
2025-08-19 14:34:36.223 | INFO     | __main__:main:748 - HYG_LQD_RATIO 0.7324616898538577
2025-08-19 14:34:36.228 | INFO     | __main__:main:780 - COPPER_GOLD_RATIO 0.001317324262670779
2025-08-19 14:34:37.810 | INFO     | __main__:job:146 - MT5 cycle: features=6 inserted=6 skipped=0
2025-08-19 14:34:42.868 | INFO     | __main__:job:146 - MT5 cycle: features=6 inserted=6 skipped=0
2025-08-19 14:34:45.609 | INFO     | __main__:main:803 - BREADTH 200d 76.0% (38/50)
2025-08-19 14:34:47.917 | INFO     | __main__:job:146 - MT5 cycle: features=6 inserted=6 skipped=0
2025-08-19 14:34:52.957 | INFO     | __main__:job:146 - MT5 cycle: features=6 inserted=6 skipped=0
2025-08-19 14:34:53.264 | INFO     | __main__:main:826 - BREADTH 50d 74.0% (37/50)
2025-08-19 14:34:58.012 | INFO     | __main__:job:146 - MT5 cycle: features=6 inserted=6 skipped=0
2025-08-19 14:35:03.052 | INFO     | __main__:job:146 - MT5 cycle: features=6 inserted=6 skipped=0
2025-08-19 14:35:04.435 | INFO     | __main__:main:850 - ADV-DEC 6.0 (A:28 D:22 U:0)
2025-08-19 14:35:04.920 | DEBUG    | __main__:main:154 - OK (sin alertas).
2025-08-19 14:35:06.996 | INFO     | __main__:main:894 - FNG_STOCKS 52.0 via https://edition.cnn.com/markets/fear-and-greed
2025-08-19 14:35:08.090 | INFO     | __main__:job:146 - MT5 cycle: features=6 inserted=6 skipped=0
2025-08-19 14:35:09.470 | INFO     | __main__:main:337 - MOVE 81.82330322265625
2025-08-19 14:35:09.793 | INFO     | __main__:main:352 - GVZ 14.869999885559082
2025-08-19 14:35:10.084 | INFO     | __main__:main:367 - OVX 34.029998779296875
2025-08-19 14:35:10.374 | INFO     | __main__:main:382 - VXN 19.3799991607666
2025-08-19 14:35:11.012 | INFO     | __main__:_upsert_simple_fred:227 - UST2Y 3.75 (FRED:DGS2)
2025-08-19 14:35:11.316 | INFO     | __main__:_upsert_simple_fred:227 - UST30Y 4.92 (FRED:DGS30)
2025-08-19 14:35:11.621 | INFO     | __main__:main:505 - UST10Y 4.33% (stored=0.0433) FRED
2025-08-19 14:35:13.130 | INFO     | __main__:job:146 - MT5 cycle: features=6 inserted=6 skipped=0
2025-08-19 14:35:14.901 | INFO     | __main__:main:678 - CALENDAR_BLOCK 0 | next=None
2025-08-19 14:35:14.905 | INFO     | __main__:main:716 - SPREAD_2S10S -3.7067
2025-08-19 14:35:15.130 | INFO     | __main__:main:873 - RELVOL_SPY_20D 0.74 (vol 51220607 / avg20 69423015)
2025-08-19 14:35:15.324 | INFO     | __main__:main:873 - RELVOL_QQQ_20D 1.03 (vol 44958608 / avg20 43578535)
2025-08-19 14:35:15.513 | INFO     | __main__:main:873 - RELVOL_HYG_20D 0.56 (vol 17769501 / avg20 31790320)
2025-08-19 14:35:15.706 | INFO     | __main__:main:873 - RELVOL_LQD_20D 0.87 (vol 22304484 / avg20 25734374)
2025-08-19 14:35:18.201 | INFO     | __main__:job:146 - MT5 cycle: features=6 inserted=6 skipped=0
2025-08-19 14:35:21.994 | INFO     | __main__:main:433 - VIX 15.800000190734863
2025-08-19 14:35:22.309 | INFO     | __main__:main:451 - DXY 98.25800323486328 (DX-Y.NYB)
2025-08-19 14:35:23.254 | INFO     | __main__:job:146 - MT5 cycle: features=6 inserted=6 skipped=0
2025-08-19 14:35:28.310 | INFO     | __main__:job:146 - MT5 cycle: features=6 inserted=6 skipped=0
2025-08-19 14:35:33.358 | INFO     | __main__:job:146 - MT5 cycle: features=6 inserted=6 skipped=0
2025-08-19 14:35:38.424 | INFO     | __main__:job:146 - MT5 cycle: features=6 inserted=6 skipped=0
2025-08-19 14:35:43.489 | INFO     | __main__:job:146 - MT5 cycle: features=6 inserted=6 skipped=0
2025-08-19 14:35:48.555 | INFO     | __main__:job:146 - MT5 cycle: features=6 inserted=6 skipped=0
2025-08-19 14:35:53.621 | INFO     | __main__:job:146 - MT5 cycle: features=6 inserted=6 skipped=0
2025-08-19 14:35:58.677 | INFO     | __main__:job:146 - MT5 cycle: features=6 inserted=6 skipped=0
2025-08-19 14:36:03.740 | INFO     | __main__:job:146 - MT5 cycle: features=6 inserted=6 skipped=0
2025-08-19 14:36:04.956 | WARNING  | __main__:check_features:92 - ⚠️ feature_lag | %s age=%ss > thr=%ss | %s
2025-08-19 14:36:04.969 | WARNING  | __main__:check_features:92 - ⚠️ feature_lag | %s age=%ss > thr=%ss | %s
2025-08-19 14:36:04.973 | WARNING  | __main__:check_features:92 - ⚠️ feature_lag | %s age=%ss > thr=%ss | %s
2025-08-19 14:36:04.975 | WARNING  | __main__:check_features:92 - ⚠️ feature_lag | %s age=%ss > thr=%ss | %s
2025-08-19 14:36:04.978 | WARNING  | __main__:check_features:92 - ⚠️ feature_lag | %s age=%ss > thr=%ss | %s
2025-08-19 14:36:04.980 | WARNING  | __main__:check_features:92 - ⚠️ feature_lag | %s age=%ss > thr=%ss | %s
2025-08-19 14:36:04.983 | WARNING  | __main__:check_features:92 - ⚠️ feature_lag | %s age=%ss > thr=%ss | %s
2025-08-19 14:36:04.987 | WARNING  | __main__:check_features:92 - ⚠️ feature_lag | %s age=%ss > thr=%ss | %s
2025-08-19 14:36:04.991 | WARNING  | __main__:check_features:92 - ⚠️ feature_lag | %s age=%ss > thr=%ss | %s
2025-08-19 14:36:04.994 | WARNING  | __main__:check_features:92 - ⚠️ feature_lag | %s age=%ss > thr=%ss | %s
2025-08-19 14:36:04.997 | WARNING  | __main__:check_features:92 - ⚠️ feature_lag | %s age=%ss > thr=%ss | %s
2025-08-19 14:36:05.000 | WARNING  | __main__:check_features:92 - ⚠️ feature_lag | %s age=%ss > thr=%ss | %s
2025-08-19 14:36:05.004 | WARNING  | __main__:check_features:92 - ⚠️ feature_lag | %s age=%ss > thr=%ss | %s
2025-08-19 14:36:05.006 | WARNING  | __main__:check_features:92 - ⚠️ feature_lag | %s age=%ss > thr=%ss | %s
2025-08-19 14:36:05.009 | WARNING  | __main__:check_features:92 - ⚠️ feature_lag | %s age=%ss > thr=%ss | %s
2025-08-19 14:36:05.011 | WARNING  | __main__:check_features:92 - ⚠️ feature_lag | %s age=%ss > thr=%ss | %s
2025-08-19 14:36:05.014 | WARNING  | __main__:check_features:92 - ⚠️ feature_lag | %s age=%ss > thr=%ss | %s
2025-08-19 14:36:05.016 | WARNING  | __main__:check_features:92 - ⚠️ feature_lag | %s age=%ss > thr=%ss | %s
2025-08-19 14:36:05.019 | WARNING  | __main__:check_features:92 - ⚠️ feature_lag | %s age=%ss > thr=%ss | %s
2025-08-19 14:36:05.022 | WARNING  | __main__:check_features:92 - ⚠️ feature_lag | %s age=%ss > thr=%ss | %s
2025-08-19 14:36:05.024 | WARNING  | __main__:check_features:92 - ⚠️ feature_lag | %s age=%ss > thr=%ss | %s
2025-08-19 14:36:05.027 | WARNING  | __main__:check_features:92 - ⚠️ feature_lag | %s age=%ss > thr=%ss | %s
2025-08-19 14:36:05.029 | WARNING  | __main__:check_features:92 - ⚠️ feature_lag | %s age=%ss > thr=%ss | %s
2025-08-19 14:36:05.032 | WARNING  | __main__:check_features:92 - ⚠️ feature_lag | %s age=%ss > thr=%ss | %s
2025-08-19 14:36:05.035 | WARNING  | __main__:check_features:92 - ⚠️ feature_lag | %s age=%ss > thr=%ss | %s
2025-08-19 14:36:05.039 | WARNING  | __main__:check_features:92 - ⚠️ feature_lag | %s age=%ss > thr=%ss | %s
2025-08-19 14:36:05.041 | WARNING  | __main__:check_features:92 - ⚠️ feature_lag | %s age=%ss > thr=%ss | %s
2025-08-19 14:36:05.045 | WARNING  | __main__:check_features:92 - ⚠️ feature_lag | %s age=%ss > thr=%ss | %s
2025-08-19 14:36:05.049 | WARNING  | __main__:check_features:92 - ⚠️ feature_lag | %s age=%ss > thr=%ss | %s
2025-08-19 14:36:05.052 | WARNING  | __main__:check_features:92 - ⚠️ feature_lag | %s age=%ss > thr=%ss | %s
2025-08-19 14:36:05.056 | WARNING  | __main__:check_features:92 - ⚠️ feature_lag | %s age=%ss > thr=%ss | %s
2025-08-19 14:36:05.059 | WARNING  | __main__:check_features:92 - ⚠️ feature_lag | %s age=%ss > thr=%ss | %s
2025-08-19 14:36:05.062 | WARNING  | __main__:check_features:92 - ⚠️ feature_lag | %s age=%ss > thr=%ss | %s
2025-08-19 14:36:05.065 | WARNING  | __main__:check_features:92 - ⚠️ feature_lag | %s age=%ss > thr=%ss | %s
2025-08-19 14:36:05.068 | WARNING  | __main__:check_features:92 - ⚠️ feature_lag | %s age=%ss > thr=%ss | %s
2025-08-19 14:36:05.072 | WARNING  | __main__:check_features:92 - ⚠️ feature_lag | %s age=%ss > thr=%ss | %s
2025-08-19 14:36:05.076 | WARNING  | __main__:check_features:92 - ⚠️ feature_lag | %s age=%ss > thr=%ss | %s
2025-08-19 14:36:05.080 | WARNING  | __main__:check_features:92 - ⚠️ feature_lag | %s age=%ss > thr=%ss | %s
2025-08-19 14:36:05.100 | WARNING  | __main__:check_features:92 - ⚠️ feature_lag | %s age=%ss > thr=%ss | %s
2025-08-19 14:36:05.106 | WARNING  | __main__:check_features:92 - ⚠️ feature_lag | %s age=%ss > thr=%ss | %s
2025-08-19 14:36:05.110 | WARNING  | __main__:check_features:92 - ⚠️ feature_lag | %s age=%ss > thr=%ss | %s
2025-08-19 14:36:05.114 | WARNING  | __main__:check_features:92 - ⚠️ feature_lag | %s age=%ss > thr=%ss | %s
2025-08-19 14:36:05.118 | WARNING  | __main__:check_evaluator:122 - ⚠️ evaluator_idle | %s age=%ss > thr=%ss | %s
2025-08-19 14:36:05.122 | WARNING  | __main__:check_evaluator:122 - ⚠️ evaluator_idle | %s age=%ss > thr=%ss | %s
2025-08-19 14:36:05.125 | WARNING  | __main__:check_evaluator:122 - ⚠️ evaluator_idle | %s age=%ss > thr=%ss | %s
2025-08-19 14:36:08.794 | INFO     | __main__:job:146 - MT5 cycle: features=6 inserted=6 skipped=0
2025-08-19 14:36:13.865 | INFO     | __main__:job:146 - MT5 cycle: features=6 inserted=6 skipped=0
2025-08-19 14:36:18.926 | INFO     | __main__:job:146 - MT5 cycle: features=6 inserted=6 skipped=0
2025-08-19 14:36:22.626 | INFO     | __main__:main:433 - VIX 15.770000457763672
2025-08-19 14:36:22.950 | INFO     | __main__:main:451 - DXY 98.26200103759766 (DX-Y.NYB)
2025-08-19 14:36:23.965 | INFO     | __main__:job:146 - MT5 cycle: features=6 inserted=6 skipped=0
2025-08-19 14:36:29.023 | INFO     | __main__:job:146 - MT5 cycle: features=6 inserted=6 skipped=0
2025-08-19 14:36:34.072 | INFO     | __main__:job:146 - MT5 cycle: features=6 inserted=6 skipped=0
2025-08-19 14:36:39.144 | INFO     | __main__:job:146 - MT5 cycle: features=6 inserted=6 skipped=0
2025-08-19 14:36:44.195 | INFO     | __main__:job:146 - MT5 cycle: features=6 inserted=6 skipped=0
2025-08-19 14:36:49.244 | INFO     | __main__:job:146 - MT5 cycle: features=6 inserted=6 skipped=0
2025-08-19 14:36:54.307 | INFO     | __main__:job:146 - MT5 cycle: features=6 inserted=6 skipped=0
2025-08-19 14:36:59.365 | INFO     | __main__:job:146 - MT5 cycle: features=6 inserted=6 skipped=0
2025-08-19 14:37:04.423 | INFO     | __main__:job:146 - MT5 cycle: features=6 inserted=6 skipped=0
2025-08-19 14:37:05.166 | DEBUG    | __main__:main:154 - OK (sin alertas).
2025-08-19 14:37:09.486 | INFO     | __main__:job:146 - MT5 cycle: features=6 inserted=6 skipped=0
2025-08-19 14:37:14.545 | INFO     | __main__:job:146 - MT5 cycle: features=6 inserted=6 skipped=0
2025-08-19 14:37:19.594 | INFO     | __main__:job:146 - MT5 cycle: features=6 inserted=6 skipped=0
2025-08-19 14:37:23.960 | INFO     | __main__:main:433 - VIX 15.760000228881836
2025-08-19 14:37:24.288 | INFO     | __main__:main:451 - DXY 98.26000213623047 (DX-Y.NYB)
2025-08-19 14:37:24.640 | INFO     | __main__:job:146 - MT5 cycle: features=6 inserted=6 skipped=0
2025-08-19 14:37:29.688 | INFO     | __main__:job:146 - MT5 cycle: features=6 inserted=6 skipped=0
2025-08-19 14:37:34.743 | INFO     | __main__:job:146 - MT5 cycle: features=6 inserted=6 skipped=0
2025-08-19 14:37:39.799 | INFO     | __main__:job:146 - MT5 cycle: features=6 inserted=6 skipped=0
2025-08-19 14:37:44.863 | INFO     | __main__:job:146 - MT5 cycle: features=6 inserted=6 skipped=0
2025-08-19 14:37:49.916 | INFO     | __main__:job:146 - MT5 cycle: features=6 inserted=6 skipped=0
2025-08-19 14:37:54.973 | INFO     | __main__:job:146 - MT5 cycle: features=6 inserted=6 skipped=0
2025-08-19 14:38:00.036 | INFO     | __main__:job:146 - MT5 cycle: features=6 inserted=6 skipped=0
2025-08-19 14:38:05.096 | INFO     | __main__:job:146 - MT5 cycle: features=6 inserted=6 skipped=0
2025-08-19 14:38:05.216 | DEBUG    | __main__:main:154 - OK (sin alertas).
2025-08-19 14:38:10.157 | INFO     | __main__:job:146 - MT5 cycle: features=6 inserted=6 skipped=0
2025-08-19 14:38:15.201 | INFO     | __main__:job:146 - MT5 cycle: features=6 inserted=6 skipped=0
2025-08-19 14:38:20.243 | INFO     | __main__:job:146 - MT5 cycle: features=6 inserted=6 skipped=0
2025-08-19 14:38:24.625 | INFO     | __main__:main:433 - VIX 15.760000228881836
2025-08-19 14:38:24.972 | INFO     | __main__:main:451 - DXY 98.25499725341797 (DX-Y.NYB)
2025-08-19 14:38:25.290 | INFO     | __main__:job:146 - MT5 cycle: features=6 inserted=6 skipped=0
2025-08-19 14:38:30.349 | INFO     | __main__:job:146 - MT5 cycle: features=6 inserted=6 skipped=0
2025-08-19 14:38:35.398 | INFO     | __main__:job:146 - MT5 cycle: features=6 inserted=6 skipped=0
2025-08-19 14:38:40.476 | INFO     | __main__:job:146 - MT5 cycle: features=6 inserted=6 skipped=0
2025-08-19 14:38:45.556 | INFO     | __main__:job:146 - MT5 cycle: features=6 inserted=6 skipped=0
2025-08-19 14:38:50.626 | INFO     | __main__:job:146 - MT5 cycle: features=6 inserted=6 skipped=0
2025-08-19 14:38:55.707 | INFO     | __main__:job:146 - MT5 cycle: features=6 inserted=6 skipped=0
2025-08-19 14:39:00.780 | INFO     | __main__:job:146 - MT5 cycle: features=6 inserted=6 skipped=0
2025-08-19 14:39:05.270 | DEBUG    | __main__:main:154 - OK (sin alertas).
2025-08-19 14:39:05.821 | INFO     | __main__:job:146 - MT5 cycle: features=6 inserted=6 skipped=0
2025-08-19 14:39:10.859 | INFO     | __main__:job:146 - MT5 cycle: features=6 inserted=6 skipped=0
2025-08-19 14:39:15.994 | INFO     | __main__:job:146 - MT5 cycle: features=6 inserted=6 skipped=0
2025-08-19 14:39:21.052 | INFO     | __main__:job:146 - MT5 cycle: features=6 inserted=6 skipped=0
2025-08-19 14:39:25.347 | INFO     | __main__:main:433 - VIX 15.75
2025-08-19 14:39:25.691 | INFO     | __main__:main:451 - DXY 98.25399780273438 (DX-Y.NYB)
2025-08-19 14:39:26.137 | INFO     | __main__:job:146 - MT5 cycle: features=6 inserted=6 skipped=0
2025-08-19 14:39:31.196 | INFO     | __main__:job:146 - MT5 cycle: features=6 inserted=6 skipped=0
2025-08-19 14:39:36.240 | INFO     | __main__:job:146 - MT5 cycle: features=6 inserted=6 skipped=0
2025-08-19 14:39:41.292 | INFO     | __main__:job:146 - MT5 cycle: features=6 inserted=6 skipped=0
2025-08-19 14:39:46.363 | INFO     | __main__:job:146 - MT5 cycle: features=6 inserted=6 skipped=0
2025-08-19 14:39:51.417 | INFO     | __main__:job:146 - MT5 cycle: features=6 inserted=6 skipped=0
2025-08-19 14:39:56.485 | INFO     | __main__:job:146 - MT5 cycle: features=6 inserted=6 skipped=0
2025-08-19 14:40:01.551 | INFO     | __main__:job:146 - MT5 cycle: features=6 inserted=6 skipped=0
2025-08-19 14:40:05.324 | DEBUG    | __main__:main:154 - OK (sin alertas).
2025-08-19 14:40:06.608 | INFO     | __main__:job:146 - MT5 cycle: features=6 inserted=6 skipped=0
2025-08-19 14:40:10.069 | INFO     | __main__:main:337 - MOVE 81.82330322265625
2025-08-19 14:40:10.359 | INFO     | __main__:main:352 - GVZ 14.859999656677246
2025-08-19 14:40:10.660 | INFO     | __main__:main:367 - OVX 34.029998779296875
2025-08-19 14:40:10.993 | INFO     | __main__:main:382 - VXN 19.229999542236328
2025-08-19 14:40:11.450 | INFO     | __main__:_upsert_simple_fred:227 - UST2Y 3.75 (FRED:DGS2)
2025-08-19 14:40:11.661 | INFO     | __main__:job:146 - MT5 cycle: features=6 inserted=6 skipped=0
2025-08-19 14:40:11.779 | INFO     | __main__:_upsert_simple_fred:227 - UST30Y 4.92 (FRED:DGS30)
2025-08-19 14:40:12.299 | INFO     | __main__:main:505 - UST10Y 4.33% (stored=0.0433) FRED
2025-08-19 14:40:15.158 | INFO     | __main__:main:678 - CALENDAR_BLOCK 0 | next=None
2025-08-19 14:40:15.163 | INFO     | __main__:main:716 - SPREAD_2S10S -3.7067
2025-08-19 14:40:15.367 | INFO     | __main__:main:873 - RELVOL_SPY_20D 0.75 (vol 52088862 / avg20 69466428)
2025-08-19 14:40:15.554 | INFO     | __main__:main:873 - RELVOL_QQQ_20D 1.04 (vol 45255252 / avg20 43593368)
2025-08-19 14:40:15.718 | INFO     | __main__:main:873 - RELVOL_HYG_20D 0.57 (vol 18031461 / avg20 31803418)
2025-08-19 14:40:15.922 | INFO     | __main__:main:873 - RELVOL_LQD_20D 0.87 (vol 22339138 / avg20 25736107)
2025-08-19 14:40:16.707 | INFO     | __main__:job:146 - MT5 cycle: features=6 inserted=6 skipped=0
2025-08-19 14:40:21.762 | INFO     | __main__:job:146 - MT5 cycle: features=6 inserted=6 skipped=0
2025-08-19 14:40:26.258 | INFO     | __main__:main:433 - VIX 15.739999771118164
2025-08-19 14:40:26.578 | INFO     | __main__:main:451 - DXY 98.26300048828125 (DX-Y.NYB)
2025-08-19 14:40:26.820 | INFO     | __main__:job:146 - MT5 cycle: features=6 inserted=6 skipped=0
2025-08-19 14:40:31.873 | INFO     | __main__:job:146 - MT5 cycle: features=6 inserted=6 skipped=0
2025-08-19 14:40:36.923 | INFO     | __main__:job:146 - MT5 cycle: features=6 inserted=6 skipped=0
2025-08-19 14:40:41.988 | INFO     | __main__:job:146 - MT5 cycle: features=6 inserted=6 skipped=0
2025-08-19 14:40:47.038 | INFO     | __main__:job:146 - MT5 cycle: features=6 inserted=6 skipped=0
2025-08-19 14:40:52.120 | INFO     | __main__:job:146 - MT5 cycle: features=6 inserted=6 skipped=0
2025-08-19 14:40:57.184 | INFO     | __main__:job:146 - MT5 cycle: features=6 inserted=6 skipped=0
2025-08-19 14:41:02.233 | INFO     | __main__:job:146 - MT5 cycle: features=6 inserted=6 skipped=0
2025-08-19 14:41:05.367 | DEBUG    | __main__:main:154 - OK (sin alertas).
2025-08-19 14:41:07.297 | INFO     | __main__:job:146 - MT5 cycle: features=6 inserted=6 skipped=0
2025-08-19 14:41:12.347 | INFO     | __main__:job:146 - MT5 cycle: features=6 inserted=6 skipped=0
2025-08-19 14:41:17.423 | INFO     | __main__:job:146 - MT5 cycle: features=6 inserted=6 skipped=0
2025-08-19 14:41:22.477 | INFO     | __main__:job:146 - MT5 cycle: features=6 inserted=6 skipped=0
2025-08-19 14:41:26.914 | INFO     | __main__:main:433 - VIX 15.760000228881836
2025-08-19 14:41:27.209 | INFO     | __main__:main:451 - DXY 98.26100158691406 (DX-Y.NYB)
2025-08-19 14:41:27.538 | INFO     | __main__:job:146 - MT5 cycle: features=6 inserted=6 skipped=0
2025-08-19 14:41:32.590 | INFO     | __main__:job:146 - MT5 cycle: features=6 inserted=6 skipped=0
2025-08-19 14:41:37.640 | INFO     | __main__:job:146 - MT5 cycle: features=6 inserted=6 skipped=0
2025-08-19 14:41:42.707 | INFO     | __main__:job:146 - MT5 cycle: features=6 inserted=6 skipped=0
2025-08-19 14:41:47.778 | INFO     | __main__:job:146 - MT5 cycle: features=6 inserted=6 skipped=0
2025-08-19 14:41:52.828 | INFO     | __main__:job:146 - MT5 cycle: features=6 inserted=6 skipped=0
2025-08-19 14:41:57.900 | INFO     | __main__:job:146 - MT5 cycle: features=6 inserted=6 skipped=0
2025-08-19 14:42:02.940 | INFO     | __main__:job:146 - MT5 cycle: features=6 inserted=6 skipped=0
2025-08-19 14:42:05.412 | DEBUG    | __main__:main:154 - OK (sin alertas).
2025-08-19 14:42:08.018 | INFO     | __main__:job:146 - MT5 cycle: features=6 inserted=6 skipped=0
2025-08-19 14:42:13.094 | INFO     | __main__:job:146 - MT5 cycle: features=6 inserted=6 skipped=0
2025-08-19 14:42:18.181 | INFO     | __main__:job:146 - MT5 cycle: features=6 inserted=6 skipped=0
2025-08-19 14:42:23.240 | INFO     | __main__:job:146 - MT5 cycle: features=6 inserted=6 skipped=0
2025-08-19 14:42:27.552 | INFO     | __main__:main:433 - VIX 15.75
2025-08-19 14:42:27.952 | INFO     | __main__:main:451 - DXY 98.26000213623047 (DX-Y.NYB)
2025-08-19 14:42:28.321 | INFO     | __main__:job:146 - MT5 cycle: features=6 inserted=6 skipped=0
2025-08-19 14:42:33.390 | INFO     | __main__:job:146 - MT5 cycle: features=6 inserted=6 skipped=0
2025-08-19 14:42:38.445 | INFO     | __main__:job:146 - MT5 cycle: features=6 inserted=6 skipped=0
2025-08-19 14:42:43.492 | INFO     | __main__:job:146 - MT5 cycle: features=6 inserted=6 skipped=0
2025-08-19 14:42:48.547 | INFO     | __main__:job:146 - MT5 cycle: features=6 inserted=6 skipped=0
2025-08-19 14:42:53.600 | INFO     | __main__:job:146 - MT5 cycle: features=6 inserted=6 skipped=0
2025-08-19 14:42:58.667 | INFO     | __main__:job:146 - MT5 cycle: features=6 inserted=6 skipped=0
2025-08-19 14:43:03.731 | INFO     | __main__:job:146 - MT5 cycle: features=6 inserted=6 skipped=0
2025-08-19 14:43:05.455 | DEBUG    | __main__:main:154 - OK (sin alertas).
2025-08-19 14:43:08.787 | INFO     | __main__:job:146 - MT5 cycle: features=6 inserted=6 skipped=0
2025-08-19 14:43:13.843 | INFO     | __main__:job:146 - MT5 cycle: features=6 inserted=6 skipped=0
2025-08-19 14:43:18.896 | INFO     | __main__:job:146 - MT5 cycle: features=6 inserted=6 skipped=0
2025-08-19 14:43:23.960 | INFO     | __main__:job:146 - MT5 cycle: features=6 inserted=6 skipped=0
2025-08-19 14:43:28.640 | INFO     | __main__:main:433 - VIX 15.739999771118164
2025-08-19 14:43:28.930 | INFO     | __main__:main:451 - DXY 98.26100158691406 (DX-Y.NYB)
2025-08-19 14:43:29.003 | INFO     | __main__:job:146 - MT5 cycle: features=6 inserted=6 skipped=0
2025-08-19 14:43:34.070 | INFO     | __main__:job:146 - MT5 cycle: features=6 inserted=6 skipped=0
2025-08-19 14:43:39.130 | INFO     | __main__:job:146 - MT5 cycle: features=6 inserted=6 skipped=0
2025-08-19 14:43:44.192 | INFO     | __main__:job:146 - MT5 cycle: features=6 inserted=6 skipped=0
2025-08-19 14:43:49.241 | INFO     | __main__:job:146 - MT5 cycle: features=6 inserted=6 skipped=0
2025-08-19 14:43:54.313 | INFO     | __main__:job:146 - MT5 cycle: features=6 inserted=6 skipped=0
2025-08-19 14:43:59.390 | INFO     | __main__:job:146 - MT5 cycle: features=6 inserted=6 skipped=0
2025-08-19 14:44:04.440 | INFO     | __main__:job:146 - MT5 cycle: features=6 inserted=6 skipped=0
2025-08-19 14:44:05.501 | DEBUG    | __main__:main:154 - OK (sin alertas).
2025-08-19 14:44:09.489 | INFO     | __main__:job:146 - MT5 cycle: features=6 inserted=6 skipped=0
2025-08-19 14:44:14.560 | INFO     | __main__:job:146 - MT5 cycle: features=6 inserted=6 skipped=0
2025-08-19 14:44:19.634 | INFO     | __main__:job:146 - MT5 cycle: features=6 inserted=6 skipped=0
2025-08-19 14:44:24.678 | INFO     | __main__:job:146 - MT5 cycle: features=6 inserted=6 skipped=0
2025-08-19 14:44:29.279 | INFO     | __main__:main:433 - VIX 15.729999542236328
2025-08-19 14:44:29.616 | INFO     | __main__:main:451 - DXY 98.26000213623047 (DX-Y.NYB)
2025-08-19 14:44:29.722 | INFO     | __main__:job:146 - MT5 cycle: features=6 inserted=6 skipped=0
2025-08-19 14:44:34.806 | INFO     | __main__:job:146 - MT5 cycle: features=6 inserted=6 skipped=0
2025-08-19 14:44:39.889 | INFO     | __main__:job:146 - MT5 cycle: features=6 inserted=6 skipped=0
2025-08-19 14:44:44.967 | INFO     | __main__:job:146 - MT5 cycle: features=6 inserted=6 skipped=0
2025-08-19 14:44:50.037 | INFO     | __main__:job:146 - MT5 cycle: features=6 inserted=6 skipped=0
2025-08-19 14:44:55.107 | INFO     | __main__:job:146 - MT5 cycle: features=6 inserted=6 skipped=0
2025-08-19 14:45:00.238 | INFO     | __main__:job:146 - MT5 cycle: features=6 inserted=6 skipped=0
2025-08-19 14:45:05.362 | INFO     | __main__:job:146 - MT5 cycle: features=6 inserted=6 skipped=0
2025-08-19 14:45:05.533 | DEBUG    | __main__:main:154 - OK (sin alertas).
2025-08-19 14:45:10.461 | INFO     | __main__:job:146 - MT5 cycle: features=6 inserted=6 skipped=0
2025-08-19 14:45:11.928 | INFO     | __main__:main:337 - MOVE 81.82330322265625
2025-08-19 14:45:12.241 | INFO     | __main__:main:352 - GVZ 14.859999656677246
2025-08-19 14:45:12.563 | INFO     | __main__:main:367 - OVX 33.959999084472656
2025-08-19 14:45:12.878 | INFO     | __main__:main:382 - VXN 19.270000457763672
2025-08-19 14:45:13.351 | INFO     | __main__:_upsert_simple_fred:227 - UST2Y 3.75 (FRED:DGS2)
2025-08-19 14:45:13.669 | INFO     | __main__:_upsert_simple_fred:227 - UST30Y 4.92 (FRED:DGS30)
2025-08-19 14:45:14.293 | INFO     | __main__:main:505 - UST10Y 4.33% (stored=0.0433) FRED
2025-08-19 14:45:15.511 | INFO     | __main__:job:146 - MT5 cycle: features=6 inserted=6 skipped=0
2025-08-19 14:45:17.369 | INFO     | __main__:main:678 - CALENDAR_BLOCK 0 | next=None
2025-08-19 14:45:17.375 | INFO     | __main__:main:716 - SPREAD_2S10S -3.7067
2025-08-19 14:45:17.590 | INFO     | __main__:main:873 - RELVOL_SPY_20D 0.63 (vol 43804900 / avg20 69864300)
2025-08-19 14:45:17.770 | INFO     | __main__:main:873 - RELVOL_QQQ_20D 0.69 (vol 29831000 / avg20 43494135)
2025-08-19 14:45:17.955 | INFO     | __main__:main:873 - RELVOL_HYG_20D 0.58 (vol 18352366 / avg20 31819463)
2025-08-19 14:45:18.176 | INFO     | __main__:main:873 - RELVOL_LQD_20D 0.87 (vol 22435915 / avg20 25740946)
2025-08-19 14:45:20.558 | INFO     | __main__:job:146 - MT5 cycle: features=6 inserted=6 skipped=0
2025-08-19 14:45:25.631 | INFO     | __main__:job:146 - MT5 cycle: features=6 inserted=6 skipped=0
2025-08-19 14:45:30.608 | INFO     | __main__:main:433 - VIX 15.720000267028809
2025-08-19 14:45:30.715 | INFO     | __main__:job:146 - MT5 cycle: features=6 inserted=6 skipped=0
2025-08-19 14:45:30.915 | INFO     | __main__:main:451 - DXY 98.25900268554688 (DX-Y.NYB)
2025-08-19 14:45:35.771 | INFO     | __main__:job:146 - MT5 cycle: features=6 inserted=6 skipped=0
2025-08-19 14:45:40.863 | INFO     | __main__:job:146 - MT5 cycle: features=6 inserted=6 skipped=0
2025-08-19 14:45:45.926 | INFO     | __main__:job:146 - MT5 cycle: features=6 inserted=6 skipped=0
2025-08-19 14:45:50.997 | INFO     | __main__:job:146 - MT5 cycle: features=6 inserted=6 skipped=0
2025-08-19 14:45:56.082 | INFO     | __main__:job:146 - MT5 cycle: features=6 inserted=6 skipped=0
2025-08-19 14:46:01.155 | INFO     | __main__:job:146 - MT5 cycle: features=6 inserted=6 skipped=0
2025-08-19 14:46:05.584 | DEBUG    | __main__:main:154 - OK (sin alertas).
2025-08-19 14:46:06.240 | INFO     | __main__:job:146 - MT5 cycle: features=6 inserted=6 skipped=0
2025-08-19 14:46:11.328 | INFO     | __main__:job:146 - MT5 cycle: features=6 inserted=6 skipped=0
2025-08-19 14:46:16.401 | INFO     | __main__:job:146 - MT5 cycle: features=6 inserted=6 skipped=0
2025-08-19 14:46:21.464 | INFO     | __main__:job:146 - MT5 cycle: features=6 inserted=6 skipped=0
2025-08-19 14:46:26.531 | INFO     | __main__:job:146 - MT5 cycle: features=6 inserted=6 skipped=0
2025-08-19 14:46:31.246 | INFO     | __main__:main:433 - VIX 15.680000305175781
2025-08-19 14:46:31.586 | INFO     | __main__:main:451 - DXY 98.26100158691406 (DX-Y.NYB)
2025-08-19 14:46:31.595 | INFO     | __main__:job:146 - MT5 cycle: features=6 inserted=6 skipped=0
2025-08-19 14:46:36.649 | INFO     | __main__:job:146 - MT5 cycle: features=6 inserted=6 skipped=0
2025-08-19 14:46:41.700 | INFO     | __main__:job:146 - MT5 cycle: features=6 inserted=6 skipped=0
2025-08-19 14:46:46.754 | INFO     | __main__:job:146 - MT5 cycle: features=6 inserted=6 skipped=0
2025-08-19 14:46:51.799 | INFO     | __main__:job:146 - MT5 cycle: features=6 inserted=6 skipped=0
2025-08-19 14:46:56.858 | INFO     | __main__:job:146 - MT5 cycle: features=6 inserted=6 skipped=0
2025-08-19 14:47:01.924 | INFO     | __main__:job:146 - MT5 cycle: features=6 inserted=6 skipped=0
2025-08-19 14:47:05.628 | DEBUG    | __main__:main:154 - OK (sin alertas).
2025-08-19 14:47:07.004 | INFO     | __main__:job:146 - MT5 cycle: features=6 inserted=6 skipped=0
2025-08-19 14:47:12.084 | INFO     | __main__:job:146 - MT5 cycle: features=6 inserted=6 skipped=0
2025-08-19 14:47:17.133 | INFO     | __main__:job:146 - MT5 cycle: features=6 inserted=6 skipped=0
2025-08-19 14:47:22.187 | INFO     | __main__:job:146 - MT5 cycle: features=6 inserted=6 skipped=0
2025-08-19 14:47:27.230 | INFO     | __main__:job:146 - MT5 cycle: features=6 inserted=6 skipped=0
2025-08-19 14:47:31.953 | INFO     | __main__:main:433 - VIX 15.680000305175781
2025-08-19 14:47:32.251 | INFO     | __main__:main:451 - DXY 98.26499938964844 (DX-Y.NYB)
2025-08-19 14:47:32.275 | INFO     | __main__:job:146 - MT5 cycle: features=6 inserted=6 skipped=0
2025-08-19 14:47:37.325 | INFO     | __main__:job:146 - MT5 cycle: features=6 inserted=6 skipped=0
2025-08-19 14:47:42.375 | INFO     | __main__:job:146 - MT5 cycle: features=6 inserted=6 skipped=0
2025-08-19 14:47:47.420 | INFO     | __main__:job:146 - MT5 cycle: features=6 inserted=6 skipped=0
2025-08-19 14:47:52.480 | INFO     | __main__:job:146 - MT5 cycle: features=6 inserted=6 skipped=0
2025-08-19 14:47:57.532 | INFO     | __main__:job:146 - MT5 cycle: features=6 inserted=6 skipped=0
2025-08-19 14:48:02.586 | INFO     | __main__:job:146 - MT5 cycle: features=6 inserted=6 skipped=0
2025-08-19 14:48:05.667 | DEBUG    | __main__:main:154 - OK (sin alertas).
2025-08-19 14:48:07.635 | INFO     | __main__:job:146 - MT5 cycle: features=6 inserted=6 skipped=0
2025-08-19 14:48:12.698 | INFO     | __main__:job:146 - MT5 cycle: features=6 inserted=6 skipped=0
2025-08-19 14:48:17.742 | INFO     | __main__:job:146 - MT5 cycle: features=6 inserted=6 skipped=0
2025-08-19 14:48:22.794 | INFO     | __main__:job:146 - MT5 cycle: features=6 inserted=6 skipped=0
2025-08-19 14:48:27.873 | INFO     | __main__:job:146 - MT5 cycle: features=6 inserted=6 skipped=0
2025-08-19 14:48:32.573 | INFO     | __main__:main:433 - VIX 15.65999984741211
2025-08-19 14:48:32.885 | INFO     | __main__:main:451 - DXY 98.26799774169922 (DX-Y.NYB)
2025-08-19 14:48:32.925 | INFO     | __main__:job:146 - MT5 cycle: features=6 inserted=6 skipped=0
2025-08-19 14:48:37.989 | INFO     | __main__:job:146 - MT5 cycle: features=6 inserted=6 skipped=0
2025-08-19 14:48:43.058 | INFO     | __main__:job:146 - MT5 cycle: features=6 inserted=6 skipped=0
2025-08-19 14:48:48.123 | INFO     | __main__:job:146 - MT5 cycle: features=6 inserted=6 skipped=0
2025-08-19 14:48:53.169 | INFO     | __main__:job:146 - MT5 cycle: features=6 inserted=6 skipped=0
2025-08-19 14:48:58.235 | INFO     | __main__:job:146 - MT5 cycle: features=6 inserted=6 skipped=0
2025-08-19 14:49:03.285 | INFO     | __main__:job:146 - MT5 cycle: features=6 inserted=6 skipped=0
2025-08-19 14:49:05.716 | DEBUG    | __main__:main:154 - OK (sin alertas).
2025-08-19 14:49:08.386 | INFO     | __main__:job:146 - MT5 cycle: features=6 inserted=6 skipped=0
2025-08-19 14:49:13.440 | INFO     | __main__:job:146 - MT5 cycle: features=6 inserted=6 skipped=0
2025-08-19 14:49:18.517 | INFO     | __main__:job:146 - MT5 cycle: features=6 inserted=6 skipped=0
2025-08-19 14:49:23.608 | INFO     | __main__:job:146 - MT5 cycle: features=6 inserted=6 skipped=0
2025-08-19 14:49:28.668 | INFO     | __main__:job:146 - MT5 cycle: features=6 inserted=6 skipped=0
2025-08-19 14:49:33.452 | INFO     | __main__:main:397 - SKEW 153.9499969482422
2025-08-19 14:49:33.737 | INFO     | __main__:job:146 - MT5 cycle: features=6 inserted=6 skipped=0
2025-08-19 14:49:33.783 | INFO     | __main__:main:433 - VIX 15.680000305175781
2025-08-19 14:49:34.101 | INFO     | __main__:main:451 - DXY 98.26799774169922 (DX-Y.NYB)
2025-08-19 14:49:34.414 | INFO     | __main__:_upsert_yahoo_price:244 - COPPER 4.429999828338623
2025-08-19 14:49:34.771 | INFO     | __main__:_upsert_yahoo_price:244 - GOLD_FUT 3359.800048828125
2025-08-19 14:49:35.160 | INFO     | __main__:_upsert_yahoo_price:244 - HYG 80.3949966430664
2025-08-19 14:49:35.556 | INFO     | __main__:_upsert_yahoo_price:244 - LQD 109.73500061035156
2025-08-19 14:49:36.083 | INFO     | __main__:main:573 - CRYPTO F&G 56.0 (Greed)
2025-08-19 14:49:36.090 | INFO     | __main__:main:748 - HYG_LQD_RATIO 0.7326285706101555
2025-08-19 14:49:36.101 | INFO     | __main__:main:780 - COPPER_GOLD_RATIO 0.0013185307946774322
2025-08-19 14:49:38.874 | INFO     | __main__:job:146 - MT5 cycle: features=6 inserted=6 skipped=0
2025-08-19 14:49:39.069 | INFO     | __main__:main:850 - ADV-DEC 8.0 (A:29 D:21 U:0)
2025-08-19 14:49:42.702 | INFO     | __main__:main:894 - FNG_STOCKS 52.0 via https://edition.cnn.com/markets/fear-and-greed
2025-08-19 14:49:43.971 | INFO     | __main__:job:146 - MT5 cycle: features=6 inserted=6 skipped=0
2025-08-19 14:49:49.049 | INFO     | __main__:job:146 - MT5 cycle: features=6 inserted=6 skipped=0
2025-08-19 14:49:54.130 | INFO     | __main__:job:146 - MT5 cycle: features=6 inserted=6 skipped=0
2025-08-19 14:49:59.201 | INFO     | __main__:job:146 - MT5 cycle: features=6 inserted=6 skipped=0
2025-08-19 14:50:04.280 | INFO     | __main__:job:146 - MT5 cycle: features=6 inserted=6 skipped=0
2025-08-19 14:50:05.748 | DEBUG    | __main__:main:154 - OK (sin alertas).
2025-08-19 14:50:09.346 | INFO     | __main__:job:146 - MT5 cycle: features=6 inserted=6 skipped=0
2025-08-19 14:50:13.264 | INFO     | __main__:main:337 - MOVE 81.82330322265625
2025-08-19 14:50:13.582 | INFO     | __main__:main:352 - GVZ 14.859999656677246
2025-08-19 14:50:13.954 | INFO     | __main__:main:367 - OVX 33.97999954223633
2025-08-19 14:50:14.340 | INFO     | __main__:main:382 - VXN 19.229999542236328
2025-08-19 14:50:14.425 | INFO     | __main__:job:146 - MT5 cycle: features=6 inserted=6 skipped=0
2025-08-19 14:50:14.841 | INFO     | __main__:_upsert_simple_fred:227 - UST2Y 3.75 (FRED:DGS2)
2025-08-19 14:50:15.290 | INFO     | __main__:_upsert_simple_fred:227 - UST30Y 4.92 (FRED:DGS30)
2025-08-19 14:50:15.676 | INFO     | __main__:main:505 - UST10Y 4.33% (stored=0.0433) FRED
2025-08-19 14:50:18.841 | INFO     | __main__:main:678 - CALENDAR_BLOCK 0 | next=None
2025-08-19 14:50:18.845 | INFO     | __main__:main:716 - SPREAD_2S10S -3.7067
2025-08-19 14:50:19.067 | INFO     | __main__:main:873 - RELVOL_SPY_20D 0.78 (vol 54353406 / avg20 69579655)
2025-08-19 14:50:19.278 | INFO     | __main__:main:873 - RELVOL_QQQ_20D 1.06 (vol 46384455 / avg20 43649828)
2025-08-19 14:50:19.502 | INFO     | __main__:job:146 - MT5 cycle: features=6 inserted=6 skipped=0
2025-08-19 14:50:19.514 | INFO     | __main__:main:873 - RELVOL_HYG_20D 0.59 (vol 18658131 / avg20 31834752)
2025-08-19 14:50:19.764 | INFO     | __main__:main:873 - RELVOL_LQD_20D 0.88 (vol 22725056 / avg20 25755403)
2025-08-19 14:50:24.579 | INFO     | __main__:job:146 - MT5 cycle: features=6 inserted=6 skipped=0
2025-08-19 14:50:29.650 | INFO     | __main__:job:146 - MT5 cycle: features=6 inserted=6 skipped=0
2025-08-19 14:50:34.101 | INFO     | __main__:main:433 - VIX 15.680000305175781
2025-08-19 14:50:34.455 | INFO     | __main__:main:451 - DXY 98.26899719238281 (DX-Y.NYB)
2025-08-19 14:50:34.738 | INFO     | __main__:job:146 - MT5 cycle: features=6 inserted=6 skipped=0
2025-08-19 14:50:39.836 | INFO     | __main__:job:146 - MT5 cycle: features=6 inserted=6 skipped=0
2025-08-19 14:50:44.961 | INFO     | __main__:job:146 - MT5 cycle: features=6 inserted=6 skipped=0
2025-08-19 14:50:50.074 | INFO     | __main__:job:146 - MT5 cycle: features=6 inserted=6 skipped=0
2025-08-19 14:50:55.193 | INFO     | __main__:job:146 - MT5 cycle: features=6 inserted=6 skipped=0
2025-08-19 14:51:00.264 | INFO     | __main__:job:146 - MT5 cycle: features=6 inserted=6 skipped=0
2025-08-19 14:51:05.337 | INFO     | __main__:job:146 - MT5 cycle: features=6 inserted=6 skipped=0
2025-08-19 14:51:05.801 | DEBUG    | __main__:main:154 - OK (sin alertas).
2025-08-19 14:51:10.419 | INFO     | __main__:job:146 - MT5 cycle: features=6 inserted=6 skipped=0
2025-08-19 14:51:15.484 | INFO     | __main__:job:146 - MT5 cycle: features=6 inserted=6 skipped=0
2025-08-19 14:51:20.556 | INFO     | __main__:job:146 - MT5 cycle: features=6 inserted=6 skipped=0
2025-08-19 14:51:25.607 | INFO     | __main__:job:146 - MT5 cycle: features=6 inserted=6 skipped=0
2025-08-19 14:51:30.662 | INFO     | __main__:job:146 - MT5 cycle: features=6 inserted=6 skipped=0
2025-08-19 14:51:35.053 | INFO     | __main__:main:433 - VIX 15.6899995803833
2025-08-19 14:51:35.352 | INFO     | __main__:main:451 - DXY 98.27100372314453 (DX-Y.NYB)
2025-08-19 14:51:35.714 | INFO     | __main__:job:146 - MT5 cycle: features=6 inserted=6 skipped=0
2025-08-19 14:51:40.764 | INFO     | __main__:job:146 - MT5 cycle: features=6 inserted=6 skipped=0
2025-08-19 14:51:45.821 | INFO     | __main__:job:146 - MT5 cycle: features=6 inserted=6 skipped=0
2025-08-19 14:51:50.883 | INFO     | __main__:job:146 - MT5 cycle: features=6 inserted=6 skipped=0
2025-08-19 14:51:55.923 | INFO     | __main__:job:146 - MT5 cycle: features=6 inserted=6 skipped=0
2025-08-19 14:52:00.968 | INFO     | __main__:job:146 - MT5 cycle: features=6 inserted=6 skipped=0
2025-08-19 14:52:05.838 | DEBUG    | __main__:main:154 - OK (sin alertas).
2025-08-19 14:52:06.062 | INFO     | __main__:job:146 - MT5 cycle: features=6 inserted=6 skipped=0
2025-08-19 14:52:11.105 | INFO     | __main__:job:146 - MT5 cycle: features=6 inserted=6 skipped=0
2025-08-19 14:52:16.173 | INFO     | __main__:job:146 - MT5 cycle: features=6 inserted=6 skipped=0
2025-08-19 14:52:21.224 | INFO     | __main__:job:146 - MT5 cycle: features=6 inserted=6 skipped=0
2025-08-19 14:52:26.301 | INFO     | __main__:job:146 - MT5 cycle: features=6 inserted=6 skipped=0
2025-08-19 14:52:31.338 | INFO     | __main__:job:146 - MT5 cycle: features=6 inserted=6 skipped=0
2025-08-19 14:52:35.682 | INFO     | __main__:main:433 - VIX 15.6899995803833
2025-08-19 14:52:36.001 | INFO     | __main__:main:451 - DXY 98.26399993896484 (DX-Y.NYB)
2025-08-19 14:52:36.400 | INFO     | __main__:job:146 - MT5 cycle: features=6 inserted=6 skipped=0
2025-08-19 14:52:41.457 | INFO     | __main__:job:146 - MT5 cycle: features=6 inserted=6 skipped=0
2025-08-19 14:52:46.513 | INFO     | __main__:job:146 - MT5 cycle: features=6 inserted=6 skipped=0
2025-08-19 14:52:51.580 | INFO     | __main__:job:146 - MT5 cycle: features=6 inserted=6 skipped=0
2025-08-19 14:52:56.627 | INFO     | __main__:job:146 - MT5 cycle: features=6 inserted=6 skipped=0
2025-08-19 14:53:01.680 | INFO     | __main__:job:146 - MT5 cycle: features=6 inserted=6 skipped=0
2025-08-19 14:53:05.893 | DEBUG    | __main__:main:154 - OK (sin alertas).
2025-08-19 14:53:06.747 | INFO     | __main__:job:146 - MT5 cycle: features=6 inserted=6 skipped=0
2025-08-19 14:53:11.809 | INFO     | __main__:job:146 - MT5 cycle: features=6 inserted=6 skipped=0
2025-08-19 14:53:16.900 | INFO     | __main__:job:146 - MT5 cycle: features=6 inserted=6 skipped=0
2025-08-19 14:53:21.965 | INFO     | __main__:job:146 - MT5 cycle: features=6 inserted=6 skipped=0
2025-08-19 14:53:27.018 | INFO     | __main__:job:146 - MT5 cycle: features=6 inserted=6 skipped=0
2025-08-19 14:53:32.071 | INFO     | __main__:job:146 - MT5 cycle: features=6 inserted=6 skipped=0
2025-08-19 14:53:36.304 | INFO     | __main__:main:433 - VIX 15.699999809265137
2025-08-19 14:53:36.638 | INFO     | __main__:main:451 - DXY 98.26100158691406 (DX-Y.NYB)
2025-08-19 14:53:37.140 | INFO     | __main__:job:146 - MT5 cycle: features=6 inserted=6 skipped=0
2025-08-19 14:53:42.198 | INFO     | __main__:job:146 - MT5 cycle: features=6 inserted=6 skipped=0
2025-08-19 14:53:47.266 | INFO     | __main__:job:146 - MT5 cycle: features=6 inserted=6 skipped=0
2025-08-19 14:53:52.313 | INFO     | __main__:job:146 - MT5 cycle: features=6 inserted=6 skipped=0
2025-08-19 14:53:57.374 | INFO     | __main__:job:146 - MT5 cycle: features=6 inserted=6 skipped=0
2025-08-19 14:54:02.436 | INFO     | __main__:job:146 - MT5 cycle: features=6 inserted=6 skipped=0
2025-08-19 14:54:05.932 | DEBUG    | __main__:main:154 - OK (sin alertas).
2025-08-19 14:54:07.506 | INFO     | __main__:job:146 - MT5 cycle: features=6 inserted=6 skipped=0
2025-08-19 14:54:12.565 | INFO     | __main__:job:146 - MT5 cycle: features=6 inserted=6 skipped=0
2025-08-19 14:54:17.606 | INFO     | __main__:job:146 - MT5 cycle: features=6 inserted=6 skipped=0
2025-08-19 14:54:22.670 | INFO     | __main__:job:146 - MT5 cycle: features=6 inserted=6 skipped=0
2025-08-19 14:54:27.725 | INFO     | __main__:job:146 - MT5 cycle: features=6 inserted=6 skipped=0
2025-08-19 14:54:32.767 | INFO     | __main__:job:146 - MT5 cycle: features=6 inserted=6 skipped=0
2025-08-19 14:54:37.015 | INFO     | __main__:main:433 - VIX 15.680000305175781
2025-08-19 14:54:37.362 | INFO     | __main__:main:451 - DXY 98.26100158691406 (DX-Y.NYB)
2025-08-19 14:54:37.820 | INFO     | __main__:job:146 - MT5 cycle: features=6 inserted=6 skipped=0
2025-08-19 14:54:43.001 | INFO     | __main__:job:146 - MT5 cycle: features=6 inserted=6 skipped=0
2025-08-19 14:54:48.066 | INFO     | __main__:job:146 - MT5 cycle: features=6 inserted=6 skipped=0
2025-08-19 14:54:53.108 | INFO     | __main__:job:146 - MT5 cycle: features=6 inserted=6 skipped=0
2025-08-19 14:54:55.919 | INFO     | src.sources.mt5_source:connect:63 - [MT5] initialize path=OFF ok=True err=(1, 'Success')
2025-08-19 14:54:56.245 | INFO     | src.sources.mt5_source:connect:95 - [MT5] attach-only: terminal=TerminalInfo(community_account=False, community_connection=False, connected=True, dlls_allowed=True, trade_allowed=True, tradeapi_disabled=False, email_enabled=False, ftp_enabled=False, notifications_enabled=True, mqid=True, build=5200, maxbars=100000000, codepage=0, ping_last=165713, community_balance=0.0, retransmission=0.10303206450114798, company='FundedNext Ltd', name='FundedNext MT5 Terminal', language='English', path='C:\\Program Files\\FundedNext MT5 Terminal', data_path='C:\\Users\\telmo\\AppData\\Roaming\\MetaQuotes\\Terminal\\89FE26BBBAB28C077BBF5FA8C1B4DF1C', commondata_path='C:\\Users\\telmo\\AppData\\Roaming\\MetaQuotes\\Terminal\\Common') account=AccountInfo(login=13633823, trade_mode=2, leverage=30, limit_orders=200, margin_so_mode=0, trade_allowed=True, trade_expert=True, margin_mode=2, currency_digits=2, fifo_close=False, balance=14616.75, credit=0.0, profit=0.0, equity=14616.75, margin=0.0, margin_free=14616.75, margin_level=0.0, margin_so_call=100.0, margin_so_so=30.0, margin_initial=0.0, margin_maintenance=0.0, assets=0.0, liabilities=0.0, commission_blocked=0.0, name='FundedNext-STLR 1-Step- telmo fernandez', server='FundedNext-Server 2', currency='USD', company='FundedNext Ltd')
2025-08-19 14:54:56.267 | INFO     | __main__:main:159 - MT5 → Timescale poller iniciado. Intervalo=5s | DB=localhost:5432/trading
2025-08-19 14:54:56.332 | INFO     | __main__:job:146 - MT5 cycle: features=6 inserted=6 skipped=0
2025-08-19 14:55:01.400 | INFO     | __main__:job:146 - MT5 cycle: features=6 inserted=6 skipped=0
2025-08-19 14:55:05.978 | DEBUG    | __main__:main:154 - OK (sin alertas).
2025-08-19 14:55:06.486 | INFO     | __main__:job:146 - MT5 cycle: features=6 inserted=6 skipped=0
2025-08-19 14:55:11.550 | INFO     | __main__:job:146 - MT5 cycle: features=6 inserted=6 skipped=0
2025-08-19 14:55:14.032 | INFO     | __main__:main:337 - MOVE 81.82330322265625
2025-08-19 14:55:14.707 | INFO     | __main__:main:352 - GVZ 14.869999885559082
2025-08-19 14:55:15.058 | INFO     | __main__:main:367 - OVX 34.18000030517578
2025-08-19 14:55:15.697 | INFO     | __main__:main:382 - VXN 19.239999771118164
2025-08-19 14:55:16.250 | INFO     | __main__:_upsert_simple_fred:227 - UST2Y 3.75 (FRED:DGS2)
2025-08-19 14:55:16.596 | INFO     | __main__:job:146 - MT5 cycle: features=6 inserted=6 skipped=0
2025-08-19 14:55:17.601 | INFO     | __main__:_upsert_simple_fred:227 - UST30Y 4.92 (FRED:DGS30)
2025-08-19 14:55:17.960 | INFO     | __main__:main:505 - UST10Y 4.33% (stored=0.0433) FRED
2025-08-19 14:55:20.853 | INFO     | __main__:main:678 - CALENDAR_BLOCK 0 | next=None
2025-08-19 14:55:20.859 | INFO     | __main__:main:716 - SPREAD_2S10S -3.7067
2025-08-19 14:55:21.086 | INFO     | __main__:main:873 - RELVOL_SPY_20D 0.80 (vol 55810777 / avg20 69652524)
2025-08-19 14:55:21.276 | INFO     | __main__:main:873 - RELVOL_QQQ_20D 1.09 (vol 47622910 / avg20 43711750)
2025-08-19 14:55:21.468 | INFO     | __main__:main:873 - RELVOL_HYG_20D 0.61 (vol 19398745 / avg20 31871782)
2025-08-19 14:55:21.636 | INFO     | __main__:job:146 - MT5 cycle: features=6 inserted=6 skipped=0
2025-08-19 14:55:21.659 | INFO     | __main__:main:873 - RELVOL_LQD_20D 0.89 (vol 22951630 / avg20 25766732)
2025-08-19 14:55:26.692 | INFO     | __main__:job:146 - MT5 cycle: features=6 inserted=6 skipped=0
2025-08-19 14:55:31.747 | INFO     | __main__:job:146 - MT5 cycle: features=6 inserted=6 skipped=0
2025-08-19 14:55:36.794 | INFO     | __main__:job:146 - MT5 cycle: features=6 inserted=6 skipped=0
2025-08-19 14:55:38.010 | INFO     | __main__:main:433 - VIX 15.6899995803833
2025-08-19 14:55:38.666 | INFO     | __main__:main:451 - DXY 98.26599884033203 (DX-Y.NYB)
2025-08-19 14:55:41.841 | INFO     | __main__:job:146 - MT5 cycle: features=6 inserted=6 skipped=0
2025-08-19 14:55:46.884 | INFO     | __main__:job:146 - MT5 cycle: features=6 inserted=6 skipped=0
2025-08-19 14:55:51.947 | INFO     | __main__:job:146 - MT5 cycle: features=6 inserted=6 skipped=0
2025-08-19 14:55:57.025 | INFO     | __main__:job:146 - MT5 cycle: features=6 inserted=6 skipped=0
2025-08-19 14:56:02.085 | INFO     | __main__:job:146 - MT5 cycle: features=6 inserted=6 skipped=0
2025-08-19 14:56:06.019 | DEBUG    | __main__:main:154 - OK (sin alertas).
2025-08-19 14:56:07.186 | INFO     | __main__:job:146 - MT5 cycle: features=6 inserted=6 skipped=0
2025-08-19 14:56:12.236 | INFO     | __main__:job:146 - MT5 cycle: features=6 inserted=6 skipped=0
2025-08-19 14:56:17.310 | INFO     | __main__:job:146 - MT5 cycle: features=6 inserted=6 skipped=0
2025-08-19 14:56:22.383 | INFO     | __main__:job:146 - MT5 cycle: features=6 inserted=6 skipped=0
2025-08-19 14:56:27.445 | INFO     | __main__:job:146 - MT5 cycle: features=6 inserted=6 skipped=0
2025-08-19 14:56:32.497 | INFO     | __main__:job:146 - MT5 cycle: features=6 inserted=6 skipped=0
2025-08-19 14:56:37.563 | INFO     | __main__:job:146 - MT5 cycle: features=6 inserted=6 skipped=0
2025-08-19 14:56:39.026 | INFO     | __main__:main:433 - VIX 15.680000305175781
2025-08-19 14:56:39.345 | INFO     | __main__:main:451 - DXY 98.26300048828125 (DX-Y.NYB)
2025-08-19 14:56:42.624 | INFO     | __main__:job:146 - MT5 cycle: features=6 inserted=6 skipped=0
2025-08-19 14:56:47.665 | INFO     | __main__:job:146 - MT5 cycle: features=6 inserted=6 skipped=0
2025-08-19 14:56:52.727 | INFO     | __main__:job:146 - MT5 cycle: features=6 inserted=6 skipped=0
2025-08-19 14:56:57.782 | INFO     | __main__:job:146 - MT5 cycle: features=6 inserted=6 skipped=0
2025-08-19 14:57:02.836 | INFO     | __main__:job:146 - MT5 cycle: features=6 inserted=6 skipped=0
2025-08-19 14:57:06.061 | DEBUG    | __main__:main:154 - OK (sin alertas).
2025-08-19 14:57:07.885 | INFO     | __main__:job:146 - MT5 cycle: features=6 inserted=6 skipped=0
2025-08-19 14:57:12.963 | INFO     | __main__:job:146 - MT5 cycle: features=6 inserted=6 skipped=0
2025-08-19 14:57:18.023 | INFO     | __main__:job:146 - MT5 cycle: features=6 inserted=6 skipped=0
2025-08-19 14:57:23.073 | INFO     | __main__:job:146 - MT5 cycle: features=6 inserted=6 skipped=0
2025-08-19 14:57:28.144 | INFO     | __main__:job:146 - MT5 cycle: features=6 inserted=6 skipped=0
2025-08-19 14:57:33.193 | INFO     | __main__:job:146 - MT5 cycle: features=6 inserted=6 skipped=0
2025-08-19 14:57:38.253 | INFO     | __main__:job:146 - MT5 cycle: features=6 inserted=6 skipped=0
2025-08-19 14:57:39.798 | INFO     | __main__:main:433 - VIX 15.680000305175781
2025-08-19 14:57:40.144 | INFO     | __main__:main:451 - DXY 98.26399993896484 (DX-Y.NYB)
2025-08-19 14:57:43.322 | INFO     | __main__:job:146 - MT5 cycle: features=6 inserted=6 skipped=0
2025-08-19 14:57:48.370 | INFO     | __main__:job:146 - MT5 cycle: features=6 inserted=6 skipped=0
2025-08-19 14:57:53.440 | INFO     | __main__:job:146 - MT5 cycle: features=6 inserted=6 skipped=0
2025-08-19 14:57:58.485 | INFO     | __main__:job:146 - MT5 cycle: features=6 inserted=6 skipped=0
2025-08-19 14:58:03.558 | INFO     | __main__:job:146 - MT5 cycle: features=6 inserted=6 skipped=0
2025-08-19 14:58:06.106 | DEBUG    | __main__:main:154 - OK (sin alertas).
2025-08-19 14:58:08.653 | INFO     | __main__:job:146 - MT5 cycle: features=6 inserted=6 skipped=0
2025-08-19 14:58:13.751 | INFO     | __main__:job:146 - MT5 cycle: features=6 inserted=6 skipped=0
2025-08-19 14:58:18.816 | INFO     | __main__:job:146 - MT5 cycle: features=6 inserted=6 skipped=0
2025-08-19 14:58:23.880 | INFO     | __main__:job:146 - MT5 cycle: features=6 inserted=6 skipped=0
2025-08-19 14:58:28.970 | INFO     | __main__:job:146 - MT5 cycle: features=6 inserted=6 skipped=0
2025-08-19 14:58:34.059 | INFO     | __main__:job:146 - MT5 cycle: features=6 inserted=6 skipped=0
2025-08-19 14:58:39.146 | INFO     | __main__:job:146 - MT5 cycle: features=6 inserted=6 skipped=0
2025-08-19 14:58:41.088 | INFO     | __main__:main:433 - VIX 15.670000076293945
2025-08-19 14:58:42.041 | INFO     | __main__:main:451 - DXY 98.26499938964844 (DX-Y.NYB)
2025-08-19 14:58:44.230 | INFO     | __main__:job:146 - MT5 cycle: features=6 inserted=6 skipped=0
2025-08-19 14:58:49.312 | INFO     | __main__:job:146 - MT5 cycle: features=6 inserted=6 skipped=0
2025-08-19 14:58:54.374 | INFO     | __main__:job:146 - MT5 cycle: features=6 inserted=6 skipped=0
2025-08-19 14:58:59.431 | INFO     | __main__:job:146 - MT5 cycle: features=6 inserted=6 skipped=0
2025-08-19 14:59:04.482 | INFO     | __main__:job:146 - MT5 cycle: features=6 inserted=6 skipped=0
2025-08-19 14:59:06.141 | DEBUG    | __main__:main:154 - OK (sin alertas).
2025-08-19 14:59:09.559 | INFO     | __main__:job:146 - MT5 cycle: features=6 inserted=6 skipped=0
2025-08-19 14:59:14.619 | INFO     | __main__:job:146 - MT5 cycle: features=6 inserted=6 skipped=0
2025-08-19 14:59:19.695 | INFO     | __main__:job:146 - MT5 cycle: features=6 inserted=6 skipped=0
2025-08-19 14:59:24.763 | INFO     | __main__:job:146 - MT5 cycle: features=6 inserted=6 skipped=0
2025-08-19 14:59:29.828 | INFO     | __main__:job:146 - MT5 cycle: features=6 inserted=6 skipped=0
2025-08-19 14:59:34.882 | INFO     | __main__:job:146 - MT5 cycle: features=6 inserted=6 skipped=0
2025-08-19 14:59:39.945 | INFO     | __main__:job:146 - MT5 cycle: features=6 inserted=6 skipped=0
2025-08-19 14:59:42.579 | INFO     | __main__:main:433 - VIX 15.649999618530273
2025-08-19 14:59:43.056 | INFO     | __main__:main:451 - DXY 98.26399993896484 (DX-Y.NYB)
2025-08-19 14:59:44.996 | INFO     | __main__:job:146 - MT5 cycle: features=6 inserted=6 skipped=0
2025-08-19 14:59:50.050 | INFO     | __main__:job:146 - MT5 cycle: features=6 inserted=6 skipped=0
2025-08-19 14:59:55.096 | INFO     | __main__:job:146 - MT5 cycle: features=6 inserted=6 skipped=0
2025-08-19 15:00:00.146 | INFO     | __main__:job:146 - MT5 cycle: features=6 inserted=6 skipped=0
2025-08-19 15:00:05.198 | INFO     | __main__:job:146 - MT5 cycle: features=6 inserted=6 skipped=0
2025-08-19 15:00:06.188 | DEBUG    | __main__:main:154 - OK (sin alertas).
2025-08-19 15:00:10.257 | INFO     | __main__:job:146 - MT5 cycle: features=6 inserted=6 skipped=0
2025-08-19 15:00:15.315 | INFO     | __main__:job:146 - MT5 cycle: features=6 inserted=6 skipped=0
2025-08-19 15:00:15.373 | INFO     | __main__:main:337 - MOVE 81.82330322265625
2025-08-19 15:00:15.721 | INFO     | __main__:main:352 - GVZ 14.859999656677246
2025-08-19 15:00:16.077 | INFO     | __main__:main:367 - OVX 34.220001220703125
2025-08-19 15:00:16.460 | INFO     | __main__:main:382 - VXN 19.25
2025-08-19 15:00:17.090 | INFO     | __main__:_upsert_simple_fred:227 - UST2Y 3.75 (FRED:DGS2)
2025-08-19 15:00:17.415 | INFO     | __main__:_upsert_simple_fred:227 - UST30Y 4.92 (FRED:DGS30)
2025-08-19 15:00:17.821 | INFO     | __main__:main:505 - UST10Y 4.33% (stored=0.0433) FRED
2025-08-19 15:00:20.381 | INFO     | __main__:job:146 - MT5 cycle: features=6 inserted=6 skipped=0
2025-08-19 15:00:20.637 | INFO     | __main__:main:678 - CALENDAR_BLOCK 0 | next=None
2025-08-19 15:00:20.647 | INFO     | __main__:main:716 - SPREAD_2S10S -3.7067
2025-08-19 15:00:20.893 | INFO     | __main__:main:873 - RELVOL_SPY_20D 0.85 (vol 59324840 / avg20 69828227)
2025-08-19 15:00:21.082 | INFO     | __main__:main:873 - RELVOL_QQQ_20D 1.13 (vol 49495026 / avg20 43805356)
2025-08-19 15:00:21.268 | INFO     | __main__:main:873 - RELVOL_HYG_20D 0.63 (vol 20140497 / avg20 31908870)
2025-08-19 15:00:21.512 | INFO     | __main__:main:873 - RELVOL_LQD_20D 0.92 (vol 23671920 / avg20 25802746)
2025-08-19 15:00:25.457 | INFO     | __main__:job:146 - MT5 cycle: features=6 inserted=6 skipped=0
2025-08-19 15:00:30.507 | INFO     | __main__:job:146 - MT5 cycle: features=6 inserted=6 skipped=0
2025-08-19 15:00:35.559 | INFO     | __main__:job:146 - MT5 cycle: features=6 inserted=6 skipped=0
2025-08-19 15:00:40.620 | INFO     | __main__:job:146 - MT5 cycle: features=6 inserted=6 skipped=0
2025-08-19 15:00:43.829 | INFO     | __main__:main:433 - VIX 15.649999618530273
2025-08-19 15:00:44.138 | INFO     | __main__:main:451 - DXY 98.26399993896484 (DX-Y.NYB)
2025-08-19 15:00:45.684 | INFO     | __main__:job:146 - MT5 cycle: features=6 inserted=6 skipped=0
2025-08-19 15:00:50.770 | INFO     | __main__:job:146 - MT5 cycle: features=6 inserted=6 skipped=0
2025-08-19 15:00:55.834 | INFO     | __main__:job:146 - MT5 cycle: features=6 inserted=6 skipped=0
2025-08-19 15:01:00.904 | INFO     | __main__:job:146 - MT5 cycle: features=6 inserted=6 skipped=0
2025-08-19 15:01:05.961 | INFO     | __main__:job:146 - MT5 cycle: features=6 inserted=6 skipped=0
2025-08-19 15:01:06.228 | DEBUG    | __main__:main:154 - OK (sin alertas).
2025-08-19 15:01:11.037 | INFO     | __main__:job:146 - MT5 cycle: features=6 inserted=6 skipped=0
2025-08-19 15:01:16.120 | INFO     | __main__:job:146 - MT5 cycle: features=6 inserted=6 skipped=0
2025-08-19 15:01:21.185 | INFO     | __main__:job:146 - MT5 cycle: features=6 inserted=6 skipped=0
2025-08-19 15:01:26.237 | INFO     | __main__:job:146 - MT5 cycle: features=6 inserted=6 skipped=0
2025-08-19 15:01:31.279 | INFO     | __main__:job:146 - MT5 cycle: features=6 inserted=6 skipped=0
2025-08-19 15:01:36.322 | INFO     | __main__:job:146 - MT5 cycle: features=6 inserted=6 skipped=0
2025-08-19 15:01:41.395 | INFO     | __main__:job:146 - MT5 cycle: features=6 inserted=6 skipped=0
2025-08-19 15:01:44.474 | INFO     | __main__:main:433 - VIX 15.649999618530273
2025-08-19 15:01:44.784 | INFO     | __main__:main:451 - DXY 98.26399993896484 (DX-Y.NYB)
2025-08-19 15:01:46.437 | INFO     | __main__:job:146 - MT5 cycle: features=6 inserted=6 skipped=0
2025-08-19 15:01:51.477 | INFO     | __main__:job:146 - MT5 cycle: features=6 inserted=6 skipped=0
2025-08-19 15:01:56.534 | INFO     | __main__:job:146 - MT5 cycle: features=6 inserted=6 skipped=0
2025-08-19 15:02:01.575 | INFO     | __main__:job:146 - MT5 cycle: features=6 inserted=6 skipped=0
2025-08-19 15:02:06.273 | DEBUG    | __main__:main:154 - OK (sin alertas).
2025-08-19 15:02:06.620 | INFO     | __main__:job:146 - MT5 cycle: features=6 inserted=6 skipped=0
2025-08-19 15:02:11.680 | INFO     | __main__:job:146 - MT5 cycle: features=6 inserted=6 skipped=0
2025-08-19 15:02:16.735 | INFO     | __main__:job:146 - MT5 cycle: features=6 inserted=6 skipped=0
2025-08-19 15:02:21.782 | INFO     | __main__:job:146 - MT5 cycle: features=6 inserted=6 skipped=0
2025-08-19 15:02:26.858 | INFO     | __main__:job:146 - MT5 cycle: features=6 inserted=6 skipped=0
2025-08-19 15:02:31.935 | INFO     | __main__:job:146 - MT5 cycle: features=6 inserted=6 skipped=0
2025-08-19 15:02:36.989 | INFO     | __main__:job:146 - MT5 cycle: features=6 inserted=6 skipped=0
2025-08-19 15:02:42.040 | INFO     | __main__:job:146 - MT5 cycle: features=6 inserted=6 skipped=0
2025-08-19 15:02:45.156 | INFO     | __main__:main:433 - VIX 15.649999618530273
2025-08-19 15:02:45.487 | INFO     | __main__:main:451 - DXY 98.26399993896484 (DX-Y.NYB)
2025-08-19 15:02:47.124 | INFO     | __main__:job:146 - MT5 cycle: features=6 inserted=6 skipped=0
2025-08-19 15:02:52.187 | INFO     | __main__:job:146 - MT5 cycle: features=6 inserted=6 skipped=0
2025-08-19 15:02:57.245 | INFO     | __main__:job:146 - MT5 cycle: features=6 inserted=6 skipped=0
2025-08-19 15:03:02.303 | INFO     | __main__:job:146 - MT5 cycle: features=6 inserted=6 skipped=0
2025-08-19 15:03:06.324 | DEBUG    | __main__:main:154 - OK (sin alertas).
2025-08-19 15:03:07.364 | INFO     | __main__:job:146 - MT5 cycle: features=6 inserted=6 skipped=0
2025-08-19 15:03:12.430 | INFO     | __main__:job:146 - MT5 cycle: features=6 inserted=6 skipped=0
2025-08-19 15:03:17.478 | INFO     | __main__:job:146 - MT5 cycle: features=6 inserted=6 skipped=0
2025-08-19 15:03:22.567 | INFO     | __main__:job:146 - MT5 cycle: features=6 inserted=6 skipped=0
2025-08-19 15:03:27.625 | INFO     | __main__:job:146 - MT5 cycle: features=6 inserted=6 skipped=0
2025-08-19 15:03:32.676 | INFO     | __main__:job:146 - MT5 cycle: features=6 inserted=6 skipped=0
2025-08-19 15:03:37.723 | INFO     | __main__:job:146 - MT5 cycle: features=6 inserted=6 skipped=0
2025-08-19 15:03:42.772 | INFO     | __main__:job:146 - MT5 cycle: features=6 inserted=6 skipped=0
2025-08-19 15:03:45.890 | INFO     | __main__:main:433 - VIX 15.649999618530273
2025-08-19 15:03:46.239 | INFO     | __main__:main:451 - DXY 98.26399993896484 (DX-Y.NYB)
2025-08-19 15:03:47.828 | INFO     | __main__:job:146 - MT5 cycle: features=6 inserted=6 skipped=0
2025-08-19 15:03:52.903 | INFO     | __main__:job:146 - MT5 cycle: features=6 inserted=6 skipped=0
2025-08-19 15:03:57.946 | INFO     | __main__:job:146 - MT5 cycle: features=6 inserted=6 skipped=0
2025-08-19 15:04:03.019 | INFO     | __main__:job:146 - MT5 cycle: features=6 inserted=6 skipped=0
2025-08-19 15:04:06.354 | DEBUG    | __main__:main:154 - OK (sin alertas).
2025-08-19 15:04:08.073 | INFO     | __main__:job:146 - MT5 cycle: features=6 inserted=6 skipped=0
2025-08-19 15:04:13.136 | INFO     | __main__:job:146 - MT5 cycle: features=6 inserted=6 skipped=0
2025-08-19 15:04:18.208 | INFO     | __main__:job:146 - MT5 cycle: features=6 inserted=6 skipped=0
2025-08-19 15:04:23.271 | INFO     | __main__:job:146 - MT5 cycle: features=6 inserted=6 skipped=0
2025-08-19 15:04:28.342 | INFO     | __main__:job:146 - MT5 cycle: features=6 inserted=6 skipped=0
2025-08-19 15:04:32.791 | INFO     | __main__:_upsert_simple_fred:227 - T10YIE 2.38 (FRED:T10YIE)
2025-08-19 15:04:33.183 | INFO     | __main__:_upsert_simple_fred:227 - REAL10Y 1.95 (FRED:DFII10)
2025-08-19 15:04:33.397 | INFO     | __main__:job:146 - MT5 cycle: features=6 inserted=6 skipped=0
2025-08-19 15:04:33.505 | INFO     | __main__:_upsert_simple_fred:227 - DBAA 6.04 (FRED:DBAA)
2025-08-19 15:04:33.801 | INFO     | __main__:_upsert_simple_fred:227 - DAAA 5.39 (FRED:DAAA)
2025-08-19 15:04:38.443 | INFO     | __main__:job:146 - MT5 cycle: features=6 inserted=6 skipped=0
2025-08-19 15:04:43.489 | INFO     | __main__:job:146 - MT5 cycle: features=6 inserted=6 skipped=0
2025-08-19 15:04:43.543 | WARNING  | __main__:main:593 - PCR no disponible (CSV y HTML fallaron).
2025-08-19 15:04:43.868 | INFO     | __main__:main:635 - HY OAS 2.88
2025-08-19 15:04:44.313 | INFO     | __main__:main:652 - IG OAS 0.75
2025-08-19 15:04:46.632 | INFO     | __main__:main:397 - SKEW 153.9499969482422
2025-08-19 15:04:46.969 | INFO     | __main__:main:433 - VIX 15.649999618530273
2025-08-19 15:04:47.327 | INFO     | __main__:main:451 - DXY 98.26399993896484 (DX-Y.NYB)
2025-08-19 15:04:47.641 | INFO     | __main__:_upsert_yahoo_price:244 - COPPER 4.427000045776367
2025-08-19 15:04:47.936 | INFO     | __main__:_upsert_yahoo_price:244 - GOLD_FUT 3360.300048828125
2025-08-19 15:04:48.323 | INFO     | __main__:_upsert_yahoo_price:244 - HYG 80.38500213623047
2025-08-19 15:04:48.541 | INFO     | __main__:job:146 - MT5 cycle: features=6 inserted=6 skipped=0
2025-08-19 15:04:48.708 | INFO     | __main__:_upsert_yahoo_price:244 - LQD 109.71499633789062
2025-08-19 15:04:49.356 | INFO     | __main__:main:573 - CRYPTO F&G 56.0 (Greed)
2025-08-19 15:04:49.362 | INFO     | __main__:main:748 - HYG_LQD_RATIO 0.7326710551825366
2025-08-19 15:04:49.367 | INFO     | __main__:main:780 - COPPER_GOLD_RATIO 0.0013174418895480016
2025-08-19 15:04:52.542 | INFO     | __main__:main:803 - BREADTH 200d 76.0% (38/50)
2025-08-19 15:04:53.599 | INFO     | __main__:job:146 - MT5 cycle: features=6 inserted=6 skipped=0
2025-08-19 15:04:55.469 | INFO     | __main__:main:826 - BREADTH 50d 74.0% (37/50)
2025-08-19 15:04:58.157 | INFO     | __main__:main:850 - ADV-DEC 10.0 (A:30 D:20 U:0)
2025-08-19 15:04:58.643 | INFO     | __main__:job:146 - MT5 cycle: features=6 inserted=6 skipped=0
2025-08-19 15:04:59.792 | INFO     | __main__:main:894 - FNG_STOCKS 52.0 via https://edition.cnn.com/markets/fear-and-greed
2025-08-19 15:05:03.689 | INFO     | __main__:job:146 - MT5 cycle: features=6 inserted=6 skipped=0
2025-08-19 15:05:06.392 | DEBUG    | __main__:main:154 - OK (sin alertas).
2025-08-19 15:05:08.729 | INFO     | __main__:job:146 - MT5 cycle: features=6 inserted=6 skipped=0
2025-08-19 15:05:13.782 | INFO     | __main__:job:146 - MT5 cycle: features=6 inserted=6 skipped=0
2025-08-19 15:05:16.300 | INFO     | __main__:main:337 - MOVE 81.82330322265625
2025-08-19 15:05:16.649 | INFO     | __main__:main:352 - GVZ 14.84000015258789
2025-08-19 15:05:16.955 | INFO     | __main__:main:367 - OVX 33.689998626708984
2025-08-19 15:05:17.261 | INFO     | __main__:main:382 - VXN 19.40999984741211
2025-08-19 15:05:17.995 | INFO     | __main__:_upsert_simple_fred:227 - UST2Y 3.75 (FRED:DGS2)
2025-08-19 15:05:18.290 | INFO     | __main__:_upsert_simple_fred:227 - UST30Y 4.92 (FRED:DGS30)
2025-08-19 15:05:18.695 | INFO     | __main__:main:505 - UST10Y 4.33% (stored=0.0433) FRED
2025-08-19 15:05:18.827 | INFO     | __main__:job:146 - MT5 cycle: features=6 inserted=6 skipped=0
2025-08-19 15:05:22.104 | INFO     | __main__:main:678 - CALENDAR_BLOCK 0 | next=None
2025-08-19 15:05:22.110 | INFO     | __main__:main:716 - SPREAD_2S10S -3.7067
2025-08-19 15:05:22.303 | INFO     | __main__:main:873 - RELVOL_SPY_20D 0.89 (vol 62389103 / avg20 69981440)
2025-08-19 15:05:22.493 | INFO     | __main__:main:873 - RELVOL_QQQ_20D 1.16 (vol 51021330 / avg20 43881672)
2025-08-19 15:05:22.667 | INFO     | __main__:main:873 - RELVOL_HYG_20D 0.66 (vol 20987401 / avg20 31951215)
2025-08-19 15:05:22.859 | INFO     | __main__:main:873 - RELVOL_LQD_20D 0.94 (vol 24186996 / avg20 25828500)
2025-08-19 15:05:23.881 | INFO     | __main__:job:146 - MT5 cycle: features=6 inserted=6 skipped=0
2025-08-19 15:05:28.941 | INFO     | __main__:job:146 - MT5 cycle: features=6 inserted=6 skipped=0
2025-08-19 15:05:33.984 | INFO     | __main__:job:146 - MT5 cycle: features=6 inserted=6 skipped=0
2025-08-19 15:05:39.034 | INFO     | __main__:job:146 - MT5 cycle: features=6 inserted=6 skipped=0
2025-08-19 15:05:44.071 | INFO     | __main__:job:146 - MT5 cycle: features=6 inserted=6 skipped=0
2025-08-19 15:05:47.154 | INFO     | __main__:main:433 - VIX 15.779999732971191
2025-08-19 15:05:47.443 | INFO     | __main__:main:451 - DXY 98.26399993896484 (DX-Y.NYB)
2025-08-19 15:05:49.116 | INFO     | __main__:job:146 - MT5 cycle: features=6 inserted=6 skipped=0
2025-08-19 15:05:54.163 | INFO     | __main__:job:146 - MT5 cycle: features=6 inserted=6 skipped=0
2025-08-19 15:05:59.214 | INFO     | __main__:job:146 - MT5 cycle: features=6 inserted=6 skipped=0
2025-08-19 15:06:04.263 | INFO     | __main__:job:146 - MT5 cycle: features=6 inserted=6 skipped=0
2025-08-19 15:06:06.415 | WARNING  | __main__:check_features:92 - ⚠️ feature_lag | %s age=%ss > thr=%ss | %s
2025-08-19 15:06:06.422 | WARNING  | __main__:check_features:92 - ⚠️ feature_lag | %s age=%ss > thr=%ss | %s
2025-08-19 15:06:06.426 | WARNING  | __main__:check_features:92 - ⚠️ feature_lag | %s age=%ss > thr=%ss | %s
2025-08-19 15:06:06.432 | WARNING  | __main__:check_features:92 - ⚠️ feature_lag | %s age=%ss > thr=%ss | %s
2025-08-19 15:06:06.434 | WARNING  | __main__:check_features:92 - ⚠️ feature_lag | %s age=%ss > thr=%ss | %s
2025-08-19 15:06:06.438 | WARNING  | __main__:check_features:92 - ⚠️ feature_lag | %s age=%ss > thr=%ss | %s
2025-08-19 15:06:06.441 | WARNING  | __main__:check_features:92 - ⚠️ feature_lag | %s age=%ss > thr=%ss | %s
2025-08-19 15:06:06.444 | WARNING  | __main__:check_features:92 - ⚠️ feature_lag | %s age=%ss > thr=%ss | %s
2025-08-19 15:06:06.446 | WARNING  | __main__:check_features:92 - ⚠️ feature_lag | %s age=%ss > thr=%ss | %s
2025-08-19 15:06:06.449 | WARNING  | __main__:check_features:92 - ⚠️ feature_lag | %s age=%ss > thr=%ss | %s
2025-08-19 15:06:06.452 | WARNING  | __main__:check_features:92 - ⚠️ feature_lag | %s age=%ss > thr=%ss | %s
2025-08-19 15:06:06.456 | WARNING  | __main__:check_features:92 - ⚠️ feature_lag | %s age=%ss > thr=%ss | %s
2025-08-19 15:06:06.459 | WARNING  | __main__:check_features:92 - ⚠️ feature_lag | %s age=%ss > thr=%ss | %s
2025-08-19 15:06:06.462 | WARNING  | __main__:check_features:92 - ⚠️ feature_lag | %s age=%ss > thr=%ss | %s
2025-08-19 15:06:06.464 | WARNING  | __main__:check_features:92 - ⚠️ feature_lag | %s age=%ss > thr=%ss | %s
2025-08-19 15:06:06.467 | WARNING  | __main__:check_features:92 - ⚠️ feature_lag | %s age=%ss > thr=%ss | %s
2025-08-19 15:06:06.470 | WARNING  | __main__:check_features:92 - ⚠️ feature_lag | %s age=%ss > thr=%ss | %s
2025-08-19 15:06:06.473 | WARNING  | __main__:check_features:92 - ⚠️ feature_lag | %s age=%ss > thr=%ss | %s
2025-08-19 15:06:06.476 | WARNING  | __main__:check_features:92 - ⚠️ feature_lag | %s age=%ss > thr=%ss | %s
2025-08-19 15:06:06.479 | WARNING  | __main__:check_features:92 - ⚠️ feature_lag | %s age=%ss > thr=%ss | %s
2025-08-19 15:06:06.481 | WARNING  | __main__:check_features:92 - ⚠️ feature_lag | %s age=%ss > thr=%ss | %s
2025-08-19 15:06:06.484 | WARNING  | __main__:check_features:92 - ⚠️ feature_lag | %s age=%ss > thr=%ss | %s
2025-08-19 15:06:06.489 | WARNING  | __main__:check_features:92 - ⚠️ feature_lag | %s age=%ss > thr=%ss | %s
2025-08-19 15:06:06.492 | WARNING  | __main__:check_features:92 - ⚠️ feature_lag | %s age=%ss > thr=%ss | %s
2025-08-19 15:06:06.496 | WARNING  | __main__:check_features:92 - ⚠️ feature_lag | %s age=%ss > thr=%ss | %s
2025-08-19 15:06:06.499 | WARNING  | __main__:check_features:92 - ⚠️ feature_lag | %s age=%ss > thr=%ss | %s
2025-08-19 15:06:06.502 | WARNING  | __main__:check_features:92 - ⚠️ feature_lag | %s age=%ss > thr=%ss | %s
2025-08-19 15:06:06.506 | WARNING  | __main__:check_features:92 - ⚠️ feature_lag | %s age=%ss > thr=%ss | %s
2025-08-19 15:06:06.509 | WARNING  | __main__:check_features:92 - ⚠️ feature_lag | %s age=%ss > thr=%ss | %s
2025-08-19 15:06:06.513 | WARNING  | __main__:check_features:92 - ⚠️ feature_lag | %s age=%ss > thr=%ss | %s
2025-08-19 15:06:06.516 | WARNING  | __main__:check_features:92 - ⚠️ feature_lag | %s age=%ss > thr=%ss | %s
2025-08-19 15:06:06.520 | WARNING  | __main__:check_features:92 - ⚠️ feature_lag | %s age=%ss > thr=%ss | %s
2025-08-19 15:06:06.523 | WARNING  | __main__:check_features:92 - ⚠️ feature_lag | %s age=%ss > thr=%ss | %s
2025-08-19 15:06:06.526 | WARNING  | __main__:check_features:92 - ⚠️ feature_lag | %s age=%ss > thr=%ss | %s
2025-08-19 15:06:06.529 | WARNING  | __main__:check_features:92 - ⚠️ feature_lag | %s age=%ss > thr=%ss | %s
2025-08-19 15:06:06.531 | WARNING  | __main__:check_features:92 - ⚠️ feature_lag | %s age=%ss > thr=%ss | %s
2025-08-19 15:06:06.535 | WARNING  | __main__:check_features:92 - ⚠️ feature_lag | %s age=%ss > thr=%ss | %s
2025-08-19 15:06:06.539 | WARNING  | __main__:check_features:92 - ⚠️ feature_lag | %s age=%ss > thr=%ss | %s
2025-08-19 15:06:06.542 | WARNING  | __main__:check_features:92 - ⚠️ feature_lag | %s age=%ss > thr=%ss | %s
2025-08-19 15:06:06.545 | WARNING  | __main__:check_features:92 - ⚠️ feature_lag | %s age=%ss > thr=%ss | %s
2025-08-19 15:06:06.548 | WARNING  | __main__:check_features:92 - ⚠️ feature_lag | %s age=%ss > thr=%ss | %s
2025-08-19 15:06:06.552 | WARNING  | __main__:check_features:92 - ⚠️ feature_lag | %s age=%ss > thr=%ss | %s
2025-08-19 15:06:06.557 | WARNING  | __main__:check_evaluator:122 - ⚠️ evaluator_idle | %s age=%ss > thr=%ss | %s
2025-08-19 15:06:06.561 | WARNING  | __main__:check_evaluator:122 - ⚠️ evaluator_idle | %s age=%ss > thr=%ss | %s
2025-08-19 15:06:06.564 | WARNING  | __main__:check_evaluator:122 - ⚠️ evaluator_idle | %s age=%ss > thr=%ss | %s
2025-08-19 15:06:09.341 | INFO     | __main__:job:146 - MT5 cycle: features=6 inserted=6 skipped=0
2025-08-19 15:06:14.384 | INFO     | __main__:job:146 - MT5 cycle: features=6 inserted=6 skipped=0
2025-08-19 15:06:19.436 | INFO     | __main__:job:146 - MT5 cycle: features=6 inserted=6 skipped=0
2025-08-19 15:06:24.499 | INFO     | __main__:job:146 - MT5 cycle: features=6 inserted=6 skipped=0
2025-08-19 15:06:29.547 | INFO     | __main__:job:146 - MT5 cycle: features=6 inserted=6 skipped=0
2025-08-19 15:06:34.590 | INFO     | __main__:job:146 - MT5 cycle: features=6 inserted=6 skipped=0
2025-08-19 15:06:39.661 | INFO     | __main__:job:146 - MT5 cycle: features=6 inserted=6 skipped=0
2025-08-19 15:06:44.713 | INFO     | __main__:job:146 - MT5 cycle: features=6 inserted=6 skipped=0
2025-08-19 15:06:48.154 | INFO     | __main__:main:433 - VIX 15.75
2025-08-19 15:06:48.497 | INFO     | __main__:main:451 - DXY 98.26599884033203 (DX-Y.NYB)
2025-08-19 15:06:49.773 | INFO     | __main__:job:146 - MT5 cycle: features=6 inserted=6 skipped=0
2025-08-19 15:06:54.818 | INFO     | __main__:job:146 - MT5 cycle: features=6 inserted=6 skipped=0
2025-08-19 15:06:59.864 | INFO     | __main__:job:146 - MT5 cycle: features=6 inserted=6 skipped=0
2025-08-19 15:07:04.912 | INFO     | __main__:job:146 - MT5 cycle: features=6 inserted=6 skipped=0
2025-08-19 15:07:06.609 | DEBUG    | __main__:main:154 - OK (sin alertas).
2025-08-19 15:07:09.982 | INFO     | __main__:job:146 - MT5 cycle: features=6 inserted=6 skipped=0
2025-08-19 15:07:15.048 | INFO     | __main__:job:146 - MT5 cycle: features=6 inserted=6 skipped=0
2025-08-19 15:07:20.132 | INFO     | __main__:job:146 - MT5 cycle: features=6 inserted=6 skipped=0
2025-08-19 15:07:25.237 | INFO     | __main__:job:146 - MT5 cycle: features=6 inserted=6 skipped=0
2025-08-19 15:07:30.335 | INFO     | __main__:job:146 - MT5 cycle: features=6 inserted=6 skipped=0
2025-08-19 15:07:35.397 | INFO     | __main__:job:146 - MT5 cycle: features=6 inserted=6 skipped=0
2025-08-19 15:07:40.454 | INFO     | __main__:job:146 - MT5 cycle: features=6 inserted=6 skipped=0
2025-08-19 15:07:45.544 | INFO     | __main__:job:146 - MT5 cycle: features=6 inserted=6 skipped=0
2025-08-19 15:07:48.869 | INFO     | __main__:main:433 - VIX 15.75
2025-08-19 15:07:49.246 | INFO     | __main__:main:451 - DXY 98.26499938964844 (DX-Y.NYB)
2025-08-19 15:07:50.654 | INFO     | __main__:job:146 - MT5 cycle: features=6 inserted=6 skipped=0
2025-08-19 15:07:55.738 | INFO     | __main__:job:146 - MT5 cycle: features=6 inserted=6 skipped=0
2025-08-19 15:08:00.887 | INFO     | __main__:job:146 - MT5 cycle: features=6 inserted=6 skipped=0
2025-08-19 15:08:05.973 | INFO     | __main__:job:146 - MT5 cycle: features=6 inserted=6 skipped=0
2025-08-19 15:08:06.657 | DEBUG    | __main__:main:154 - OK (sin alertas).
2025-08-19 15:08:11.043 | INFO     | __main__:job:146 - MT5 cycle: features=6 inserted=6 skipped=0
2025-08-19 15:08:16.106 | INFO     | __main__:job:146 - MT5 cycle: features=6 inserted=6 skipped=0
2025-08-19 15:08:21.186 | INFO     | __main__:job:146 - MT5 cycle: features=6 inserted=6 skipped=0
2025-08-19 15:08:26.257 | INFO     | __main__:job:146 - MT5 cycle: features=6 inserted=6 skipped=0
2025-08-19 15:08:31.335 | INFO     | __main__:job:146 - MT5 cycle: features=6 inserted=6 skipped=0
2025-08-19 15:08:36.446 | INFO     | __main__:job:146 - MT5 cycle: features=6 inserted=6 skipped=0
2025-08-19 15:08:41.512 | INFO     | __main__:job:146 - MT5 cycle: features=6 inserted=6 skipped=0
2025-08-19 15:08:46.568 | INFO     | __main__:job:146 - MT5 cycle: features=6 inserted=6 skipped=0
2025-08-19 15:08:49.647 | INFO     | __main__:main:433 - VIX 15.760000228881836
2025-08-19 15:08:50.197 | INFO     | __main__:main:451 - DXY 98.2699966430664 (DX-Y.NYB)
2025-08-19 15:08:51.685 | INFO     | __main__:job:146 - MT5 cycle: features=6 inserted=6 skipped=0
2025-08-19 15:08:56.750 | INFO     | __main__:job:146 - MT5 cycle: features=6 inserted=6 skipped=0
2025-08-19 15:09:01.822 | INFO     | __main__:job:146 - MT5 cycle: features=6 inserted=6 skipped=0
2025-08-19 15:09:06.699 | DEBUG    | __main__:main:154 - OK (sin alertas).
2025-08-19 15:09:06.891 | INFO     | __main__:job:146 - MT5 cycle: features=6 inserted=6 skipped=0
2025-08-19 15:09:11.945 | INFO     | __main__:job:146 - MT5 cycle: features=6 inserted=6 skipped=0
2025-08-19 15:09:17.008 | INFO     | __main__:job:146 - MT5 cycle: features=6 inserted=6 skipped=0
2025-08-19 15:09:22.074 | INFO     | __main__:job:146 - MT5 cycle: features=6 inserted=6 skipped=0
2025-08-19 15:09:27.208 | INFO     | __main__:job:146 - MT5 cycle: features=6 inserted=6 skipped=0
2025-08-19 15:09:32.320 | INFO     | __main__:job:146 - MT5 cycle: features=6 inserted=6 skipped=0
2025-08-19 15:09:37.417 | INFO     | __main__:job:146 - MT5 cycle: features=6 inserted=6 skipped=0
2025-08-19 15:09:42.493 | INFO     | __main__:job:146 - MT5 cycle: features=6 inserted=6 skipped=0
2025-08-19 15:09:47.575 | INFO     | __main__:job:146 - MT5 cycle: features=6 inserted=6 skipped=0
2025-08-19 15:09:50.607 | INFO     | __main__:main:433 - VIX 15.8100004196167
2025-08-19 15:09:51.017 | INFO     | __main__:main:451 - DXY 98.27100372314453 (DX-Y.NYB)
2025-08-19 15:09:52.656 | INFO     | __main__:job:146 - MT5 cycle: features=6 inserted=6 skipped=0
2025-08-19 15:09:57.726 | INFO     | __main__:job:146 - MT5 cycle: features=6 inserted=6 skipped=0
2025-08-19 15:10:02.799 | INFO     | __main__:job:146 - MT5 cycle: features=6 inserted=6 skipped=0
2025-08-19 15:10:06.752 | DEBUG    | __main__:main:154 - OK (sin alertas).
2025-08-19 15:10:07.911 | INFO     | __main__:job:146 - MT5 cycle: features=6 inserted=6 skipped=0
2025-08-19 15:10:12.981 | INFO     | __main__:job:146 - MT5 cycle: features=6 inserted=6 skipped=0
2025-08-19 15:10:18.049 | INFO     | __main__:job:146 - MT5 cycle: features=6 inserted=6 skipped=0
2025-08-19 15:10:18.132 | INFO     | __main__:main:337 - MOVE 81.82330322265625
2025-08-19 15:10:18.581 | INFO     | __main__:main:352 - GVZ 14.84000015258789
2025-08-19 15:10:18.959 | INFO     | __main__:main:367 - OVX 33.59000015258789
2025-08-19 15:10:19.266 | INFO     | __main__:main:382 - VXN 19.540000915527344
2025-08-19 15:10:19.807 | INFO     | __main__:_upsert_simple_fred:227 - UST2Y 3.75 (FRED:DGS2)
2025-08-19 15:10:20.156 | INFO     | __main__:_upsert_simple_fred:227 - UST30Y 4.92 (FRED:DGS30)
2025-08-19 15:10:20.582 | INFO     | __main__:main:505 - UST10Y 4.33% (stored=0.0433) FRED
2025-08-19 15:10:23.183 | INFO     | __main__:job:146 - MT5 cycle: features=6 inserted=6 skipped=0
2025-08-19 15:10:23.485 | INFO     | __main__:main:678 - CALENDAR_BLOCK 0 | next=None
2025-08-19 15:10:23.499 | INFO     | __main__:main:716 - SPREAD_2S10S -3.7067
2025-08-19 15:10:23.713 | INFO     | __main__:main:873 - RELVOL_SPY_20D 0.89 (vol 62389103 / avg20 69981440)
2025-08-19 15:10:23.928 | INFO     | __main__:main:873 - RELVOL_QQQ_20D 1.16 (vol 51021330 / avg20 43881672)
2025-08-19 15:10:24.112 | INFO     | __main__:main:873 - RELVOL_HYG_20D 0.66 (vol 20987401 / avg20 31951215)
2025-08-19 15:10:24.306 | INFO     | __main__:main:873 - RELVOL_LQD_20D 0.94 (vol 24186996 / avg20 25828500)
2025-08-19 15:10:28.240 | INFO     | __main__:job:146 - MT5 cycle: features=6 inserted=6 skipped=0
2025-08-19 15:10:33.295 | INFO     | __main__:job:146 - MT5 cycle: features=6 inserted=6 skipped=0
2025-08-19 15:10:38.421 | INFO     | __main__:job:146 - MT5 cycle: features=6 inserted=6 skipped=0
2025-08-19 15:10:43.511 | INFO     | __main__:job:146 - MT5 cycle: features=6 inserted=6 skipped=0
2025-08-19 15:10:48.593 | INFO     | __main__:job:146 - MT5 cycle: features=6 inserted=6 skipped=0
2025-08-19 15:10:50.724 | INFO     | __main__:main:433 - VIX 15.729999542236328
2025-08-19 15:10:51.058 | INFO     | __main__:main:451 - DXY 98.27400207519531 (DX-Y.NYB)
2025-08-19 15:10:53.660 | INFO     | __main__:job:146 - MT5 cycle: features=6 inserted=6 skipped=0
2025-08-19 15:10:58.758 | INFO     | __main__:job:146 - MT5 cycle: features=6 inserted=6 skipped=0
2025-08-19 15:11:03.839 | INFO     | __main__:job:146 - MT5 cycle: features=6 inserted=6 skipped=0
2025-08-19 15:11:06.794 | DEBUG    | __main__:main:154 - OK (sin alertas).
2025-08-19 15:11:08.912 | INFO     | __main__:job:146 - MT5 cycle: features=6 inserted=6 skipped=0
2025-08-19 15:11:13.974 | INFO     | __main__:job:146 - MT5 cycle: features=6 inserted=6 skipped=0
2025-08-19 15:11:19.034 | INFO     | __main__:job:146 - MT5 cycle: features=6 inserted=6 skipped=0
2025-08-19 15:11:24.089 | INFO     | __main__:job:146 - MT5 cycle: features=6 inserted=6 skipped=0
2025-08-19 15:11:29.179 | INFO     | __main__:job:146 - MT5 cycle: features=6 inserted=6 skipped=0
2025-08-19 15:11:34.215 | INFO     | __main__:job:146 - MT5 cycle: features=6 inserted=6 skipped=0
2025-08-19 15:11:39.251 | INFO     | __main__:job:146 - MT5 cycle: features=6 inserted=6 skipped=0
2025-08-19 15:11:44.292 | INFO     | __main__:job:146 - MT5 cycle: features=6 inserted=6 skipped=0
2025-08-19 15:11:49.334 | INFO     | __main__:job:146 - MT5 cycle: features=6 inserted=6 skipped=0
2025-08-19 15:11:51.382 | INFO     | __main__:main:433 - VIX 15.6899995803833
2025-08-19 15:11:51.772 | INFO     | __main__:main:451 - DXY 98.28099822998047 (DX-Y.NYB)
2025-08-19 15:11:54.381 | INFO     | __main__:job:146 - MT5 cycle: features=6 inserted=6 skipped=0
2025-08-19 15:11:59.444 | INFO     | __main__:job:146 - MT5 cycle: features=6 inserted=6 skipped=0
2025-08-19 15:12:04.505 | INFO     | __main__:job:146 - MT5 cycle: features=6 inserted=6 skipped=0
2025-08-19 15:12:06.834 | DEBUG    | __main__:main:154 - OK (sin alertas).
2025-08-19 15:12:09.596 | INFO     | __main__:job:146 - MT5 cycle: features=6 inserted=6 skipped=0
2025-08-19 15:12:14.657 | INFO     | __main__:job:146 - MT5 cycle: features=6 inserted=6 skipped=0
2025-08-19 15:12:19.719 | INFO     | __main__:job:146 - MT5 cycle: features=6 inserted=6 skipped=0
2025-08-19 15:12:24.791 | INFO     | __main__:job:146 - MT5 cycle: features=6 inserted=6 skipped=0
2025-08-19 15:12:29.865 | INFO     | __main__:job:146 - MT5 cycle: features=6 inserted=6 skipped=0
2025-08-19 15:12:34.924 | INFO     | __main__:job:146 - MT5 cycle: features=6 inserted=6 skipped=0
2025-08-19 15:12:39.966 | INFO     | __main__:job:146 - MT5 cycle: features=6 inserted=6 skipped=0
2025-08-19 15:12:45.021 | INFO     | __main__:job:146 - MT5 cycle: features=6 inserted=6 skipped=0
2025-08-19 15:12:50.083 | INFO     | __main__:job:146 - MT5 cycle: features=6 inserted=6 skipped=0
2025-08-19 15:12:52.130 | INFO     | __main__:main:433 - VIX 15.649999618530273
2025-08-19 15:12:52.758 | INFO     | __main__:main:451 - DXY 98.27999877929688 (DX-Y.NYB)
2025-08-19 15:12:55.133 | INFO     | __main__:job:146 - MT5 cycle: features=6 inserted=6 skipped=0
2025-08-19 15:13:00.178 | INFO     | __main__:job:146 - MT5 cycle: features=6 inserted=6 skipped=0
2025-08-19 15:13:05.233 | INFO     | __main__:job:146 - MT5 cycle: features=6 inserted=6 skipped=0
2025-08-19 15:13:06.901 | DEBUG    | __main__:main:154 - OK (sin alertas).
2025-08-19 15:13:10.289 | INFO     | __main__:job:146 - MT5 cycle: features=6 inserted=6 skipped=0
2025-08-19 15:13:15.332 | INFO     | __main__:job:146 - MT5 cycle: features=6 inserted=6 skipped=0
2025-08-19 15:13:20.414 | INFO     | __main__:job:146 - MT5 cycle: features=6 inserted=6 skipped=0
2025-08-19 15:13:25.457 | INFO     | __main__:job:146 - MT5 cycle: features=6 inserted=6 skipped=0
2025-08-19 15:13:30.498 | INFO     | __main__:job:146 - MT5 cycle: features=6 inserted=6 skipped=0
2025-08-19 15:13:35.557 | INFO     | __main__:job:146 - MT5 cycle: features=6 inserted=6 skipped=0
2025-08-19 15:13:40.593 | INFO     | __main__:job:146 - MT5 cycle: features=6 inserted=6 skipped=0
2025-08-19 15:13:45.646 | INFO     | __main__:job:146 - MT5 cycle: features=6 inserted=6 skipped=0
2025-08-19 15:13:50.689 | INFO     | __main__:job:146 - MT5 cycle: features=6 inserted=6 skipped=0
2025-08-19 15:13:53.150 | INFO     | __main__:main:433 - VIX 15.65999984741211
2025-08-19 15:13:53.993 | INFO     | __main__:main:451 - DXY 98.2770004272461 (DX-Y.NYB)
2025-08-19 15:13:55.736 | INFO     | __main__:job:146 - MT5 cycle: features=6 inserted=6 skipped=0
2025-08-19 15:14:00.826 | INFO     | __main__:job:146 - MT5 cycle: features=6 inserted=6 skipped=0
2025-08-19 15:14:05.874 | INFO     | __main__:job:146 - MT5 cycle: features=6 inserted=6 skipped=0
2025-08-19 15:14:06.929 | DEBUG    | __main__:main:154 - OK (sin alertas).
2025-08-19 15:14:10.928 | INFO     | __main__:job:146 - MT5 cycle: features=6 inserted=6 skipped=0
2025-08-19 15:14:15.964 | INFO     | __main__:job:146 - MT5 cycle: features=6 inserted=6 skipped=0
2025-08-19 15:14:21.018 | INFO     | __main__:job:146 - MT5 cycle: features=6 inserted=6 skipped=0
2025-08-19 15:14:26.058 | INFO     | __main__:job:146 - MT5 cycle: features=6 inserted=6 skipped=0
2025-08-19 15:14:31.119 | INFO     | __main__:job:146 - MT5 cycle: features=6 inserted=6 skipped=0
2025-08-19 15:14:36.182 | INFO     | __main__:job:146 - MT5 cycle: features=6 inserted=6 skipped=0
2025-08-19 15:14:41.218 | INFO     | __main__:job:146 - MT5 cycle: features=6 inserted=6 skipped=0
2025-08-19 15:14:46.284 | INFO     | __main__:job:146 - MT5 cycle: features=6 inserted=6 skipped=0
2025-08-19 15:14:51.336 | INFO     | __main__:job:146 - MT5 cycle: features=6 inserted=6 skipped=0
2025-08-19 15:14:54.337 | INFO     | __main__:main:433 - VIX 15.579999923706055
2025-08-19 15:14:54.640 | INFO     | __main__:main:451 - DXY 98.27300262451172 (DX-Y.NYB)
2025-08-19 15:14:56.380 | INFO     | __main__:job:146 - MT5 cycle: features=6 inserted=6 skipped=0
2025-08-19 15:15:01.426 | INFO     | __main__:job:146 - MT5 cycle: features=6 inserted=6 skipped=0
2025-08-19 15:15:06.461 | INFO     | __main__:job:146 - MT5 cycle: features=6 inserted=6 skipped=0
2025-08-19 15:15:06.963 | DEBUG    | __main__:main:154 - OK (sin alertas).
2025-08-19 15:15:11.503 | INFO     | __main__:job:146 - MT5 cycle: features=6 inserted=6 skipped=0
2025-08-19 15:15:16.563 | INFO     | __main__:job:146 - MT5 cycle: features=6 inserted=6 skipped=0
2025-08-19 15:15:18.962 | INFO     | __main__:main:337 - MOVE 81.82330322265625
2025-08-19 15:15:19.302 | INFO     | __main__:main:352 - GVZ 14.819999694824219
2025-08-19 15:15:19.616 | INFO     | __main__:main:367 - OVX 33.060001373291016
2025-08-19 15:15:19.916 | INFO     | __main__:main:382 - VXN 19.270000457763672
2025-08-19 15:15:20.365 | INFO     | __main__:_upsert_simple_fred:227 - UST2Y 3.75 (FRED:DGS2)
2025-08-19 15:15:20.664 | INFO     | __main__:_upsert_simple_fred:227 - UST30Y 4.92 (FRED:DGS30)
2025-08-19 15:15:20.969 | INFO     | __main__:main:505 - UST10Y 4.33% (stored=0.0433) FRED
2025-08-19 15:15:21.611 | INFO     | __main__:job:146 - MT5 cycle: features=6 inserted=6 skipped=0
2025-08-19 15:15:23.978 | INFO     | __main__:main:678 - CALENDAR_BLOCK 0 | next=None
2025-08-19 15:15:23.984 | INFO     | __main__:main:716 - SPREAD_2S10S -3.7067
2025-08-19 15:15:24.175 | INFO     | __main__:main:873 - RELVOL_SPY_20D 0.89 (vol 62389103 / avg20 69981440)
2025-08-19 15:15:24.361 | INFO     | __main__:main:873 - RELVOL_QQQ_20D 1.19 (vol 52230088 / avg20 43942109)
2025-08-19 15:15:24.548 | INFO     | __main__:main:873 - RELVOL_HYG_20D 0.66 (vol 20987402 / avg20 31951215)
2025-08-19 15:15:24.743 | INFO     | __main__:main:873 - RELVOL_LQD_20D 0.94 (vol 24186996 / avg20 25828500)
2025-08-19 15:15:26.658 | INFO     | __main__:job:146 - MT5 cycle: features=6 inserted=6 skipped=0
2025-08-19 15:15:31.695 | INFO     | __main__:job:146 - MT5 cycle: features=6 inserted=6 skipped=0
2025-08-19 15:15:36.735 | INFO     | __main__:job:146 - MT5 cycle: features=6 inserted=6 skipped=0
2025-08-19 15:15:41.781 | INFO     | __main__:job:146 - MT5 cycle: features=6 inserted=6 skipped=0
2025-08-19 15:15:46.838 | INFO     | __main__:job:146 - MT5 cycle: features=6 inserted=6 skipped=0
2025-08-19 15:15:51.878 | INFO     | __main__:job:146 - MT5 cycle: features=6 inserted=6 skipped=0
2025-08-19 15:15:55.090 | INFO     | __main__:main:433 - VIX 15.539999961853027
2025-08-19 15:15:56.724 | INFO     | __main__:main:451 - DXY 98.2699966430664 (DX-Y.NYB)
2025-08-19 15:15:56.922 | INFO     | __main__:job:146 - MT5 cycle: features=6 inserted=6 skipped=0
2025-08-19 15:16:01.981 | INFO     | __main__:job:146 - MT5 cycle: features=6 inserted=6 skipped=0
2025-08-19 15:16:06.999 | DEBUG    | __main__:main:154 - OK (sin alertas).
2025-08-19 15:16:07.040 | INFO     | __main__:job:146 - MT5 cycle: features=6 inserted=6 skipped=0
2025-08-19 15:16:12.093 | INFO     | __main__:job:146 - MT5 cycle: features=6 inserted=6 skipped=0
2025-08-19 15:16:17.160 | INFO     | __main__:job:146 - MT5 cycle: features=6 inserted=6 skipped=0
2025-08-19 15:16:22.219 | INFO     | __main__:job:146 - MT5 cycle: features=6 inserted=6 skipped=0
2025-08-19 15:16:27.281 | INFO     | __main__:job:146 - MT5 cycle: features=6 inserted=6 skipped=0
2025-08-19 15:16:32.319 | INFO     | __main__:job:146 - MT5 cycle: features=6 inserted=6 skipped=0
2025-08-19 15:16:37.362 | INFO     | __main__:job:146 - MT5 cycle: features=6 inserted=6 skipped=0
2025-08-19 15:16:42.422 | INFO     | __main__:job:146 - MT5 cycle: features=6 inserted=6 skipped=0
2025-08-19 15:16:47.487 | INFO     | __main__:job:146 - MT5 cycle: features=6 inserted=6 skipped=0
2025-08-19 15:16:52.548 | INFO     | __main__:job:146 - MT5 cycle: features=6 inserted=6 skipped=0
2025-08-19 15:16:57.351 | INFO     | __main__:main:433 - VIX 15.5
2025-08-19 15:16:57.656 | INFO     | __main__:job:146 - MT5 cycle: features=6 inserted=6 skipped=0
2025-08-19 15:16:57.984 | INFO     | __main__:main:451 - DXY 98.26799774169922 (DX-Y.NYB)
2025-08-19 15:17:02.697 | INFO     | __main__:job:146 - MT5 cycle: features=6 inserted=6 skipped=0
2025-08-19 15:17:07.050 | DEBUG    | __main__:main:154 - OK (sin alertas).
2025-08-19 15:17:07.768 | INFO     | __main__:job:146 - MT5 cycle: features=6 inserted=6 skipped=0
2025-08-19 15:17:12.861 | INFO     | __main__:job:146 - MT5 cycle: features=6 inserted=6 skipped=0
2025-08-19 15:17:17.935 | INFO     | __main__:job:146 - MT5 cycle: features=6 inserted=6 skipped=0
2025-08-19 15:17:23.021 | INFO     | __main__:job:146 - MT5 cycle: features=6 inserted=6 skipped=0
2025-08-19 15:17:28.098 | INFO     | __main__:job:146 - MT5 cycle: features=6 inserted=6 skipped=0
2025-08-19 15:17:33.162 | INFO     | __main__:job:146 - MT5 cycle: features=6 inserted=6 skipped=0
2025-08-19 15:17:38.245 | INFO     | __main__:job:146 - MT5 cycle: features=6 inserted=6 skipped=0
2025-08-19 15:17:43.319 | INFO     | __main__:job:146 - MT5 cycle: features=6 inserted=6 skipped=0
2025-08-19 15:17:48.390 | INFO     | __main__:job:146 - MT5 cycle: features=6 inserted=6 skipped=0
2025-08-19 15:17:53.467 | INFO     | __main__:job:146 - MT5 cycle: features=6 inserted=6 skipped=0
2025-08-19 15:17:58.539 | INFO     | __main__:job:146 - MT5 cycle: features=6 inserted=6 skipped=0
2025-08-19 15:18:03.616 | INFO     | __main__:job:146 - MT5 cycle: features=6 inserted=6 skipped=0
2025-08-19 15:18:07.101 | DEBUG    | __main__:main:154 - OK (sin alertas).
2025-08-19 15:18:08.722 | INFO     | __main__:job:146 - MT5 cycle: features=6 inserted=6 skipped=0
2025-08-19 15:18:11.590 | ERROR    | __main__:main:903 - Ciclo error: 'currentTradingPeriod'
Traceback (most recent call last):
  File "<frozen runpy>", line 198, in _run_module_as_main
  File "<frozen runpy>", line 88, in _run_code
  File "C:\Users\telmo\OneDrive\Escritorio\pro_trading\scripts\run_external_to_macro.py", line 918, in <module>
    main()
> File "C:\Users\telmo\OneDrive\Escritorio\pro_trading\scripts\run_external_to_macro.py", line 422, in main
    q_vix_raw = get_vix_quote()
  File "C:\Users\telmo\OneDrive\Escritorio\pro_trading\src\sources\yahoo_source.py", line 47, in get_vix_quote
    if info and getattr(info, "last_price", None) is not None:
  File "C:\Users\telmo\OneDrive\Escritorio\pro_trading\.venv\Lib\site-packages\yfinance\scrapers\quote.py", line 251, in last_price
    prices = self._get_1y_prices()
  File "C:\Users\telmo\OneDrive\Escritorio\pro_trading\.venv\Lib\site-packages\yfinance\scrapers\quote.py", line 136, in _get_1y_prices
    ctp = self._md["currentTradingPeriod"]
KeyError: 'currentTradingPeriod'
2025-08-19 15:18:13.800 | INFO     | __main__:job:146 - MT5 cycle: features=6 inserted=6 skipped=0
2025-08-19 15:18:18.907 | INFO     | __main__:job:146 - MT5 cycle: features=6 inserted=6 skipped=0
2025-08-19 15:18:18.923 | INFO     | __main__:main:433 - VIX 15.529999732971191
2025-08-19 15:18:22.837 | INFO     | __main__:main:451 - DXY 98.26699829101562 (DX-Y.NYB)
2025-08-19 15:18:23.987 | INFO     | __main__:job:146 - MT5 cycle: features=6 inserted=6 skipped=0
2025-08-19 15:18:29.070 | INFO     | __main__:job:146 - MT5 cycle: features=6 inserted=6 skipped=0
2025-08-19 15:18:34.172 | INFO     | __main__:job:146 - MT5 cycle: features=6 inserted=6 skipped=0
2025-08-19 15:18:39.251 | INFO     | __main__:job:146 - MT5 cycle: features=6 inserted=6 skipped=0
2025-08-19 15:18:44.473 | INFO     | __main__:job:146 - MT5 cycle: features=6 inserted=6 skipped=0
2025-08-19 15:18:49.540 | INFO     | __main__:job:146 - MT5 cycle: features=6 inserted=6 skipped=0
2025-08-19 15:18:54.663 | INFO     | __main__:job:146 - MT5 cycle: features=6 inserted=6 skipped=0
2025-08-19 15:18:59.748 | INFO     | __main__:job:146 - MT5 cycle: features=6 inserted=6 skipped=0
2025-08-19 15:19:04.832 | INFO     | __main__:job:146 - MT5 cycle: features=6 inserted=6 skipped=0
2025-08-19 15:19:07.146 | DEBUG    | __main__:main:154 - OK (sin alertas).
2025-08-19 15:19:09.905 | INFO     | __main__:job:146 - MT5 cycle: features=6 inserted=6 skipped=0
2025-08-19 15:19:14.981 | INFO     | __main__:job:146 - MT5 cycle: features=6 inserted=6 skipped=0
2025-08-19 15:19:20.063 | INFO     | __main__:job:146 - MT5 cycle: features=6 inserted=6 skipped=0
2025-08-19 15:19:20.484 | INFO     | __main__:main:433 - VIX 15.520000457763672
2025-08-19 15:19:25.141 | INFO     | __main__:job:146 - MT5 cycle: features=6 inserted=6 skipped=0
2025-08-19 15:19:30.216 | INFO     | __main__:job:146 - MT5 cycle: features=6 inserted=6 skipped=0
2025-08-19 15:19:32.094 | INFO     | __main__:main:451 - DXY 98.26699829101562 (DX-Y.NYB)
2025-08-19 15:19:35.322 | INFO     | __main__:job:146 - MT5 cycle: features=6 inserted=6 skipped=0
2025-08-19 15:19:40.385 | INFO     | __main__:job:146 - MT5 cycle: features=6 inserted=6 skipped=0
2025-08-19 15:19:45.431 | INFO     | __main__:job:146 - MT5 cycle: features=6 inserted=6 skipped=0
2025-08-19 15:19:50.274 | INFO     | __main__:main:397 - SKEW 153.9499969482422
2025-08-19 15:19:50.481 | INFO     | __main__:job:146 - MT5 cycle: features=6 inserted=6 skipped=0
2025-08-19 15:19:55.562 | INFO     | __main__:job:146 - MT5 cycle: features=6 inserted=6 skipped=0
2025-08-19 15:19:57.274 | INFO     | __main__:_upsert_yahoo_price:244 - COPPER 4.426499843597412
2025-08-19 15:20:00.630 | INFO     | __main__:job:146 - MT5 cycle: features=6 inserted=6 skipped=0
2025-08-19 15:20:05.662 | INFO     | __main__:_upsert_yahoo_price:244 - GOLD_FUT 3359.39990234375
2025-08-19 15:20:05.672 | INFO     | __main__:job:146 - MT5 cycle: features=6 inserted=6 skipped=0
2025-08-19 15:20:07.185 | DEBUG    | __main__:main:154 - OK (sin alertas).
2025-08-19 15:20:10.723 | INFO     | __main__:job:146 - MT5 cycle: features=6 inserted=6 skipped=0
2025-08-19 15:20:15.767 | INFO     | __main__:job:146 - MT5 cycle: features=6 inserted=6 skipped=0
2025-08-19 15:20:19.618 | INFO     | __main__:_upsert_yahoo_price:244 - HYG 80.37999725341797
2025-08-19 15:20:20.820 | INFO     | __main__:job:146 - MT5 cycle: features=6 inserted=6 skipped=0
2025-08-19 15:20:25.053 | INFO     | __main__:_upsert_yahoo_price:244 - LQD 109.70999908447266
2025-08-19 15:20:25.869 | INFO     | __main__:job:146 - MT5 cycle: features=6 inserted=6 skipped=0
2025-08-19 15:20:30.923 | INFO     | __main__:job:146 - MT5 cycle: features=6 inserted=6 skipped=0
2025-08-19 15:20:35.966 | INFO     | __main__:job:146 - MT5 cycle: features=6 inserted=6 skipped=0
2025-08-19 15:20:41.012 | INFO     | __main__:job:146 - MT5 cycle: features=6 inserted=6 skipped=0
2025-08-19 15:20:43.261 | INFO     | __main__:main:573 - CRYPTO F&G 56.0 (Greed)
2025-08-19 15:20:43.266 | INFO     | __main__:main:748 - HYG_LQD_RATIO 0.7326588088978866
2025-08-19 15:20:43.271 | INFO     | __main__:main:780 - COPPER_GOLD_RATIO 0.0013176459999624276
2025-08-19 15:20:46.065 | INFO     | __main__:job:146 - MT5 cycle: features=6 inserted=6 skipped=0
2025-08-19 15:20:51.111 | INFO     | __main__:job:146 - MT5 cycle: features=6 inserted=6 skipped=0
2025-08-19 15:20:56.158 | INFO     | __main__:job:146 - MT5 cycle: features=6 inserted=6 skipped=0
2025-08-19 15:21:01.214 | INFO     | __main__:job:146 - MT5 cycle: features=6 inserted=6 skipped=0
2025-08-19 15:21:06.262 | INFO     | __main__:job:146 - MT5 cycle: features=6 inserted=6 skipped=0
2025-08-19 15:21:07.218 | DEBUG    | __main__:main:154 - OK (sin alertas).
2025-08-19 15:21:11.310 | INFO     | __main__:job:146 - MT5 cycle: features=6 inserted=6 skipped=0
2025-08-19 15:21:16.366 | INFO     | __main__:job:146 - MT5 cycle: features=6 inserted=6 skipped=0
2025-08-19 15:21:21.420 | INFO     | __main__:job:146 - MT5 cycle: features=6 inserted=6 skipped=0
2025-08-19 15:21:26.468 | INFO     | __main__:job:146 - MT5 cycle: features=6 inserted=6 skipped=0
2025-08-19 15:21:31.554 | INFO     | __main__:job:146 - MT5 cycle: features=6 inserted=6 skipped=0
2025-08-19 15:21:32.035 | INFO     | __main__:main:850 - ADV-DEC 1.0 (A:5 D:4 U:0)
2025-08-19 15:21:36.599 | INFO     | __main__:job:146 - MT5 cycle: features=6 inserted=6 skipped=0
2025-08-19 15:21:41.649 | INFO     | __main__:job:146 - MT5 cycle: features=6 inserted=6 skipped=0
2025-08-19 15:21:46.693 | INFO     | __main__:job:146 - MT5 cycle: features=6 inserted=6 skipped=0
2025-08-19 15:21:51.737 | INFO     | __main__:job:146 - MT5 cycle: features=6 inserted=6 skipped=0
2025-08-19 15:21:56.790 | INFO     | __main__:job:146 - MT5 cycle: features=6 inserted=6 skipped=0
2025-08-19 15:22:01.849 | INFO     | __main__:job:146 - MT5 cycle: features=6 inserted=6 skipped=0
2025-08-19 15:22:06.894 | INFO     | __main__:job:146 - MT5 cycle: features=6 inserted=6 skipped=0
2025-08-19 15:22:07.242 | DEBUG    | __main__:main:154 - OK (sin alertas).
2025-08-19 15:22:07.658 | INFO     | __main__:main:894 - FNG_STOCKS 52.0 via https://money.cnn.com/data/fear-and-greed/
2025-08-19 15:22:11.945 | INFO     | __main__:job:146 - MT5 cycle: features=6 inserted=6 skipped=0
2025-08-19 15:22:16.991 | INFO     | __main__:job:146 - MT5 cycle: features=6 inserted=6 skipped=0
2025-08-19 15:22:22.046 | INFO     | __main__:job:146 - MT5 cycle: features=6 inserted=6 skipped=0
2025-08-19 15:22:27.092 | INFO     | __main__:job:146 - MT5 cycle: features=6 inserted=6 skipped=0
2025-08-19 15:22:27.752 | INFO     | __main__:main:337 - MOVE 81.8233
2025-08-19 15:22:30.930 | INFO     | __main__:main:352 - GVZ 14.819999694824219
2025-08-19 15:22:32.130 | INFO     | __main__:job:146 - MT5 cycle: features=6 inserted=6 skipped=0
2025-08-19 15:22:34.018 | INFO     | __main__:main:367 - OVX 33.040000915527344
2025-08-19 15:22:37.186 | INFO     | __main__:job:146 - MT5 cycle: features=6 inserted=6 skipped=0
2025-08-19 15:22:37.268 | INFO     | __main__:main:382 - VXN 19.260000228881836
2025-08-19 15:22:42.234 | INFO     | __main__:job:146 - MT5 cycle: features=6 inserted=6 skipped=0
2025-08-19 15:22:47.294 | INFO     | __main__:job:146 - MT5 cycle: features=6 inserted=6 skipped=0
2025-08-19 15:22:52.355 | INFO     | __main__:job:146 - MT5 cycle: features=6 inserted=6 skipped=0
2025-08-19 15:22:52.773 | INFO     | __main__:_upsert_simple_fred:227 - UST2Y 3.77 (FRED:DGS2)
2025-08-19 15:22:57.414 | INFO     | __main__:job:146 - MT5 cycle: features=6 inserted=6 skipped=0
2025-08-19 15:23:02.456 | INFO     | __main__:job:146 - MT5 cycle: features=6 inserted=6 skipped=0
2025-08-19 15:23:03.134 | INFO     | __main__:_upsert_simple_fred:227 - UST30Y 4.94 (FRED:DGS30)
2025-08-19 15:23:07.270 | DEBUG    | __main__:main:154 - OK (sin alertas).
2025-08-19 15:23:07.509 | INFO     | __main__:job:146 - MT5 cycle: features=6 inserted=6 skipped=0
2025-08-19 15:23:12.562 | INFO     | __main__:job:146 - MT5 cycle: features=6 inserted=6 skipped=0
2025-08-19 15:23:15.480 | INFO     | __main__:main:433 - VIX 15.520000457763672
2025-08-19 15:23:17.606 | INFO     | __main__:job:146 - MT5 cycle: features=6 inserted=6 skipped=0
2025-08-19 15:23:20.630 | INFO     | __main__:main:451 - DXY 98.2770004272461 (DX-Y.NYB)
2025-08-19 15:23:22.655 | INFO     | __main__:job:146 - MT5 cycle: features=6 inserted=6 skipped=0
2025-08-19 15:23:27.702 | INFO     | __main__:job:146 - MT5 cycle: features=6 inserted=6 skipped=0
2025-08-19 15:23:32.746 | INFO     | __main__:job:146 - MT5 cycle: features=6 inserted=6 skipped=0
2025-08-19 15:23:37.789 | INFO     | __main__:job:146 - MT5 cycle: features=6 inserted=6 skipped=0
2025-08-19 15:23:37.974 | INFO     | __main__:main:505 - UST10Y 4.34% (stored=0.0434) FRED
2025-08-19 15:23:42.829 | INFO     | __main__:job:146 - MT5 cycle: features=6 inserted=6 skipped=0
2025-08-19 15:23:47.876 | INFO     | __main__:job:146 - MT5 cycle: features=6 inserted=6 skipped=0
2025-08-19 15:23:51.564 | INFO     | __main__:main:678 - CALENDAR_BLOCK 0 | next=None
2025-08-19 15:23:51.570 | INFO     | __main__:main:716 - SPREAD_2S10S -3.7266
2025-08-19 15:23:52.924 | INFO     | __main__:job:146 - MT5 cycle: features=6 inserted=6 skipped=0
2025-08-19 15:23:53.455 | INFO     | __main__:main:873 - RELVOL_SPY_20D 0.89 (vol 62389103 / avg20 69981440)
2025-08-19 15:23:57.973 | INFO     | __main__:job:146 - MT5 cycle: features=6 inserted=6 skipped=0
2025-08-19 15:24:03.017 | INFO     | __main__:job:146 - MT5 cycle: features=6 inserted=6 skipped=0
2025-08-19 15:24:07.300 | DEBUG    | __main__:main:154 - OK (sin alertas).
2025-08-19 15:24:08.086 | INFO     | __main__:job:146 - MT5 cycle: features=6 inserted=6 skipped=0
2025-08-19 15:24:08.296 | INFO     | __main__:main:873 - RELVOL_HYG_20D 0.66 (vol 20987401 / avg20 31951215)
2025-08-19 15:24:10.006 | INFO     | __main__:main:873 - RELVOL_LQD_20D 0.94 (vol 24186996 / avg20 25828500)
2025-08-19 15:24:13.140 | INFO     | __main__:job:146 - MT5 cycle: features=6 inserted=6 skipped=0
2025-08-19 15:24:15.455 | INFO     | __main__:main:433 - VIX 15.539999961853027
2025-08-19 15:24:18.199 | INFO     | __main__:job:146 - MT5 cycle: features=6 inserted=6 skipped=0
2025-08-19 15:24:20.982 | INFO     | __main__:main:451 - DXY 98.27799987792969 (DX-Y.NYB)
2025-08-19 15:24:23.235 | INFO     | __main__:job:146 - MT5 cycle: features=6 inserted=6 skipped=0
2025-08-19 15:24:28.276 | INFO     | __main__:job:146 - MT5 cycle: features=6 inserted=6 skipped=0
2025-08-19 15:24:33.322 | INFO     | __main__:job:146 - MT5 cycle: features=6 inserted=6 skipped=0
2025-08-19 15:24:38.363 | INFO     | __main__:job:146 - MT5 cycle: features=6 inserted=6 skipped=0
2025-08-19 15:24:43.410 | INFO     | __main__:job:146 - MT5 cycle: features=6 inserted=6 skipped=0
2025-08-19 15:24:48.461 | INFO     | __main__:job:146 - MT5 cycle: features=6 inserted=6 skipped=0
2025-08-19 15:24:53.498 | INFO     | __main__:job:146 - MT5 cycle: features=6 inserted=6 skipped=0
2025-08-19 15:24:58.537 | INFO     | __main__:job:146 - MT5 cycle: features=6 inserted=6 skipped=0
2025-08-19 15:25:03.580 | INFO     | __main__:job:146 - MT5 cycle: features=6 inserted=6 skipped=0
2025-08-19 15:25:07.337 | DEBUG    | __main__:main:154 - OK (sin alertas).
2025-08-19 15:25:08.630 | INFO     | __main__:job:146 - MT5 cycle: features=6 inserted=6 skipped=0
2025-08-19 15:25:13.668 | INFO     | __main__:job:146 - MT5 cycle: features=6 inserted=6 skipped=0
2025-08-19 15:25:16.895 | INFO     | __main__:main:433 - VIX 15.539999961853027
2025-08-19 15:25:18.712 | INFO     | __main__:job:146 - MT5 cycle: features=6 inserted=6 skipped=0
2025-08-19 15:25:23.751 | INFO     | __main__:job:146 - MT5 cycle: features=6 inserted=6 skipped=0
2025-08-19 15:25:27.158 | INFO     | __main__:main:451 - DXY 98.27899932861328 (DX-Y.NYB)
2025-08-19 15:25:28.792 | INFO     | __main__:job:146 - MT5 cycle: features=6 inserted=6 skipped=0
2025-08-19 15:25:33.844 | INFO     | __main__:job:146 - MT5 cycle: features=6 inserted=6 skipped=0
2025-08-19 15:25:38.888 | INFO     | __main__:job:146 - MT5 cycle: features=6 inserted=6 skipped=0
2025-08-19 15:25:43.927 | INFO     | __main__:job:146 - MT5 cycle: features=6 inserted=6 skipped=0
2025-08-19 15:25:48.971 | INFO     | __main__:job:146 - MT5 cycle: features=6 inserted=6 skipped=0
2025-08-19 15:25:54.012 | INFO     | __main__:job:146 - MT5 cycle: features=6 inserted=6 skipped=0
2025-08-19 15:25:59.058 | INFO     | __main__:job:146 - MT5 cycle: features=6 inserted=6 skipped=0
2025-08-19 15:26:04.098 | INFO     | __main__:job:146 - MT5 cycle: features=6 inserted=6 skipped=0
2025-08-19 15:26:07.367 | DEBUG    | __main__:main:154 - OK (sin alertas).
2025-08-19 15:26:09.142 | INFO     | __main__:job:146 - MT5 cycle: features=6 inserted=6 skipped=0
2025-08-19 15:26:14.186 | INFO     | __main__:job:146 - MT5 cycle: features=6 inserted=6 skipped=0
2025-08-19 15:26:15.858 | INFO     | __main__:main:433 - VIX 15.569999694824219
2025-08-19 15:26:19.237 | INFO     | __main__:job:146 - MT5 cycle: features=6 inserted=6 skipped=0
2025-08-19 15:26:24.197 | INFO     | __main__:main:451 - DXY 98.2760009765625 (DX-Y.NYB)
2025-08-19 15:26:24.286 | INFO     | __main__:job:146 - MT5 cycle: features=6 inserted=6 skipped=0
2025-08-19 15:26:29.354 | INFO     | __main__:job:146 - MT5 cycle: features=6 inserted=6 skipped=0
2025-08-19 15:26:34.396 | INFO     | __main__:job:146 - MT5 cycle: features=6 inserted=6 skipped=0
2025-08-19 15:26:39.463 | INFO     | __main__:job:146 - MT5 cycle: features=6 inserted=6 skipped=0
2025-08-19 15:26:44.562 | INFO     | __main__:job:146 - MT5 cycle: features=6 inserted=6 skipped=0
2025-08-19 15:26:49.617 | INFO     | __main__:job:146 - MT5 cycle: features=6 inserted=6 skipped=0
2025-08-19 15:26:54.667 | INFO     | __main__:job:146 - MT5 cycle: features=6 inserted=6 skipped=0
2025-08-19 15:26:59.735 | INFO     | __main__:job:146 - MT5 cycle: features=6 inserted=6 skipped=0
2025-08-19 15:27:04.849 | INFO     | __main__:job:146 - MT5 cycle: features=6 inserted=6 skipped=0
2025-08-19 15:27:07.419 | DEBUG    | __main__:main:154 - OK (sin alertas).
2025-08-19 15:27:10.049 | INFO     | __main__:job:146 - MT5 cycle: features=6 inserted=6 skipped=0
2025-08-19 15:27:15.117 | INFO     | __main__:job:146 - MT5 cycle: features=6 inserted=6 skipped=0
2025-08-19 15:27:19.797 | INFO     | __main__:main:337 - MOVE 81.82330322265625
2025-08-19 15:27:20.173 | INFO     | __main__:job:146 - MT5 cycle: features=6 inserted=6 skipped=0
2025-08-19 15:27:24.316 | INFO     | __main__:main:352 - GVZ 14.819999694824219
2025-08-19 15:27:25.227 | INFO     | __main__:job:146 - MT5 cycle: features=6 inserted=6 skipped=0
2025-08-19 15:27:27.316 | INFO     | __main__:main:367 - OVX 33.040000915527344
2025-08-19 15:27:30.282 | INFO     | __main__:job:146 - MT5 cycle: features=6 inserted=6 skipped=0
2025-08-19 15:27:33.416 | INFO     | __main__:main:382 - VXN 19.3700008392334
2025-08-19 15:27:35.352 | INFO     | __main__:job:146 - MT5 cycle: features=6 inserted=6 skipped=0
2025-08-19 15:27:40.411 | INFO     | __main__:job:146 - MT5 cycle: features=6 inserted=6 skipped=0
2025-08-19 15:27:45.481 | INFO     | __main__:job:146 - MT5 cycle: features=6 inserted=6 skipped=0
2025-08-19 15:27:50.543 | INFO     | __main__:job:146 - MT5 cycle: features=6 inserted=6 skipped=0
2025-08-19 15:27:52.742 | INFO     | __main__:_upsert_simple_fred:227 - UST2Y 3.77 (FRED:DGS2)
2025-08-19 15:27:55.607 | INFO     | __main__:job:146 - MT5 cycle: features=6 inserted=6 skipped=0
2025-08-19 15:28:00.688 | INFO     | __main__:job:146 - MT5 cycle: features=6 inserted=6 skipped=0
2025-08-19 15:28:05.761 | INFO     | __main__:job:146 - MT5 cycle: features=6 inserted=6 skipped=0
2025-08-19 15:28:07.463 | DEBUG    | __main__:main:154 - OK (sin alertas).
2025-08-19 15:28:10.626 | INFO     | __main__:_upsert_simple_fred:227 - UST30Y 4.94 (FRED:DGS30)
2025-08-19 15:28:10.831 | INFO     | __main__:job:146 - MT5 cycle: features=6 inserted=6 skipped=0
2025-08-19 15:28:15.920 | INFO     | __main__:job:146 - MT5 cycle: features=6 inserted=6 skipped=0
2025-08-19 15:28:20.987 | INFO     | __main__:job:146 - MT5 cycle: features=6 inserted=6 skipped=0
2025-08-19 15:28:22.022 | INFO     | __main__:main:505 - UST10Y 4.34% (stored=0.0434) FRED
2025-08-19 15:28:26.024 | INFO     | __main__:job:146 - MT5 cycle: features=6 inserted=6 skipped=0
2025-08-19 15:28:31.068 | INFO     | __main__:job:146 - MT5 cycle: features=6 inserted=6 skipped=0
2025-08-19 15:28:36.110 | INFO     | __main__:job:146 - MT5 cycle: features=6 inserted=6 skipped=0
2025-08-19 15:28:41.182 | INFO     | __main__:job:146 - MT5 cycle: features=6 inserted=6 skipped=0
2025-08-19 15:28:46.239 | INFO     | __main__:job:146 - MT5 cycle: features=6 inserted=6 skipped=0
2025-08-19 15:28:50.077 | INFO     | __main__:main:678 - CALENDAR_BLOCK 0 | next=None
2025-08-19 15:28:50.081 | INFO     | __main__:main:716 - SPREAD_2S10S -3.7266
2025-08-19 15:28:51.290 | INFO     | __main__:job:146 - MT5 cycle: features=6 inserted=6 skipped=0
2025-08-19 15:28:52.111 | INFO     | __main__:main:873 - RELVOL_SPY_20D 0.89 (vol 62389103 / avg20 69981440)
2025-08-19 15:28:53.933 | INFO     | __main__:main:873 - RELVOL_QQQ_20D 1.19 (vol 52230088 / avg20 43942109)
2025-08-19 15:28:55.362 | INFO     | __main__:main:873 - RELVOL_HYG_20D 0.66 (vol 20987401 / avg20 31951215)
2025-08-19 15:28:56.353 | INFO     | __main__:job:146 - MT5 cycle: features=6 inserted=6 skipped=0
2025-08-19 15:28:56.658 | INFO     | __main__:main:873 - RELVOL_LQD_20D 0.94 (vol 24186996 / avg20 25828500)
2025-08-19 15:29:01.401 | INFO     | __main__:job:146 - MT5 cycle: features=6 inserted=6 skipped=0
2025-08-19 15:29:05.752 | INFO     | __main__:main:433 - VIX 15.579999923706055
2025-08-19 15:29:06.460 | INFO     | __main__:job:146 - MT5 cycle: features=6 inserted=6 skipped=0
2025-08-19 15:29:07.507 | DEBUG    | __main__:main:154 - OK (sin alertas).
2025-08-19 15:29:11.520 | INFO     | __main__:job:146 - MT5 cycle: features=6 inserted=6 skipped=0
2025-08-19 15:29:16.618 | INFO     | __main__:job:146 - MT5 cycle: features=6 inserted=6 skipped=0
2025-08-19 15:29:16.912 | INFO     | __main__:main:451 - DXY 98.27400207519531 (DX-Y.NYB)
2025-08-19 15:29:21.668 | INFO     | __main__:job:146 - MT5 cycle: features=6 inserted=6 skipped=0
2025-08-19 15:29:26.728 | INFO     | __main__:job:146 - MT5 cycle: features=6 inserted=6 skipped=0
2025-08-19 15:29:31.776 | INFO     | __main__:job:146 - MT5 cycle: features=6 inserted=6 skipped=0
2025-08-19 15:29:36.826 | INFO     | __main__:job:146 - MT5 cycle: features=6 inserted=6 skipped=0
2025-08-19 15:29:41.867 | INFO     | __main__:job:146 - MT5 cycle: features=6 inserted=6 skipped=0
2025-08-19 15:29:46.938 | INFO     | __main__:job:146 - MT5 cycle: features=6 inserted=6 skipped=0
2025-08-19 15:29:52.000 | INFO     | __main__:job:146 - MT5 cycle: features=6 inserted=6 skipped=0
2025-08-19 15:29:57.089 | INFO     | __main__:job:146 - MT5 cycle: features=6 inserted=6 skipped=0
2025-08-19 15:30:02.182 | INFO     | __main__:job:146 - MT5 cycle: features=6 inserted=6 skipped=0
2025-08-19 15:30:05.786 | INFO     | __main__:main:433 - VIX 15.569999694824219
2025-08-19 15:30:07.275 | INFO     | __main__:job:146 - MT5 cycle: features=6 inserted=6 skipped=0
2025-08-19 15:30:07.540 | DEBUG    | __main__:main:154 - OK (sin alertas).
2025-08-19 15:30:12.330 | INFO     | __main__:main:451 - DXY 98.27400207519531 (DX-Y.NYB)
2025-08-19 15:30:12.346 | INFO     | __main__:job:146 - MT5 cycle: features=6 inserted=6 skipped=0
2025-08-19 15:30:17.390 | INFO     | __main__:job:146 - MT5 cycle: features=6 inserted=6 skipped=0
2025-08-19 15:30:22.429 | INFO     | __main__:job:146 - MT5 cycle: features=6 inserted=6 skipped=0
2025-08-19 15:30:27.472 | INFO     | __main__:job:146 - MT5 cycle: features=6 inserted=6 skipped=0
2025-08-19 15:30:32.522 | INFO     | __main__:job:146 - MT5 cycle: features=6 inserted=6 skipped=0
2025-08-19 15:30:37.560 | INFO     | __main__:job:146 - MT5 cycle: features=6 inserted=6 skipped=0
2025-08-19 15:30:42.599 | INFO     | __main__:job:146 - MT5 cycle: features=6 inserted=6 skipped=0
2025-08-19 15:30:47.666 | INFO     | __main__:job:146 - MT5 cycle: features=6 inserted=6 skipped=0
2025-08-19 15:30:53.038 | INFO     | __main__:job:146 - MT5 cycle: features=6 inserted=6 skipped=0
2025-08-19 16:46:03.439 | ERROR    | __main__:main:903 - Ciclo error: 'currentTradingPeriod'
Traceback (most recent call last):
  File "<frozen runpy>", line 198, in _run_module_as_main
  File "<frozen runpy>", line 88, in _run_code
  File "C:\Users\telmo\OneDrive\Escritorio\pro_trading\scripts\run_external_to_macro.py", line 918, in <module>
    main()
> File "C:\Users\telmo\OneDrive\Escritorio\pro_trading\scripts\run_external_to_macro.py", line 327, in main
    q = get_move_quote()
  File "C:\Users\telmo\OneDrive\Escritorio\pro_trading\src\sources\yahoo_source.py", line 141, in get_move_quote
    return get_yahoo_index_quote("^MOVE")
  File "C:\Users\telmo\OneDrive\Escritorio\pro_trading\src\sources\yahoo_source.py", line 130, in get_yahoo_index_quote
    if info and getattr(info, "last_price", None) is not None:
  File "C:\Users\telmo\OneDrive\Escritorio\pro_trading\.venv\Lib\site-packages\yfinance\scrapers\quote.py", line 251, in last_price
    prices = self._get_1y_prices()
  File "C:\Users\telmo\OneDrive\Escritorio\pro_trading\.venv\Lib\site-packages\yfinance\scrapers\quote.py", line 136, in _get_1y_prices
    ctp = self._md["currentTradingPeriod"]
KeyError: 'currentTradingPeriod'
2025-08-19 16:46:04.056 | WARNING  | __main__:check_features:92 - ⚠️ feature_lag | %s age=%ss > thr=%ss | %s
2025-08-19 16:46:04.092 | INFO     | __main__:job:146 - MT5 cycle: features=6 inserted=6 skipped=0
2025-08-19 16:46:04.103 | WARNING  | __main__:check_features:92 - ⚠️ feature_lag | %s age=%ss > thr=%ss | %s
2025-08-19 16:46:04.113 | WARNING  | __main__:check_features:92 - ⚠️ feature_lag | %s age=%ss > thr=%ss | %s
2025-08-19 16:46:04.130 | WARNING  | __main__:check_features:92 - ⚠️ feature_lag | %s age=%ss > thr=%ss | %s
2025-08-19 16:46:04.167 | WARNING  | __main__:check_features:92 - ⚠️ feature_lag | %s age=%ss > thr=%ss | %s
2025-08-19 16:46:04.186 | WARNING  | __main__:check_features:92 - ⚠️ feature_lag | %s age=%ss > thr=%ss | %s
2025-08-19 16:46:04.201 | WARNING  | __main__:check_features:92 - ⚠️ feature_lag | %s age=%ss > thr=%ss | %s
2025-08-19 16:46:04.212 | WARNING  | __main__:check_features:92 - ⚠️ feature_lag | %s age=%ss > thr=%ss | %s
2025-08-19 16:46:04.220 | WARNING  | __main__:check_features:92 - ⚠️ feature_lag | %s age=%ss > thr=%ss | %s
2025-08-19 16:46:04.233 | WARNING  | __main__:check_features:92 - ⚠️ feature_lag | %s age=%ss > thr=%ss | %s
2025-08-19 16:46:04.241 | WARNING  | __main__:check_features:92 - ⚠️ feature_lag | %s age=%ss > thr=%ss | %s
2025-08-19 16:46:04.251 | WARNING  | __main__:check_features:92 - ⚠️ feature_lag | %s age=%ss > thr=%ss | %s
2025-08-19 16:46:04.258 | WARNING  | __main__:check_features:92 - ⚠️ feature_lag | %s age=%ss > thr=%ss | %s
2025-08-19 16:46:04.265 | WARNING  | __main__:check_features:92 - ⚠️ feature_lag | %s age=%ss > thr=%ss | %s
2025-08-19 16:46:04.271 | WARNING  | __main__:check_features:92 - ⚠️ feature_lag | %s age=%ss > thr=%ss | %s
2025-08-19 16:46:04.275 | WARNING  | __main__:check_features:92 - ⚠️ feature_lag | %s age=%ss > thr=%ss | %s
2025-08-19 16:46:04.280 | WARNING  | __main__:check_features:92 - ⚠️ feature_lag | %s age=%ss > thr=%ss | %s
2025-08-19 16:46:04.291 | WARNING  | __main__:check_features:92 - ⚠️ feature_lag | %s age=%ss > thr=%ss | %s
2025-08-19 16:46:04.310 | WARNING  | __main__:check_features:92 - ⚠️ feature_lag | %s age=%ss > thr=%ss | %s
2025-08-19 16:46:04.323 | WARNING  | __main__:check_features:92 - ⚠️ feature_lag | %s age=%ss > thr=%ss | %s
2025-08-19 16:46:04.337 | WARNING  | __main__:check_features:92 - ⚠️ feature_lag | %s age=%ss > thr=%ss | %s
2025-08-19 16:46:04.353 | WARNING  | __main__:check_features:92 - ⚠️ feature_lag | %s age=%ss > thr=%ss | %s
2025-08-19 16:46:04.365 | WARNING  | __main__:check_features:92 - ⚠️ feature_lag | %s age=%ss > thr=%ss | %s
2025-08-19 16:46:04.372 | WARNING  | __main__:check_features:92 - ⚠️ feature_lag | %s age=%ss > thr=%ss | %s
2025-08-19 16:46:04.378 | WARNING  | __main__:check_features:92 - ⚠️ feature_lag | %s age=%ss > thr=%ss | %s
2025-08-19 16:46:04.394 | WARNING  | __main__:check_features:92 - ⚠️ feature_lag | %s age=%ss > thr=%ss | %s
2025-08-19 16:46:04.401 | WARNING  | __main__:check_features:92 - ⚠️ feature_lag | %s age=%ss > thr=%ss | %s
2025-08-19 16:46:04.410 | WARNING  | __main__:check_features:92 - ⚠️ feature_lag | %s age=%ss > thr=%ss | %s
2025-08-19 16:46:04.415 | WARNING  | __main__:check_features:92 - ⚠️ feature_lag | %s age=%ss > thr=%ss | %s
2025-08-19 16:46:04.421 | WARNING  | __main__:check_features:92 - ⚠️ feature_lag | %s age=%ss > thr=%ss | %s
2025-08-19 16:46:04.430 | WARNING  | __main__:check_features:92 - ⚠️ feature_lag | %s age=%ss > thr=%ss | %s
2025-08-19 16:46:04.439 | WARNING  | __main__:check_features:92 - ⚠️ feature_lag | %s age=%ss > thr=%ss | %s
2025-08-19 16:46:04.451 | WARNING  | __main__:check_features:92 - ⚠️ feature_lag | %s age=%ss > thr=%ss | %s
2025-08-19 16:46:04.461 | WARNING  | __main__:check_features:92 - ⚠️ feature_lag | %s age=%ss > thr=%ss | %s
2025-08-19 16:46:04.469 | WARNING  | __main__:check_features:92 - ⚠️ feature_lag | %s age=%ss > thr=%ss | %s
2025-08-19 16:46:04.473 | WARNING  | __main__:check_features:92 - ⚠️ feature_lag | %s age=%ss > thr=%ss | %s
2025-08-19 16:46:04.479 | WARNING  | __main__:check_features:92 - ⚠️ feature_lag | %s age=%ss > thr=%ss | %s
2025-08-19 16:46:04.484 | WARNING  | __main__:check_features:92 - ⚠️ feature_lag | %s age=%ss > thr=%ss | %s
2025-08-19 16:46:04.492 | WARNING  | __main__:check_features:92 - ⚠️ feature_lag | %s age=%ss > thr=%ss | %s
2025-08-19 16:46:04.497 | WARNING  | __main__:check_features:92 - ⚠️ feature_lag | %s age=%ss > thr=%ss | %s
2025-08-19 16:46:04.506 | WARNING  | __main__:check_features:92 - ⚠️ feature_lag | %s age=%ss > thr=%ss | %s
2025-08-19 16:46:04.518 | WARNING  | __main__:check_features:92 - ⚠️ feature_lag | %s age=%ss > thr=%ss | %s
2025-08-19 16:46:04.538 | WARNING  | __main__:check_evaluator:122 - ⚠️ evaluator_idle | %s age=%ss > thr=%ss | %s
2025-08-19 16:46:04.564 | WARNING  | __main__:check_evaluator:122 - ⚠️ evaluator_idle | %s age=%ss > thr=%ss | %s
2025-08-19 16:46:04.600 | WARNING  | __main__:check_evaluator:122 - ⚠️ evaluator_idle | %s age=%ss > thr=%ss | %s
